project_id,title_clean,architect,city,country,typology,massing_type,climate_bin,year_completed,description_short,confidence_score
p_anjuman_school_teynampet_chennai_ksm_arc_1034548,Anjuman School Teynampet Chennai,KSM Arc,Chennai,India,school,fragmented,tropical,2024,Anjuman School Teynampet is a modern educational facility designed to enhance learning through innovative spaces.,0.9
p_anren_culture_center_for_sect_of_great_c_1032785,Anren Culture Center For Sect Of Great C,Design Institute of Landscape and Architecture,Anren,China,cultural center,fragmented,tropical,2024,The Anren Culture Center serves as a vibrant location for cultural activities and community engagement.,0.8
p_antonio_raimondi_college_library_territo_1030084,Antonio Raimondi College Library,Territo,Lima,Peru,library,linear,tropical,2024,A modern library designed to foster learning and collaboration among college students.,0.8
p_as_above_so_below_khaa_kuo_huang_and_ass_1035348,As Above So Below,Khaa Kuo Huang And Ass,Changhua,Taiwan,cultural,fragmented,tropical,2024,A cultural space designed for community interaction and artistic endeavors.,0.8
p_as_salam_mosque_archeground_ltd_1030739,As Salam Mosque,Archeground Ltd,unknown,Bangladesh,religious,fragmented,tropical,2024,As Salam Mosque is a contemporary mosque design focused on community interaction and worship.,0.8
p_atipografia_threshold_and_treasure_galle_993445,Atipografia Threshold And Treasure Galle,Atipografia,Galle,Sri Lanka,Cultural,fragmented,tropical,2024,A transformative cultural space in Galle that connects community and art.,0.8
p_barrancos_mortuary_mesa_atelier_1033276,Barrancos Mortuary,Mesa Atelier,Barrancos,Spain,Mortuary,fragmented,temperate,2024,A contemporary mortuary designed to facilitate memorial services in a tranquil environment.,0.8
p_basilica_di_massenzio_exhibition_pathway_1035088,Basilica Di Massenzio Exhibition Pathway,Unknown,Rome,Italy,Cultural,linear,Mediterranean,2024,A designed pathway for exhibitions at the Basilica Di Massenzio in Rome.,0.8
p_beijing_751_library_do_union_architectur_1020683,Beijing 751 Library,Do Union Architect,Beijing,China,library,fragmented,temperate,2024,The Beijing 751 Library is a modern public library designed to foster community engagement through innovative spaces.,0.85
p_beijing_sub_center_library_sn_hetta_1024024,Beijing Sub Center Library,Snøhetta,Beijing,China,Library,fragmented,temperate,2024,The Beijing Sub Center Library designed by Snøhetta is a modern cultural landmark that serves as a community hub.,0.8
p_bloomberg_student_center_big_rockwell_gr_1035127,Bloomberg Student Center,Rockwell Group,Baltimore,United States,student center,fragmented,temperate,2024,The Bloomberg Student Center is an innovative facility designed for student engagement and collaboration.,0.8
p_brixen_public_library_carlana_mezzalira_1026833,Brixen Public Library,Carlana Mezzalira,Brixen,Italy,library,fragmented,temperate,2024,The Brixen Public Library is a contemporary space designed to foster community engagement and learning.,0.8
p_calder_gardens_museum_herzog_de_meuron_1034362,Calder Gardens Museum,Herzog & de Meuron,Philadelphia,United States,Museum,fragmented,temperate,2024,Calder Gardens Museum is a modern art institution designed by Herzog & de Meuron in Philadelphia.,0.8
p_canopy_blue_temple_1035642,Canopy Blue Temple,Unknown,Unknown,Unknown,Religious,pavilion,tropical,2024,The Canopy Blue Temple is a spiritual structure that harmonizes with its natural surroundings and promotes community engagement.,0.8
p_center_for_intangible_cultural_heritage_1035396,Center For Intangible Cultural Heritage,Unknown Architect,Unknown City,South Korea,Cultural Center,linear,temperate,2024,A cultural center designed to celebrate and preserve intangible heritage.,0.8
p_charlotte_william_bloomberg_medford_publ_987376,Medford Public Library,Charlotte William Bloomberg,Medford,United States,library,linear,temperate,2024,A modern public library designed to foster community engagement and learning.,0.8
p_chazal_school_renovation_and_playground_1035078,Chazal School Renovation And Playground,Unknown,Brussels,Belgium,School,fragmented,temperate,2024,Renovation project focusing on both educational facilities and outdoor play areas.,0.8
p_chieng_ban_kindergarten_1_1_2_architects_1034717,Chieng Ban Kindergarten,1 1 2 Architects,Chieng Ban,Vietnam,school,courtyard,tropical,2024,A modern kindergarten designed with a focus on child-friendly spaces and sustainability.,0.8
p_china_national_convention_center_phase_i_1034910,China National Convention Center Phase I,Design Institute of Building and Planning,Beijing,China,Convention Center,clustered,temperate,2024,The China National Convention Center Phase I is a key exhibition venue in Beijing designed for hosting large events.,0.8
p_church_borderouge_studio_aqui_triptyque_1031762,Church Borderouge,Studio Aqui,Toulouse,France,Religious,fragmented,temperate,2024,Church Borderouge is a modern community church designed for worship and social gatherings.,0.8
p_church_of_joy_department_of_architecture_1026972,Church Of Joy,Department Of Architecture,Bangkok,Thailand,religious,pavilion,tropical,2024,The Church Of Joy is a modern religious building designed for community worship and events.,0.8
p_claremont_mckenna_college_robert_day_sci_1034623,Robert Day Science Center Exteriors,ZGF Architects,Claremont,United States,Educational Facility,linear,temperate,2024,The Robert Day Science Center at Claremont McKenna College serves as a hub for science education.,0.9
p_codec_training_centre_kuakata_community_1034720,Codec Training Centre Kuakata Community,Unknown,Kuakata,Bangladesh,Educational,clustered,tropical,2024,The Codec Training Centre in Kuakata serves as a community hub for education and skill development.,0.8
p_collector_s_house_museum_atelier_data_1024946,Collector S House Museum Atelier,Unknown,Unknown,Portugal,Museum,fragmented,temperate,2024,"A new museum and studio space for collectors, blending art and nature.",0.8
p_coonawarra_willam_aquatic_centre_ivanhoe_1035598,Coonawarra Willam Aquatic Centre,Willam Architects,Ivanhoe,Australia,Aquatic Centre,linear,temperate,2024,A state-of-the-art aquatic centre designed to serve the Ivanhoe community.,0.8
p_cube_workshop_building_civic_architects_1034679,Cube Workshop Building,Civic Architects,Amsterdam,Netherlands,workshop,fragmented,temperate,2024,Cube Workshop Building is a dynamic workspace designed to foster creativity and collaboration among artisans.,0.8
p_datta_vihara_shrine_karan_darda_architec_1029737,Datta Vihara Shrine,Karan Darda,Undisclosed,India,Religious,pavilion,tropical,2024,The Datta Vihara Shrine serves as a serene spiritual space that integrates with its natural surroundings.,0.85
p_david_rubenstein_treehouse_harvard_unive_1035475,David Rubenstein Treehouse,Renzo Piano,Cambridge,United States,educational,pavilion,temperate,2024,A unique treehouse-style educational facility at Harvard University.,0.8
p_devalera_library_and_suil_gallery_keith_1029820,Devalera Library And Suil Gallery,Keith,Unknown,Ireland,library,linear,temperate,2024,A contemporary library and gallery designed to foster community engagement and promote culture.,0.8
p_diriyah_art_futures_contemporary_art_hub_1023785,Diriyah Art Futures Contemporary Art Hub,Unknown,Diriyah,Saudi Arabia,Cultural,fragmented,arid,2024,"A contemporary art hub designed to foster cultural exchange and creativity in Diriyah, Saudi Arabia.",0.8
p_dom_turka_house_of_remembrance_tremend_1032509,Dom Turka House Of Remembrance,Tremend,Tremend,Poland,cultural,courtyard,temperate,2024,A contemporary cultural space designed for remembrance and reflection.,0.8
p_educational_area_of_the_exhibition_a_riv_1035308,Educational Area Of The Exhibition A Riv,Unknown,Unknown,Unknown,Educational,fragmented,temperate,2024,A modern educational facility designed to foster interactive learning through innovative exhibition spaces.,0.8
p_elementary_school_at_le_grand_lemps_fran_935357,Elementary School At Le Grand Lemps,Not specified,Le Grand Lemps,France,School,courtyard,temperate,2024,A modern elementary school designed to foster learning and interaction.,0.8
p_elisabeth_and_robert_badinter_elementary_1034682,Elisabeth And Robert Badinter Elementary,Unknown,Unknown City,France,School,linear,temperate,2024,A modern elementary school focused on sustainability and educational innovation.,0.8
p_event_hall_l_agora_and_ernest_hemingway_1029943,Event Hall L Agora,Unknown,Unknown,France,event hall,pavilion,temperate,2024,Event Hall L Agora is a contemporary multi-purpose venue for cultural and community events.,0.8
p_far_rockaway_library_sn_hetta_1022953,Far Rockaway Library,Snøhetta,Far Rockaway,United States,library,fragmented,temperate,2024,The Far Rockaway Library is designed as a vibrant community hub that provides educational resources and spaces.,0.8
p_fenix_art_museum_mad_architects_1030328,Fenix Art Museum,MAD Architects,Rotterdam,Netherlands,museum,fragmented,temperate,2024,"A contemporary art museum designed by MAD Architects, emphasizing connectivity with the urban environment.",0.85
p_five_finger_pavilion_yxdesigners_1034978,Five Finger Pavilion,Yxdesigners,,,pavilion,pavilion,temperate,2024,A modern pavilion designed for cultural exhibitions.,0.8
p_flower_on_hillside_community_library_st_1027318,Flower On Hillside Community Library,Unknown,Unknown,Unknown,library,fragmented,tropical,2024,A community library designed to blend with the hillside and provide a welcoming space for learning.,0.8
p_frihamnskyrkan_church_elding_oscarson_1025436,Frihamnskyrkan Church,Elding Oscarson,Gothenburg,Sweden,religious,fragmented,temperate,2024,Frihamnskyrkan Church is a contemporary religious structure designed by Elding Oscarson that integrates community functions within a serene environment.,0.8
p_gabrielle_roy_library_saucier_perrotte_a_1028861,Gabrielle Roy Library,Saucier Perrotte,Quebec City,Canada,library,fragmented,temperate,2024,The Gabrielle Roy Library is a modern public library designed to foster community engagement and knowledge sharing.,0.8
p_ganga_leheri_temple_abin_design_studio_1030472,Ganga Leheri Temple,Abin Design Studio,Kolkata,India,Religious,fragmented,tropical,2024,The Ganga Leheri Temple is a modern religious structure that embodies cultural significance.,0.8
p_gersthof_model_school_renovation_and_con_1034672,Gersthof Model School Renovation And Con,Unknown,Vienna,Austria,school,fragmented,temperate,2024,The Gersthof Model School renovation enhances educational facilities with a modern design.,0.8
p_gimle_4_student_housing_code_arkitektur_1034566,Gimle 4 Student Housing,Code Arkitektur,Oslo,Norway,Student Housing,linear,temperate,2024,"Gimle 4 is a modern student housing project in Oslo, designed to foster community among students.",0.8
p_grentschel_school_extension_ahaa_1034558,Grentschel School Extension,Ahaa,Baden,Switzerland,School,fragmented,temperate,2024,A modern extension to the Grentschel School enhancing educational facilities.,0.85
p_guir_y_ro_bocar_library_croixmariebourdo_1023026,Guir Y Ro Bocar Library Croixmariebourdo,P Guir Y Ro Bocar,Croixmariebourdo,Unknown Country,library,courtyard,temperate,2024,A modern library designed to foster community engagement and learning through innovative spaces.,0.8
p_h_jvangen_church_henning_larsen_espen_su_1031123,H Jvangen Church,Henning Larsen,Henning,Denmark,Religious,linear,temperate,2024,"H Jvangen Church is a modern, community-focused place of worship in Denmark, emphasizing natural materials and sustainability.",0.85
p_h_l_ne_carr_re_d_encausse_school_archi5_1035464,Re D Encausse School,Archi5,Hénin-Beaumont,France,school,linear,temperate,2024,A contemporary educational facility emphasizing community engagement and sustainability.,0.8
p_hadrovi_a_mosque_arhingin_enjering_1026861,Hadrovi A Mosque,Arhingin Enjering,Tivat,Montenegro,religious,fragmented,temperate,2024,A contemporary mosque designed to accommodate community worship and activities.,0.8
p_hagen_house_nendeln_cukrowicz_nachbaur_a_1034624,Hagen House Nendeln,Cukrowicz Nachbaur,Nendeln,Liechtenstein,Residential,compact,temperate,2024,Hagen House is a contemporary residential project designed to harmonize with its landscape.,0.8
p_haksanjae_private_library_and_residence_1032024,Haksanjae Private Library And Residence,P,,South Korea,library/residential,fragmented,temperate,2024,"A harmonious blend of a private library and residence, fostering both living and learning.",0.8
p_haus_der_digitalisierung_tulln_kronaus_m_1022449,Haus Der Digitalisierung,Kronaus M,Tulln,Austria,Cultural Center,fragmented,temperate,2024,Haus Der Digitalisierung is a new cultural center in Tulln designed for digital education and community engagement.,0.8
p_hiraya_pavilion_in_sapporo_ykaa_1035509,Hiraya Pavilion,Ykaa,Sapporo,Japan,Pavilion,pavilion,temperate,2024,Hiraya Pavilion is a cultural space in Sapporo that fosters interaction with the natural landscape.,0.8
p_hortensia_herrero_art_center_erre_1013611,Hortensia Herrero Art Center,Erre,Valencia,Spain,Cultural Center,fragmented,temperate,2024,The Hortensia Herrero Art Center is a contemporary cultural facility designed to foster community engagement through art.,0.85
p_huanglong_mountain_zisha_mineral_source_1023799,Huanglong Mountain Zisha Mineral Source,P,Nantong,China,Cultural,fragmented,temperate,2024,A cultural facility designed to showcase the mineral springs of Huanglong Mountain.,0.8
p_iljuk_presbyterian_church_oh_jongsang_1027121,Iljuk Presbyterian Church,Oh Jongsang,Iljuk,South Korea,Religious,fragmented,temperate,2024,Iljuk Presbyterian Church is a contemporary worship space designed to foster community engagement.,0.8
p_inglewood_bird_sanctuary_expansion_the_m_1035158,Inglewood Bird Sanctuary Expansion,M,Calgary,Canada,Cultural,clustered,temperate,2024,The Inglewood Bird Sanctuary Expansion enhances educational and observational facilities in a natural setting.,0.8
p_intervention_of_the_yulin_courtyard_hous_1021229,Intervention Of The Yulin Courtyard House,Unknown,Yulin,China,Residential,courtyard,tropical,2024,A renovation project focusing on enhancing the traditional courtyard house.,0.8
p_ixcampus_design_school_same_architectes_1035289,Ixcampus Design School,Same Architectes,Paris,France,school,linear,temperate,2024,A design school fostering creativity and collaboration in a modern setting.,0.8
p_jackson_hole_history_museum_hga_1027334,Jackson Hole History Museum,HGA,Jackson,United States,museum,linear,temperate,2024,The Jackson Hole History Museum serves as a cultural hub showcasing the region's rich history.,0.8
p_james_baldwin_media_library_and_refugee_1030349,James Baldwin Media Library And Refugee,P,Paris,France,Library,fragmented,temperate,2024,A multifaceted media library designed to support refugees and promote community engagement in Paris.,0.8
p_jami_at_taqwa_mosque_cibinong_ismail_sol_1034505,Jami At Taqwa Mosque Cibinong,Ismail Sol,Cibinong,Indonesia,Mosque,fragmented,tropical,2024,A modern mosque designed to serve the Cibinong community with an emphasis on sustainability.,0.8
p_jean_ric_edelman_fossil_park_museum_enne_1029467,Edelman Fossil Park Museum,Enne,Mantua,United States,Museum,fragmented,temperate,2024,The Edelman Fossil Park Museum celebrates the richness of fossils through innovative exhibition spaces.,0.8
p_judicial_morgue_for_the_city_of_ver_ofic_1030759,Judicial Morgue For The City Of Ver,Unknown,Ver Ofic,Argentina,institutional,compact,temperate,2024,The Judicial Morgue for the City of Ver is designed to provide essential forensic services within a public health framework.,0.8
p_jules_verne_school_barr_lambot_architect_1035346,Jules Verne School,Barr Lambot Architect,Nantes,France,school,compact,temperate,2024,Jules Verne School is designed to foster a collaborative educational environment.,0.8
p_kampung_mrican_phase_1_and_microlibrary_1031619,Kampung Mrican Phase 1 And Microlibrary,Unknown,Yogyakarta,Indonesia,Microlibrary,courtyard,tropical,2024,"A community-focused microlibrary in Yogyakarta, designed to promote literacy and shared spaces.",0.8
p_kiihtelysvaara_church_luo_architects_1030415,Kiihtelysvaara Church,Luo Architects,Kiihtelysvaara,Finland,Religious,compact,temperate,2024,A contemporary church designed to serve as a community hub in Kiihtelysvaara.,0.8
p_kushtia_neighborhood_mosque_ahsan_habib_1025782,Kushtia Neighborhood Mosque,Ahsan Habib,Kushtia,Bangladesh,Religious,courtyard,tropical,2024,"A modern neighborhood mosque designed to serve the local community in Kushtia, Bangladesh.",0.8
p_la_source_third_place_library_nas_archit_1031808,La Source Third Place Library,NAS Archit,Nîmes,France,library,fragmented,temperate,2024,La Source is a contemporary library designed to serve as a community resource and cultural hub.,0.8
p_leiden_university_lecture_hall_civic_arc_1034678,Leiden University Lecture Hall Civic Arc,Unknown,Leiden,Netherlands,Lecture Hall,linear,temperate,2024,A modern lecture hall designed to foster collaborative learning.,0.8
p_leisure_center_jules_ferry_school_group_1035333,Leisure Center Jules Ferry School Group,Unknown,,,Leisure Center,linear,temperate,2024,A modern leisure center designed to promote community engagement and wellness.,0.8
p_library_of_chongqing_electric_power_coll_1023695,Library Of Chongqing Electric Power Coll,Unknown,Chongqing,China,library,fragmented,tropical,2024,A modern library designed to serve the Chongqing Electric Power College community.,0.8
p_liverpool_civic_place_and_yellamundie_li_1028737,Liverpool Civic Place And Yellamundie Li,Li,Liverpool,Australia,civic space,fragmented,temperate,2024,A vibrant civic space designed for community use in Liverpool.,0.85
p_long_march_cultural_digital_art_museum_c_1022354,Long March Cultural Digital Art Museum,P,Guiyang,China,museum,fragmented,temperate,2024,"A modern cultural museum dedicated to digital art, featuring interactive exhibits and educational spaces.",0.85
p_louis_saint_laurent_school_stgm_architec_1026167,Louis Saint Laurent School,STGM Architect,Louis Saint Laurent,Canada,School,linear,temperate,2024,Louis Saint Laurent School is a modern educational facility designed to foster collaborative learning.,0.8
p_m_sironi_academy_of_fine_arts_lerua_stud_1034676,Academy Of Fine Arts Lerua Stud,Unknown,Lerua,Italy,Educational,fragmented,temperate,2024,The M Sironi Academy of Fine Arts is designed as a cutting-edge educational facility for aspiring artists.,0.8
p_majlis_the_manama_wind_catchers_pavilion_1034852,Majlis The Manama Wind Catchers Pavilion,Unknown,Manama,Bahrain,Cultural Pavilion,pavilion,arid,2024,The Majlis The Manama Wind Catchers Pavilion is a cultural space that celebrates traditional ventilation techniques.,0.8
p_mengzi_nsau_bookstore_of_librairie_avant_1029258,Mengzi Nsau Bookstore,Librairie Avant,Mengzi,China,library,fragmented,tropical,2024,The Mengzi Nsau Bookstore is a modern library that blends natural light with an inviting space for reading and community gatherings.,0.8
p_mirage_in_yumeshima_pondedge_f_a_r_m_1035126,Mirage In Yumeshima Pondedge F A R M,Unknown,Osaka,Japan,mixed-use,linear,temperate,2024,A mixed-use architecture project that harmonizes agricultural activities with community interaction.,0.8
p_mirikaroden_nakagawa_cultural_complex_fu_1032242,Mirikaroden Nakagawa Cultural Complex,Fu,Nakagawa,Japan,Cultural Complex,fragmented,temperate,2024,The Mirikaroden Nakagawa Cultural Complex is a modern cultural center designed to host community events and exhibitions.,0.8
p_modern_history_of_christianity_museum_ko_1028005,Modern History Of Christianity Museum,Unknown Architect,Daejeon,South Korea,museum,fragmented,temperate,2024,"A contemporary museum exploring the modern history of Christianity in Daejeon, South Korea.",0.8
p_modern_mongolian_ger_installation_ger_at_1032499,Modern Mongolian Ger Installation,P,Unknown City,Mongolia,cultural,pavilion,continental,2024,"A modern interpretation of the traditional Mongolian ger, symbolizing cultural heritage.",0.8
p_moon_pavilion_atelier_guo_1034543,Moon Pavilion,Atelier Guo,Unknown,Unknown,Pavilion,pavilion,tropical,2024,The Moon Pavilion is an architectural retreat designed for interaction with nature and art.,0.8
p_mumo_museum_of_motorcycles_draa_1030778,Mumo Museum Of Motorcycles Draa,P,,Chile,museum,linear,temperate,2024,A modern museum dedicated to the history and culture of motorcycles.,0.8
p_munarra_centre_for_regional_excellence_a_1035026,Munarra Centre For Regional Excellence,Cox Architecture,Shepparton,Australia,community center,clustered,temperate,2024,The Munarra Centre For Regional Excellence serves as a hub for education and community activities in Shepparton.,0.85
p_museum_bezau_innauer_matt_architekten_1031766,Museum Bezau,Innauer Matt Architekten,Bezau,Austria,museum,fragmented,temperate,2024,Museum Bezau is a contemporary cultural facility designed to enhance community engagement through art.,0.85
p_mycelial_hut_yong_ju_lee_architecture_1035602,Mycelial Hut,Yong Ju Lee Architecture,,,Residential,fragmented,tropical,2024,Mycelial Hut is a sustainable residential structure designed by Yong Ju Lee Architecture.,0.8
p_nara_church_arkpro_studio_albania_1027588,Nara Church,Arkpro Studio,Nara,Albania,Religious,fragmented,temperate,2024,Nara Church is a modern religious facility designed by Arkpro Studio.,0.8
p_neighborhood_center_augustin_nbundm_1034673,Neighborhood Center Augustin Nbundm,Nbundm Architecture,Munich,Germany,community center,clustered,temperate,2024,A contemporary neighborhood center designed to foster community engagement.,0.85
p_new_apostolic_church_bez_kock_architekte_1027905,New Apostolic Church Bez Kock,Bez Kock Architekte,,Germany,religious,pavilion,temperate,2024,The New Apostolic Church Bez Kock serves as a modern religious space designed to foster community engagement.,0.8
p_new_churches_st_luke_st_matthew_meixner_1027333,New Churches St Luke St Matthew Meixner,Meixner Schlüter Wendt,,Germany,religious,linear,temperate,2024,A new church designed to serve community needs integrating modern elements with traditional worship.,0.8
p_new_science_and_technology_museum_of_hen_1034203,New Science And Technology Museum Of Hen,Not Specified,Hen,Unknown,museum,fragmented,tropical,2024,The New Science And Technology Museum of Hen integrates cutting-edge design with educational public spaces.,0.8
p_new_taipei_city_art_museum_kris_yao_arte_1023080,New Taipei City Art Museum,Kris Yao,New Taipei City,Taiwan,museum,fragmented,tropical,2024,New Taipei City Art Museum by Kris Yao features fragmented forms and a focus on integrating art with community.,0.8
p_nhm_commons_museum_wing_and_community_hu_1023820,Nhm Commons Museum Wing And Community Hu,Unknown,Los Angeles,United States,Museum,fragmented,temperate,2024,The NHM Commons Museum Wing and Community Hub serves as a cultural landmark designed for community engagement.,0.8
p_no_7_ceramic_art_research_base_phase_one_1022020,No 7 Ceramic Art Research Base Phase One,Unknown,Unknown,China,Cultural,fragmented,tropical,2024,"A research base dedicated to ceramic art, aimed at fostering artistic development and education.",0.8
p_north_boulder_library_workac_1030123,North Boulder Library,Workac,Boulder,United States,library,compact,temperate,2024,A modern library design in North Boulder focused on community integration and sustainability.,0.8
p_nujiang_grand_canyon_bookstore_of_librai_1022326,Nujiang Grand Canyon Bookstore,Librai,Nujiang,China,library,fragmented,tropical,2024,The Nujiang Grand Canyon Bookstore is an innovative cultural space that blends with the natural landscape while serving as a community hub.,0.8
p_oman_across_ages_museum_cox_architecture_1024366,Oman Across Ages Museum,Cox Architecture,Muscat,Oman,museum,fragmented,arid,2024,The Oman Across Ages Museum is a cultural institution designed to showcase the rich history and heritage of Oman.,0.8
p_osaka_expo_2025_foresting_architecture_p_1034719,Osaka Expo 2025 Foresting Architecture,Unknown,Osaka,Japan,Exhibition,clustered,temperate,2024,A pioneering project showcasing ecological design for the Osaka Expo 2025.,0.8
p_pan_orama_pavilion_associates_architectu_1035385,Pan Orama Pavilion,Pan Orama Pavilion Associates,Rome,Italy,Pavilion,pavilion,temperate,2024,"The Pan Orama Pavilion serves as a cultural beacon in Rome, promoting art and community engagement.",0.8
p_paris_fondation_cartier_for_contemporary_1035305,Fondation Cartier Pour L'Art Contemporain,Jean Nouvel,Paris,France,Cultural,fragmented,temperate,2024,A contemporary cultural space dedicated to the promotion of modern art.,0.85
p_pietro_maria_bardi_masp_building_metro_a_1026123,Masp Building,Pietro Maria Bardi,São Paulo,Brazil,Museum,pavilion,tropical,2024,"Masp Building is a modern art museum located in São Paulo, designed as a cultural hub.",0.8
p_pina_contempor_nea_museum_arquitetos_ass_1014137,Pina Contempor Nea Museum,Arquitetos Ass,São Paulo,Brazil,museum,fragmented,tropical,2024,A contemporary museum designed to facilitate cultural engagement and exhibitions in São Paulo.,0.8
p_powerhouse_castle_hill_lahznimmo_archite_1014130,Powerhouse Castle Hill,Lahznimmo Architects,Castle Hill,Australia,Cultural,fragmented,temperate,2024,Powerhouse Castle Hill is a modern cultural facility set to transform a crucial area in Castle Hill.,0.85
p_quilombo_da_gamboa_library_pavilion_mora_1034622,Quilombo Da Gamboa Library Pavilion,Mora,Rio de Janeiro,Brazil,library,pavilion,tropical,2024,"The Quilombo Da Gamboa Library Pavilion serves as a community hub, integrating cultural, educational, and environmental considerations.",0.8
p_rahmah_library_the_maak_1033750,Rahmah Library,The Maak,Cape Town,South Africa,library,fragmented,temperate,2024,The Rahmah Library is a community-focused space designed to foster learning and collaboration.,0.8
p_raj_sabhagruh_discourse_hall_serie_archi_1026005,Raj Sabhagruh Discourse Hall,P,Unknown,India,cultural,linear,tropical,2024,"The Raj Sabhagruh Discourse Hall is designed for communal gatherings, blending modern architecture with cultural significance.",0.8
p_recreation_center_morel_de_vind_sch_maa_956856,Recreation Center Morel De Vind Sch Maa,Unknown,Paris,France,Recreation Center,linear,temperate,2024,A modern recreation center designed to serve the community's sports and social needs.,0.8
p_refectory_lounge_library_at_king_s_colle_1026726,Refectory Lounge Library,Unknown,Cambridge,United Kingdom,library,linear,temperate,2024,A modern library that combines functional spaces for studying and socializing within a unique architectural framework.,0.8
p_reinterpretation_of_national_museum_of_p_1032587,Reinterpretation Of National Museum Of P,Unknown Architect,Unknown City,Unknown Country,Museum,fragmented,temperate,2024,"This project is a reinterpretation of the National Museum of P, emphasizing modern design while preserving cultural significance.",0.8
p_renovation_and_expansion_of_shenzhen_lon_1027926,Renovation And Expansion Of Shenzhen Lon,Unknown,Shenzhen,China,Cultural,fragmented,tropical,2024,A comprehensive renovation and expansion project aiming to enhance cultural engagement in Shenzhen.,0.8
p_renovation_expansion_of_sichuan_universi_1031606,Renovation Expansion Of Sichuan University,Unknown,Chengdu,China,Educational,clustered,temperate,2024,The renovation expansion of Sichuan University enhances educational facilities and incorporates sustainable design practices.,0.8
p_renovation_of_nju_kindergarten_atelier_j_1034367,Renovation Of Nju Kindergarten Atelier J,Nju Architects,Unknown City,Unknown Country,educational,courtyard,temperate,2024,A contemporary renovation of a kindergarten that enhances interactive learning spaces.,0.8
p_resting_chapel_jung_architekti_1025027,Resting Chapel,Jung Architekti,,Slovakia,religious,compact,temperate,2024,The Resting Chapel by Jung Architekti is a serene religious space designed for contemplation.,0.8
p_restoration_and_enhancement_of_the_patri_1034427,Restoration And Enhancement Of The Patri,N/A,Lisbon,Portugal,cultural,fragmented,temperate,2024,A project focused on the restoration and enhancement of a cultural heritage site in Lisbon.,0.8
p_restoration_of_sant_esteve_church_santam_1032564,Restoration Of Sant Esteve Church Santam,,Santam,Spain,religious,fragmented,temperate,2024,"This project involves the restoration of the exteriors of Sant Esteve Church in Santam, maintaining its historical integrity.",0.8
p_retrofit_of_santa_maria_school_carvalho_1034261,Retrofit Of Santa Maria School Carvalho,Carvalho,São Paulo,Brazil,School,compact,tropical,2024,The Retrofit Of Santa Maria School Carvalho enhances educational spaces through sustainable practices.,0.8
p_sailing_castle_ren_ai_cheng_tsung_feng_d_1035634,Sailing Castle,Tsung Feng D,Taipei,Taiwan,Residential,fragmented,tropical,2024,A modern luxury residential project designed to foster community interaction through its innovative spatial organization.,0.8
p_salem_public_library_renovation_hacker_a_1024470,Salem Public Library Renovation,Hacker,Salem,United States,library,fragmented,temperate,2024,Renovation of Salem Public Library enhances community engagement and modernizes facilities.,0.8
p_san_rocco_s_oratory_architettura_tommasi_1033428,San Rocco S Oratory,Architettura Tommasi,Padova,Italy,religious,compact,temperate,2024,"The San Rocco S Oratory is a modern religious building designed to serve as a community gathering space in Padova, Italy.",0.8
p_sanctuary_tunnel_garden_rad_ar_research_1027508,Sanctuary Tunnel Garden,Rad Ar Research,Unknown City,Indonesia,landscape design,fragmented,tropical,2024,A unique underground garden designed to offer tranquility and connection with nature.,0.8
p_school_of_the_art_institute_of_chicago_f_1026597,School Of The Art Institute Of Chicago F,Unknown Architect,Chicago,United States,Educational,fragmented,temperate,2024,"A new educational facility for the School of the Art Institute of Chicago, focusing on art education.",0.8
p_seoul_robot_ai_museum_melike_alt_n_k_arc_1022554,Seoul Robot Ai Museum,Melike Alt N,Seoul,South Korea,museum,fragmented,temperate,2024,"The Seoul Robot Ai Museum, designed by Melike Alt N K Arc, is a cutting-edge facility dedicated to the advancements in robotics and artificial intelligence.",0.85
p_shafagh_tomb_35_51_architecture_office_1029019,Shafagh Tomb,35 51 Architecture Office,,Iran,cultural,fragmented,arid,2024,The Shafagh Tomb is a modern architectural interpretation of a cultural burial site.,0.8
p_shenzhen_science_and_technology_museum_z_1029762,Shenzhen Science And Technology Museum,Unknown,Shenzhen,China,museum,fragmented,tropical,2024,The Shenzhen Science And Technology Museum is an innovative cultural hub designed to foster public engagement with science and technology.,0.8
p_shonan_institute_of_technology_high_scho_1024901,Shonan Institute of Technology High School,Unknown,Shonan,Japan,Educational,linear,temperate,2024,The Shonan Institute of Technology High School is designed to facilitate modern educational needs.,0.8
p_simple_art_museum_has_design_and_researc_1022166,Simple Art Museum,Unknown,Bangkok,Thailand,museum,fragmented,tropical,2024,A modern art museum designed to foster interaction and community engagement.,0.8
p_smvit_library_cadence_architects_1034143,Smvit Library,Cadence Architects,,India,library,fragmented,tropical,2024,Smvit Library is a contemporary educational institution designed to foster learning and community engagement.,0.8
p_sona_university_centre_library_block_imk_1024858,Sona University Centre Library Block,Unknown,Sona,India,Library,fragmented,tropical,2024,"A modern library building at Sona University, designed to facilitate learning and collaboration.",0.8
p_songzhuang_z_museum_team_bldg_1030268,Songzhuang Z Museum,Team B,Songzhuang,China,Museum,fragmented,temperate,2024,The Songzhuang Z Museum is an innovative cultural space designed to promote contemporary art.,0.8
p_soochow_university_future_campus_phase_1_1034782,Soochow University Future Campus Phase 1,Unknown,Suzhou,China,Educational Campus,Clustered,Subtropical,2024,The Soochow University Future Campus Phase 1 is designed to foster an engaging educational environment.,0.8
p_south_east_centre_for_contemporary_art_s_1035115,South East Centre For Contemporary Art,Unknown,Unknown,Australia,Cultural,fragmented,temperate,2024,A contemporary art center designed to foster community engagement through art.,0.8
p_st_louis_symphony_orchestra_s_powell_hal_1034813,S Powell Hall,Van Dijk Westlake,St. Louis,United States,cultural,fragmented,temperate,2024,A modern concert hall designed for the St. Louis Symphony Orchestra.,0.8
p_stasys_museum_implmnt_architects_1023136,Stasys Museum,Implmnt Architects,Vilnius,Lithuania,museum,fragmented,temperate,2024,The Stasys Museum is a contemporary cultural institution designed to highlight the local history and art.,0.8
p_suite_9_at_delft_university_of_technolog_1034579,Suite 9 At Delft University Of Technology,Unknown,Delft,Netherlands,educational,linear,temperate,2024,Suite 9 is a modern educational facility emphasizing sustainability and collaboration.,0.8
p_sun_tower_open_architecture_1023114,Sun Tower Open Architecture,P,Unknown City,Unknown Country,tower,tower,tropical,2024,A modern mixed-use tower designed to blend stunning architecture with sustainable practices.,0.8
p_sunner_museum_atelier_alter_architects_1029586,Sunner Museum,Alter Architects,Unknown,Unknown,museum,fragmented,temperate,2024,"The Sunner Museum, designed by Alter Architects, is a cultural space that seamlessly integrates art and community.",0.8
p_tcdd_temporary_offices_art_galleries_erh_1035027,Tcdd Temporary Offices Art Galleries,Unknown Architect,Unknown City,Turkey,office,fragmented,temperate,2024,Temporary offices and art galleries designed for cultural engagement.,0.8
p_temple_complex_and_community_center_nard_1034500,Temple Complex And Community Center Nard,Unknown,Nard,India,Community Center,clustered,tropical,2024,A modern temple complex and community center designed for cultural and religious activities.,0.8
p_the_chapel_berger_parkkinen_architects_1034229,The Chapel,Berger Parkkinen Architects,Not Specified,Austria,religious,pavilion,temperate,2024,The Chapel is a contemporary religious structure designed for reflection and community interaction.,0.8
p_the_chapel_of_st_th_r_se_of_lisieux_bull_1034833,The Chapel Of St Th R Se Of Lisieux,Not Available,Christchurch,New Zealand,religious,pavilion,temperate,2024,"A serene chapel designed for worship and reflection, emphasizing natural materials and sustainability.",0.8
p_the_chapel_retold_the_danish_association_1034479,The Chapel Retold,The Danish Association,Copenhagen,Denmark,cultural,pavilion,temperate,2024,"The Chapel Retold is a contemporary cultural and religious space located in Copenhagen, designed to foster community interaction and contemplation.",0.8
p_the_court_theatre_haworth_tompkins_1034663,The Court Theatre,Haworth Tompkins,Christchurch,New Zealand,Theatre,fragmented,temperate,2024,The Court Theatre designed by Haworth Tompkins is a modern performance venue with a focus on sustainability and community engagement.,0.8
p_the_et_302_memorial_alebel_desta_consult_1028581,Et 302 Memorial Alebel Desta Consult,Desta Consult,Addis Ababa,Ethiopia,Memorial,fragmented,tropical,2024,A cultural memorial space designed to honor historical significance and community engagement.,0.8
p_the_katy_museum_bbgk_architekci_1028620,The Katy Museum,Bbgk Architekci,Warsaw,Poland,museum,fragmented,continental,2024,The Katy Museum is a contemporary cultural institution designed to engage the community.,0.8
p_the_school_of_social_development_studio_999512,The School Of Social Development Studio,Studio 999512,Lumbini,Nepal,Educational,courtyard,tropical,2024,A modern educational facility focused on social development and community engagement.,0.8
p_thomas_sankara_mausoleum_kere_architectu_1030302,Thomas Sankara Mausoleum,Kere Architecture,Ouagadougou,Burkina Faso,cultural,pavilion,tropical,2024,"A cultural mausoleum dedicated to Thomas Sankara, designed to reflect his legacy.",0.8
p_thoravej_29_pihlmann_architects_1034502,Thoravej 29,Pihlmann Architects,Copenhagen,Denmark,Residential,fragmented,temperate,2024,Thoravej 29 is a mixed-use residential building in Copenhagen emphasizing sustainable design.,0.8
p_tile_chapel_jimenez_arquitectos_fb_estud_1026511,Tile Chapel,Jimenez Arquitectos,Unknown,Ecuador,Religious,courtyard,tropical,2024,Tile Chapel is a contemporary religious space focused on community and reflection.,0.8
p_viking_fortress_borgring_experience_cent_1033647,Viking Fortress Borgring Experience Center,N/A,Copenhagen,Denmark,cultural,pavilion,temperate,2024,The Viking Fortress Borgring Experience Center is an interactive exhibition space showcasing Viking heritage.,0.8
p_widna_haven_community_center_and_library_1031260,Widna Haven Community Center And Library,Unknown Architect,Widna Haven,Poland,Community Center,compact,temperate,2024,The Widna Haven Community Center and Library serves as a hub for learning and community engagement.,0.85
p_workshop_with_three_courtyards_opposite_1034403,Workshop With Three Courtyards Opposite,P Workshop,,,workshop,courtyard,arid,2024,A creative workshop featuring three interlinked courtyards for collaborative work and learning.,0.8
p_x_museum_studio_nor_1024371,X Museum,Nor,Beijing,China,museum,fragmented,temperate,2024,A cutting-edge museum designed to showcase contemporary art in Beijing.,0.8
p_xiao_feng_art_museum_zao_zhang_ke_archit_1035415,Xiao Feng Art Museum,Zao Zhang,Hangzhou,China,museum,fragmented,temperate,2024,The Xiao Feng Art Museum is an innovative cultural space designed to engage the local community.,0.8
p_yellow_river_national_museum_building_an_1031402,Yellow River National Museum Building,N/A,Zhengzhou,China,museum,fragmented,temperate,2024,The Yellow River National Museum Building serves as a cultural hub that showcases the rich history of the Yellow River.,0.8
p_yohoo_museum_aedas_1024957,Yohoo Museum,Aedas,Hangzhou,China,museum,fragmented,temperate,2024,An innovative museum design by Aedas that emphasizes both cultural engagement and sustainability.,0.8
p_yue_yue_art_museum_equestrian_hall_cu_of_1030592,Yue Yue Art Museum Equestrian Hall,Unknown,Unknown,China,museum,pavilion,temperate,2024,A modern equestrian hall integrated within the Yue Yue Art Museum complex.,0.85
p_yuyarina_pacha_community_library_al_bord_1025453,Yuyarina Pacha Community Library,P,Al Bord,Unknown,library,linear,tropical,2024,A community library designed to serve educational purposes in Al Bord.,0.8
p_artisans_of_the_reiwa_era_documentary_showcases_tr_unknown_1032340,Artisans of the Reiwa Era,Unknown,Unknown,Japan,Documentary,unknown,temperate,2024,The documentary highlights traditional Japanese woodworking techniques and craftsmanship during the Reiwa Era.,0.8
p_build_something_that_disappears_gabriela_carrillo_colectivo_c733_1026781,Build Something That Disappears,Gabriela Carrillo,,United States,Public space,fragmented,tropical,2024,A public space design initiative aimed at enhancing communal experience and environmental harmony.,0.8
p_can_we_think_of_a_building_as_a_microclimate_in_co_unknown_1030984,Can We Think of a Building as a Microclimate?,Bas Smets,Venice,Italy,Pavilion,pavilion,temperate,2024,The Belgian Pavilion in Venice investigates the concept of a building as a microclimate.,0.8
p_025s_bukchon_store_atelier_khj_1036502,025S Bukchon Store,ATELIER KHJ,Seoul,South Korea,commercial,fragmented,temperate,2024,"025S Bukchon Store is a contemporary retail space designed to facilitate customer engagement in the historic context of Bukchon, Seoul.",0.9
p_10k_house_takk_996346,10K House,Takk,Unknown,Unknown,Residential,Compact,Temperate,2024,The 10K House is a modern residential design by Takk that emphasizes sustainability and integration with its surroundings.,0.8
p_130_william_high_rise_residential_tower_adjaye_associates_1037094,130 William High-Rise Residential Tower,Adjaye Associates,New York City,United States,Residential,tower,temperate,2024,"130 William is a high-rise residential tower in New York City designed by Adjaye Associates, featuring luxury apartments and numerous amenities.",0.8
p_artisans_of_the_reiwa_era_documentary_showcases_tr_unknown_1032340,Artisans of the Reiwa Era,,,Japan,Documentary,,temperate,2024,A documentary project showcasing the art of traditional Japanese wood construction during the Reiwa era.,0.8
p_147_work_station_rcpa_pw_hsiao_archit_1037420,147 Work Station,RCPA+ PW Hsiao Architects & Associates,,,office,fragmented,tropical,2024,147 Work Station is a modern office space designed to foster collaboration and productivity.,0.8
p_build_something_that_disappears_gabriela_carrillo_colectivo_c733_1026781,Build Something That Disappears,Gabriela Carrillo,,United States,Public Space Design,fragmented,tropical,2024,Gabriela Carrillo's project focuses on creating disappearing public spaces.,0.8
p_2024_best_articles_architectures_new_voices_redisc_unknown_1024995,"Best Articles: Architecture’s New Voices, Rediscovered Territories, and a Spirit of Shared Knowledge",,,,research/analysis,,,2024,A collection of articles highlighting contemporary architectural discourse and research.,0.85
p_can_we_think_of_a_building_as_a_microclimate_in_co_unknown_1030984,Can We Think of a Building as a Microclimate?,Bas Smets,Venice,Italy,Cultural,pavilion,temperate,2024,"A pavilion that explores the concept of microclimates in architecture, offering an interactive exhibition space.",0.8
p_20_practices_shaping_the_future_of_architecture_wi_unknown_1033983,20 Practices Shaping the Future of Architecture,,,,Mixed-use,,,2024,Exploration of award-winning architectural practices shaping future design.,0.8
p_025s_bukchon_store_atelier_khj_1036502,025S Bukchon Store,ATELIER KHJ,Seoul,South Korea,commercial,fragmented,temperate,2024,The 025S Bukchon Store is a new retail space promoting local artisans within a contemporary design framework.,0.8
p_24_social_housing_units_prinvault_architecte_1037095,24 Social Housing Units,Prinvault Architectes,,,Residential,linear,temperate,2024,A set of 24 social housing units designed for low-income families.,0.8
p_10k_house_takk_996346,10K House,Takk,Unknown,Unknown,Residential,compact,temperate,2024,The 10K House is an innovative residential project aimed at creating an affordable and sustainable living environment.,0.8
p_321_villa_k_thengono_design_st_1036952,3+2+1 Villa,K-Thengono Design Studio,,Indonesia,Residential,fragmented,tropical,2024,The 3+2+1 Villa by K-Thengono Design Studio is a modern residential design that prioritizes natural light and ventilation.,0.8
p_130_william_high_rise_residential_tower_adjaye_associates_1037094,130 William High-Rise Residential Tower,Adjaye Associates,New York,United States,Residential,tower,temperate,2024,130 William is a high-rise residential tower designed by Adjaye Associates in New York City.,0.8
p_899_s29_house_exitprojectes_estudi_1036947,S29 House,exitprojectes estudi d'arquitectura,Unknown,Unknown,Residential,fragmented,temperate,2024,The S29 House is a contemporary residential project that harmonizes modern living with nature.,0.8
p_147_work_station_rcpa_pw_hsiao_archit_1037420,147 Work Station,RCPA+ PW Hsiao Architects & Associates,,,office,linear,tropical,2024,A modern office building designed to foster collaboration and innovation.,0.8
p_a_model_of_sporadic_thoughts_fhhh_friends_1037093,A Model of Sporadic Thoughts,FHHH friends,,,Cultural,fragmented,temperate,2024,A cultural project that embodies the exploration of fragmented thought through innovative architectural design.,0.8
p_2024_best_articles_architectures_new_voices_redisc_unknown_1024995,"Best Articles: Architecture’s New Voices, Rediscovered Territories, and a Spirit of Shared Knowledge",,,,cultural,,,2024,A compilation of notable architectural articles reflecting new trends and ideas.,0.8
p_a_new_giant_sets_foot_in_nyc_meganoms_skyscraper_d_872679,A New Giant Sets Foot in NYC,Meganom,New York City,United States,mixed-use skyscraper,tower,temperate,2024,Meganom unveils a striking skyscraper design in NYC that emphasizes sustainability and modern design.,0.8
p_a_smart_city_prototype_in_japan_plp_architecture_b_1037421,Tokyo Cross Park,PLP Architecture,Tokyo,Japan,mixed-use,tower,temperate,2024,A mixed-use smart city prototype featuring innovative design and sustainable practices.,0.8
p_20_practices_shaping_the_future_of_architecture_wi_unknown_1033983,20 Practices Shaping the Future of Architecture,ArchDaily,,,mixed-use,fragmented,temperate,2024,A collective showcase of innovative architectural practices.,0.8
p_24_social_housing_units_prinvault_architecte_1037095,24 Social Housing Units,Prinvault Architectes,,,Residential,linear,temperate,2024,A modern design featuring 24 units of social housing.,0.8
p_abbott_claim_winery_soderstrom_architect_978953,Abbott Claim Winery,Soderstrom Architects,Unknown,United States,winery,linear,temperate,2024,A modern winery designed to integrate with its vineyard surroundings.,0.8
p_321_villa_k_thengono_design_st_1036952,3+2+1 Villa,K-Thengono Design Studio,,,Residential,fragmented,tropical,2024,The 3+2+1 Villa is a modern residential design focused on family living in a tropical context.,0.8
p_ad_classics_forbidden_city_unknown_796382,Forbidden City,Kuai Xiang,Beijing,China,Cultural,courtyard,temperate,2024,"The Forbidden City, designed by Kuai Xiang, is a monumental cultural space that embodies the essence of Chinese history and architectural grandeur.",0.8
p_899_s29_house_exitprojectes_estudi_1036947,S29 House,exitprojectes,,,Residential,fragmented,temperate,2024,S29 House is a modern residential structure designed to enhance living space through natural light and environmental consideration.,0.8
p_ad_classics_neuschwanstein_castle_unknown_784891,Neuschwanstein Castle,Eduard Riedel,Schwangau,Germany,Castle,fragmented,temperate,1886,"Neuschwanstein Castle is a 19th-century Romanesque Revival palace situated in Bavaria, Germany.",0.9
p_a_model_of_sporadic_thoughts_fhhh_friends_1037093,A Model of Sporadic Thoughts,FHHH friends,,,mixed-use,fragmented,temperate,2024,A Model of Sporadic Thoughts is a forward-thinking mixed-use project emphasizing creativity and collaboration.,0.8
p_ad_classics_park_hill_estate_jack_lynn_and_ivor_s_791939,Park Hill Estate,Jack Lynn and Ivor Smith,Sheffield,United Kingdom,Residential,linear,temperate,1961,"Park Hill Estate is a notable example of residential architecture, emphasizing community and accessibility in Sheffield.",0.85
p_a_new_giant_sets_foot_in_nyc_meganoms_skyscraper_d_872679,A New Giant Sets Foot in NYC,Meganom,New York City,United States,skyscraper,tower,temperate,2024,Meganom unveils a new skyscraper design for NYC emphasizing mixed-use functionalities and sustainability.,0.8
p_ad_classics_roman_pantheon_unknown_802201,Roman Pantheon,Emperor Hadrian,Rome,Italy,Religious,circular,Mediterranean,126,"The Roman Pantheon is a magnificent temple constructed under Emperor Hadrian, renowned for its large dome and oculus.",0.9
p_a_smart_city_prototype_in_japan_plp_architecture_b_1037421,Tokyo Cross Park,PLP Architecture,Tokyo,Japan,mixed-use tower,tower,temperate,2024,Tokyo Cross Park is a smart city prototype by PLP Architecture featuring a mixed-use tower.,0.8
p_adaptive_reuse_how_many_lives_can_a_building_have_le_corbusier_1036424,Adaptive Reuse: How Many Lives Can a Building Have?,Unknown,Unknown,Unknown,Adaptive Reuse,fragmented,temperate,2024,An exploration of adaptive reuse in architecture.,0.8
p_aia_awards_2024_gold_medal_to_sustainability_advoc_lakeflato_architects_1011241,AIA Awards 2024 Gold Medal,Lake|Flato Architects,,USA,Cultural,,,2024,David Lake and Ted Flato receive the AIA Awards 2024 Gold Medal for their commitment to sustainable architecture.,0.8
p_abbott_claim_winery_soderstrom_architect_978953,Abbott Claim Winery,Soderstrom Architects,Unknown,United States,Winery,linear,temperate,2024,Abbott Claim Winery is a contemporary winery designed to enhance wine production and visitor experience.,0.8
p_allies_and_morrisons_plot_c_at_manchesters_sister_1037453,Plot C at Manchester’s Sister District,Allies and Morrison,Manchester,United Kingdom,mixed-use,compact,temperate,2024,Plot C at Manchester’s Sister District is a mixed-use development that integrates residential and commercial spaces.,0.8
p_ad_classics_forbidden_city_unknown_796382,Forbidden City,Kuai Xiang,Beijing,China,cultural,courtyard,temperate,2024,The Forbidden City project by Kuai Xiang reinterprets historical architecture for contemporary public use.,0.8
p_am_feuerbachl_house_he_und_du_zt_gmbh_1002779,Feuerbachl House,he und du ZT GmbH,,,Residential,fragmented,temperate,2024,The Feuerbachl House is a modern residential design focused on sustainability and harmony with nature.,0.8
p_ad_classics_neuschwanstein_castle_unknown_784891,Neuschwanstein Castle,Eduard Riedel,Hohenschwangau,Germany,castle,fragmented,temperate,1886,"Neuschwanstein Castle is a picturesque 19th-century castle located in Bavaria, Germany.",0.9
p_an_educational_farm_on_the_roof_rerum_architectes_1036704,An Educational Farm on the Roof,rurum architectes,,,institutional,pavilion,temperate,2024,"An innovative educational farm located on a rooftop, designed to promote sustainable practices.",0.8
p_ad_classics_park_hill_estate_jack_lynn_and_ivor_s_791939,Park Hill Estate,Jack Lynn and Ivor Smith,Sheffield,United Kingdom,Residential,linear,temperate,1961,Park Hill Estate is a prominent residential complex in Sheffield known for its iconic brutalist design.,0.9
p_an_unfolding_crisis_with_a_hopeful_outlook_highlig_unknown_1031098,An Unfolding Crisis with a Hopeful Outlook,N/A,Venice,Italy,exhibition,fragmented,temperate,2024,A standout exhibition at the Venice Architecture Biennale addressing contemporary crises in architecture.,0.8
p_ad_classics_roman_pantheon_unknown_802201,Roman Pantheon,Emperor Hadrian,Rome,Italy,religious,cylinder with a portico,temperate,126,"The Roman Pantheon, built by Emperor Hadrian, stands as a testament to ancient architecture.",1.0
p_andaz_beach_club_qbo3_arquitectos_1036782,Beach Club,QBO3 Arquitectos,,,hospitality,fragmented,tropical,2024,The Andaz Beach Club designed by QBO3 Arquitectos harmonizes luxury and nature.,0.8
p_adaptive_reuse_how_many_lives_can_a_building_have_le_corbusier_1036424,Adaptive Reuse: How Many Lives Can a Building Have?,Unknown Architect,Unknown City,Unknown Country,cultural,fragmented,temperate,2024,An innovative adaptive reuse project that breathes new life into an existing structure.,0.8
p_anzio_laneway_house_imu_chan_architectur_1037215,Anzio Laneway House,Imu Chan Architecture,Toronto,Canada,Residential,fragmented,temperate,2024,The Anzio Laneway House is a modern residential project designed by Imu Chan Architecture in Toronto.,0.8
p_aia_awards_2024_gold_medal_to_sustainability_advoc_lakeflato_architects_1011241,AIA Awards 2024 Gold Medal to Sustainability Advocates,Lake|Flato Architects,Austin,United States,cultural,clustered,temperate,2024,Lake|Flato Architects recognized for their commitment to sustainable design.,0.8
p_allies_and_morrisons_plot_c_at_manchesters_sister_1037453,Plot C,Allies and Morrison,Manchester,United Kingdom,mixed-use,fragmented,temperate,2024,Allies and Morrison's Plot C is a contemporary mixed-use development approved for Manchester.,0.8
p_aquapraca_floating_plaza_carlo_ratti_associat_1036829,AquaPraça Floating Plaza,Carlo Ratti Associati,Unknown,Unknown,Public Space,pavilion,tropical,2024,AquaPraça is a floating plaza that serves as a vibrant public space on water.,0.8
p_arca_portable_garden_takk_1003762,Portable Garden,Takk,,,landscape architecture,pavilion,temperate,2024,A conceptual portable garden designed for urban settings.,0.8
p_am_feuerbachl_house_he_und_du_zt_gmbh_1002779,Am Feuerbachl House,he und du ZT GmbH,,,Residential,fragmented,temperate,2024,The Am Feuerbachl House is a modern residential project that emphasizes sustainability and connection to nature.,0.8
p_archdailys_best_architectural_projects_of_2025_unknown_1036342,ArchDaily's Best Architectural Projects of 2025,,,,mixed-use,fragmented,temperate,2024,An anthology of influential architectural works that reimagine urban environments for the year 2025.,0.8
p_an_educational_farm_on_the_roof_rerum_architectes_1036704,An Educational Farm on the Roof,rurum architectes,,,institutional,pavilion,temperate,2024,"An innovative rooftop farm designed for educational purposes, promoting sustainability and environmental awareness.",0.8
p_an_unfolding_crisis_with_a_hopeful_outlook_highlig_unknown_1031098,An Unfolding Crisis with a Hopeful Outlook,Exhibiting Architects,Venice,Italy,Exhibition Space,linear,temperate,2024,A thought-provoking exhibition that explores the intersection of architectural innovation and societal challenges.,0.8
p_architect_and_educator_deborah_berke_receives_the_deborah_berke_partne_1024830,Deborah Berke Receives the 2025 AIA Gold Medal,Deborah Berke Partners,,United States,Cultural Institution,,,2024,Deborah Berke is awarded the prestigious 2025 AIA Gold Medal.,0.8
p_andaz_beach_club_qbo3_arquitectos_1036782,Beach Club,QBO3 Arquitectos,Unknown,Unknown,Commercial,pavilion,tropical,2024,The Andaz Beach Club is a modern recreational facility designed to enhance the beach experience.,0.8
p_architects_of_the_global_south_10_pavilions_and_in_marina_tabassum_1037071,Architects of the Global South: 10 Pavilions and Installations That Shaped 2025,,,,exhibition pavilion,pavilion,,2024,A provocative exhibition that brings together pavilions from architects of the Global South to influence future architectural dialogue.,0.8
p_anzio_laneway_house_imu_chan_architectur_1037215,Anzio Laneway House,Imu Chan Architecture,Unknown,Unknown,Residential,compact,temperate,2024,Anzio Laneway House is a contemporary residential project designed to enhance urban living.,0.8
p_architectural_authorship_in_the_age_of_the_collect_unknown_1032507,Architectural Authorship in the Age of the Collective Practices,Unknown,Unknown,Unknown,cultural,fragmented,temperate,2024,A project exploring the dynamics of architectural authorship amidst collective practices.,0.8
p_aquapraca_floating_plaza_carlo_ratti_associat_1036829,AquaPraça Floating Plaza,Carlo Ratti Associati,,,public space,pavilion,tropical,2024,AquaPraça is a floating plaza that encourages community interaction over water.,0.8
p_architectural_rendering_and_the_slippery_slope_of_unknown_959563,Architectural Rendering and the Slippery Slope of the Uncanny Valley,Unknown,Unknown,Unknown,Architectural Theory/Research,Unknown,Unknown,2024,An exploration of the intersection between architectural rendering and the uncanny valley.,0.8
p_arca_portable_garden_takk_1003762,Portable Garden,Takk,,,urban garden,fragmented,temperate,2024,The ARCA Portable Garden is an innovative green solution for urban living.,0.8
p_architecture_as_infrastructure_how_india_builds_fo_unknown_1037284,Architecture as Infrastructure: How India Builds for a Billion,unknown,unknown,India,infrastructure,linear,tropical,2024,A visionary project that redefines how infrastructure can support India's burgeoning population.,0.8
p_archdailys_best_architectural_projects_of_2025_unknown_1036342,ArchDaily's Best Architectural Projects of 2025,,,,,,,2024,,0.8
p_architecture_classics_copan_building_oscar_niemeyer_909420,Copan Building,Oscar Niemeyer,São Paulo,Brazil,Residential,tower,tropical,1971,The Copan Building is a prominent high-rise residential structure in São Paulo designed by Oscar Niemeyer.,0.95
p_architect_and_educator_deborah_berke_receives_the_deborah_berke_partne_1024830,2025 AIA Gold Medal Recipient,Deborah Berke,,USA,Cultural,,temperate,2024,"Deborah Berke, renowned for her work in architecture and education, has been awarded the 2025 AIA Gold Medal.",0.8
p_architecture_in_ecuador_16_projects_rooted_in_terr_unknown_1036387,"Architecture in Ecuador: 16 Projects Rooted in Territory, Craft, and Collective Practice",,,Ecuador,cultural,fragmented,tropical,2024,This project features 16 architectural initiatives that embody the essence of Ecuador's environment and culture.,0.8
p_architects_of_the_global_south_10_pavilions_and_in_marina_tabassum_1037071,Architects of the Global South: 10 Pavilions and Installations That Shaped 2025,,,,Pavilion/Installation,pavilion,tropical,2024,A collection of pavilions representing architectural responses from the Global South.,0.8
p_architecture_in_rhythm_with_time_designing_through_unknown_1037346,Architecture in Rhythm with Time,,,,cultural,fragmented,temperate,2024,An innovative architectural project that harmonizes with natural cycles.,0.8
p_architectural_authorship_in_the_age_of_the_collect_unknown_1032507,Architectural Authorship in the Age of the Collective Practices,N/A,N/A,N/A,N/A,N/A,N/A,2024,A project exploring the concept of architectural authorship within collective practices.,0.8
p_architecture_that_shapes_health_lessons_of_design_unknown_1037387,Architecture that Shapes Health: Lessons of Design and Well-Being in 2025,Unknown,Unknown,Unknown,Institutional,Fragmented,Temperate,2024,A novel approach to architecture that emphasizes the correlation between design and health.,0.8
p_architectural_rendering_and_the_slippery_slope_of_unknown_959563,Architectural Rendering and the Slippery Slope of the Uncanny Valley,,,,,,,2024,An analysis of how architectural renderings can influence perceptions of realism.,0.8
p_art_activism_and_the_city_illuminating_social_chan_unknown_1027904,Illuminating Social Change,Unknown,Unknown,Unknown,Cultural,fragmented,temperate,2024,An innovative public art installation aimed at highlighting social change through community engagement.,0.8
p_architecture_as_infrastructure_how_india_builds_fo_unknown_1037284,Architecture as Infrastructure: How India Builds for a Billion,Unknown,Various,India,Infrastructure,linear,tropical,2024,An exploration of infrastructural architecture meeting the needs of India's expanding population.,0.8
p_asoka_hospital_south_wing_aidaho_1037256,Asoka Hospital South Wing,AIDAHO,Unknown,Unknown,Hospital,compact,tropical,2024,The Asoka Hospital South Wing by AIDAHO features modern facilities designed for healthcare efficiency.,0.8
p_architecture_classics_copan_building_oscar_niemeyer_909420,Copan Building,Oscar Niemeyer,São Paulo,Brazil,Residential,fragmented,tropical,1972,"The Copan Building is a modernist residential complex in São Paulo, renowned for its organic shapes and integrated urban spaces.",0.9
p_aster_by_joshua_paris_roomoo_design_studio_1036542,Aster,Joshua Paris,,,residential,fragmented,temperate,2024,Aster is a contemporary residential project designed by Joshua Paris of RooMoo Design Studio.,0.8
p_architecture_in_ecuador_16_projects_rooted_in_terr_unknown_1036387,"Architecture in Ecuador: 16 Projects Rooted in Territory, Craft, and Collective Practice",,,Ecuador,cultural,fragmented,tropical,2024,A comprehensive exploration of 16 notable architectural projects in Ecuador.,0.8
p_atlantica_tow_tiny_house_madeiguincho_1034574,Atlantica TOW Tiny House,Madeiguincho,Sintra,Portugal,Residential,compact,temperate,2024,"Atlantica TOW Tiny House is a sustainable living solution set in the scenic landscape of Sintra, Portugal.",0.8
p_architecture_in_rhythm_with_time_designing_through_unknown_1037346,Architecture in Rhythm with Time,Unknown,Unknown,Unknown,Cultural,compact,tropical,2024,A project focused on aligning architectural design with natural cycles of time.,0.8
p_avenue_son_skatepark_various_associates_1037247,Avenue & Son Skatepark,Various Associates,,,recreational,fragmented,temperate,2024,The Avenue & Son Skatepark is a modern recreational space designed for skateboarding and community interaction.,0.8
p_architecture_that_shapes_health_lessons_of_design_unknown_1037387,Architecture that Shapes Health: Lessons of Design and Well-Being in 2025,Unknown,,,healthcare,fragmented,temperate,2024,A project exploring the relationship between architecture and health.,0.8
p_axis_office_moss_1037319,AXIS Office,moss.,Unknown City,Unknown Country,office,linear,temperate,2024,The AXIS Office by moss. is a modern workspace designed to foster collaboration and innovation.,0.8
p_art_activism_and_the_city_illuminating_social_chan_unknown_1027904,Illuminating Social Change,Unknown,Unknown,Unknown,Cultural,fragmented,temperate,2024,A cultural project focusing on art and activism to foster social change.,0.8
p_asoka_hospital_south_wing_aidaho_1037256,Asoka Hospital South Wing,AIDAHO,Unknown,Unknown,hospital,linear,tropical,2024,Asoka Hospital South Wing is a modern healthcare facility designed for improved patient experience.,0.8
p_angsdals_school_stadstudio_ab_1005821,Ängsdals School,STADSTUDIO AB,Unknown,Unknown,school,fragmented,temperate,2024,Ängsdals School is a modern educational facility designed to foster interactive learning.,0.8
p_aster_by_joshua_paris_roomoo_design_studio_1036542,Aster,Joshua Paris,,,residential,fragmented,temperate,2024,Aster is a contemporary single-family home designed for modern living.,0.8
p_baby_pluto_adria_garrido_verdu_1030480,Baby Pluto,Adrià Garrido Verdú,,,residential,fragmented,temperate,2024,Baby Pluto is a residential project by Adrià Garrido Verdú that promotes community living.,0.8
p_atlantica_tow_tiny_house_madeiguincho_1034574,Atlantica TOW Tiny House,Madeiguincho,,Portugal,Residential,compact,temperate,2024,A compact tiny house designed for sustainable living in harmony with nature.,0.8
p_backyard_community_club_deroche_projects_1036713,Backyard Community Club,DeRoche Projects,,,community center,courtyard,temperate,2024,The Backyard Community Club is a unique social hub centered around community engagement and activities.,0.8
p_avenue_son_skatepark_various_associates_1037247,Skatepark,Various Associates,Unknown,Unknown,sports facility,fragmented,temperate,2024,Avenue & Son Skatepark serves as a vibrant public space for skateboarding and community engagement.,0.8
p_axis_office_moss_1037319,Axis Office,moss.,Unknown,Unknown,office,linear,temperate,2024,The AXIS Office project combines innovative design with functionality.,0.8
p_bamboo_in_architecture_same_material_different_use_unknown_1000165,"Bamboo in Architecture: Same Material, Different Uses",Not Specified,,,sustainable architecture,fragmented,tropical,2024,"This project explores the versatile uses of bamboo in architecture, presenting innovative designs that prioritize sustainability.",0.8
p_bamboo_in_latin_american_housing_10_houses_reveali_unknown_1007191,Bamboo in Latin American Housing: 10 Houses Revealing the Future of the Material in Architecture,,,Latin America,residential,varied,tropical,2024,"A project showcasing ten innovative bamboo houses across Latin America, highlighting sustainable architecture.",0.8
p_angsdals_school_stadstudio_ab_1005821,Ängsdals School,STADSTUDIO AB,Åkersberga,Sweden,school,fragmented,temperate,2024,Ängsdals School is a contemporary educational facility designed to foster interaction and learning.,0.8
p_barangaroo_south_masterplan_rshp_1037097,Barangaroo South Masterplan,RSHP,Sydney,Australia,Mixed-Use Development,clustered,temperate,2024,The Barangaroo South Masterplan is a transformative mixed-use development along Sydney’s waterfront.,0.8
p_baby_pluto_adria_garrido_verdu_1030480,Baby Pluto,Adrià Garrido Verdú,,,residential,fragmented,temperate,2024,"Baby Pluto is a forward-thinking residential project designed by Adrià Garrido Verdú, focusing on sustainability and innovative living solutions.",0.8
p_backyard_community_club_deroche_projects_1036713,Backyard Community Club,DeRoche Projects,,,community center,pavilion,temperate,2024,A community center designed to engage and serve the local population.,0.8
p_barbican_center_renewal_program_moves_forward_to_s_chamberlin_powell_bo_1037394,Barbican Center Renewal Program,Barbican Centre,London,United Kingdom,Cultural Center,fragmented,temperate,2024,The Barbican Center Renewal Program aims to preserve and enhance the cultural and architectural legacy of London's Brutalist style.,0.85
p_bamboo_in_architecture_same_material_different_use_unknown_1000165,"Bamboo in Architecture: Same Material, Different Uses",,,,cultural,open/clustered,tropical,2024,A project dedicated to exploring the versatile use of bamboo in architecture showcasing its sustainability.,0.8
p_barcelonas_iconic_sagrada_familia_on_track_to_be_c_unknown_1015108,Sagrada Família,Antoni Gaudí,Barcelona,Spain,Church,fragmented,temperate,2026,"Sagrada Família is a UNESCO World Heritage Site and has been under construction since 1882, aiming for completion in 2026.",0.95
p_bamboo_in_latin_american_housing_10_houses_reveali_unknown_1007191,Bamboo in Latin American Housing: 10 Houses Revealing the Future of the Material in Architecture,,,Latin America,residential,clustered,tropical,2024,A project featuring ten innovative houses utilizing bamboo for sustainable residential living.,0.8
p_basketball_court_ralph_c_wilson_jr_centennial_park_adjaye_associates_1036685,Basketball Court - Ralph C. Wilson Jr. Centennial Park,Adjaye Associates,Buffalo,United States,Sports Facility,linear,temperate,2024,A community basketball court promoting recreation within Ralph C. Wilson Jr. Centennial Park.,0.8
p_barangaroo_south_masterplan_rshp_1037097,Barangaroo South Masterplan,RSHP,Sydney,Australia,mixed-use,fragmented,temperate,2024,Barangaroo South Masterplan aims to rejuvenate the Sydney waterfront with a vibrant mixed-use community.,0.8
p_basketball_development_center_teget_1036748,Basketball Development Center,TEGET,Unknown,Unknown,Sports Facility,pavilion,temperate,2024,A modern center designed to foster talent in basketball through advanced training facilities.,0.8
p_best_articles_of_2025_plural_practices_environment_unknown_1037263,"Best Articles of 2025: Plural Practices, Environmental Responses, and an Architecture of Care",,,,cultural,,,2024,A compilation of articles showcasing environmentally conscious architectural practices.,0.8
p_barbican_center_renewal_program_moves_forward_to_s_chamberlin_powell_bo_1037394,Barbican Center Renewal Program,Unknown,London,United Kingdom,Cultural Center,fragmented,temperate,2024,"The Barbican Center Renewal Program aims to revitalize the iconic Brutalist structure, enhancing its role as a cultural hub.",0.8
p_between_housing_demand_and_environmental_goals_ale_elemental_1030245,Between Housing Demand and Environmental Goals,Alejandro Aravena,,,Residential,clustered,temperate,2024,A project addressing housing needs while aiming for environmental sustainability.,0.8
p_barcelonas_iconic_sagrada_familia_on_track_to_be_c_unknown_1015108,Sagrada Família,Antoni Gaudí,Barcelona,Spain,Religious,fragmented,temperate,2026,"The Sagrada Família in Barcelona is a monumental basilica designed by Antoni Gaudí, known for its elaborate architecture and unique design.",0.9
p_basketball_court_ralph_c_wilson_jr_centennial_park_adjaye_associates_1036685,Basketball Court,Adjaye Associates,Buffalo,United States,sports facility,pavilion,temperate,2024,A basketball court designed to enhance community interaction within Ralph C. Wilson Jr. Centennial Park.,0.9
p_beyond_form_how_light_and_shadow_define_architectu_louis_kahn_1027315,Beyond Form: How Light and Shadow Define Architectural Atmosphere,Unknown Architect/Firm,,,Cultural,fragmented,temperate,2024,This project investigates the dynamics of light and shadow in shaping architectural atmosphere.,0.8
p_basketball_development_center_teget_1036748,Basketball Development Center,TEGET,Unknown,Unknown,sports facility,pavilion,temperate,2024,A state-of-the-art Basketball Development Center designed to enhance athlete performance.,0.8
p_beyond_private_dining_exploring_the_communal_table_unknown_1034907,Beyond Private Dining: Exploring the Communal Table as Public Space Infrastructure,N/A,,,public space,N/A,N/A,2024,A project focused on establishing communal dining spaces that serve as public infrastructure.,0.8
p_best_articles_of_2025_plural_practices_environment_unknown_1037263,"Best Articles of 2025: Plural Practices, Environmental Responses, and an Architecture of Care",,,,mixed-use research publication,,,2024,A compendium of innovative architectural practices addressing environmental and social issues.,0.8
p_beyond_the_exhibition_architecture_interior_and_la_unknown_1035780,Beyond the Exhibition,Unknown Architect,Unknown City,Unknown Country,Cultural,fragmented,temperate,2024,"A project that merges architecture, interior design, and landscape into a singular narrative for enhanced exhibition experiences.",0.8
p_between_housing_demand_and_environmental_goals_ale_elemental_1030245,Between Housing Demand and Environmental Goals,Alejandro Aravena,,,Residential,fragmented,temperate,2024,The project addresses the tension between housing demand and environmental goals through innovative incremental housing solutions.,0.8
p_beyond_the_syllabus_architectural_education_and_a_unknown_1036802,Beyond the Syllabus: Architectural Education and a Defense of the Profession,,,,educational,,,2024,A project examining architectural education and the profession's role in society.,0.8
p_beyond_the_walls_21_contemporary_interventions_in_unknown_1029051,Beyond the Walls: 21 Contemporary Interventions in Castles and Fortresses,,,,Cultural,fragmented,temperate,2024,A collection of modern architectural interventions that adapt historic castles and fortresses for contemporary use.,0.8
p_beyond_form_how_light_and_shadow_define_architectu_louis_kahn_1027315,Beyond Form,Unknown,Unknown,Unknown,cultural,fragmented,temperate,2024,An architectural project studying the interplay of light and shadow.,0.8
p_beyond_universal_models_the_turn_toward_situated_a_takk_1036611,Beyond Universal Models: The Turn Toward Situated Architecture,Unknown Architect,,,Cultural,fragmented,temperate,2024,A project focused on redefining architectural approaches through context-sensitive designs.,0.8
p_big_roof_11_architects_1001459,Big Roof,1+1+ Architects,,,,,,0,,0.0
p_bistro_ferdinand_grau_architects_1036983,Bistro Ferdinand,Grau Architects + studeny architects + Peter Stec,,,,,,0,,0.0
p_beyond_private_dining_exploring_the_communal_table_unknown_1034907,Beyond Private Dining,Unknown,Unknown,Unknown,Public Space,pavilion,temperate,2024,A project focused on communal dining as a transformative public space.,0.8
p_beyond_the_exhibition_architecture_interior_and_la_unknown_1035780,"Beyond the Exhibition: Architecture, Interior, and Landscape as a Single Narrative",,,,,,,0,,0.0
p_black_stone_house_vapor_arquitetura_1036974,Black Stone House,vapor arquitetura,,Brazil,residential,fragmented,tropical,2024,The Black Stone House is a modern residence that harmonizes with its natural environment.,0.8
p_beyond_the_syllabus_architectural_education_and_a_unknown_1036802,Beyond the Syllabus: Architectural Education and a Defense of the Profession,Unknown,,,Educational,linear,temperate,2024,An innovative architectural education project emphasizing the significance of architecture.,0.8
p_bluebottle_coffee_legoland_atelier_xy_1036225,BlueBottle Coffee Legoland,Atelier xy,,,commercial,compact,,2024,"A coffee shop designed for a Legoland theme park, marrying functionality with playful aesthetics.",0.8
p_beyond_the_walls_21_contemporary_interventions_in_unknown_1029051,Beyond the Walls: 21 Contemporary Interventions in Castles and Fortresses,,,,cultural,fragmented,temperate,2024,A series of contemporary architectural interventions designed to enhance the historical significance of castles and fortresses.,0.8
p_borova_lada_cottage_studio_plys_1036885,Borová Lada Cottage,Studio Plyš,Borová Lada,Czech Republic,residential,linear,temperate,2024,A modern cottage set in the serene landscape of Borová Lada.,0.75
p_beyond_universal_models_the_turn_toward_situated_a_takk_1036611,Beyond Universal Models: The Turn Toward Situated Architecture,,,,Architectural Theory/Research,,,2024,A project analyzing the shift towards situated architecture methodologies.,0.8
p_bridging_past_and_future_uzbekistans_expanding_cul_unknown_1034850,Bridging Past and Future,Unknown,Tashkent,Uzbekistan,Cultural Center,fragmented,arid,2024,"A contemporary cultural center in Tashkent, Uzbekistan, bridging historical architecture and modern design.",0.8
p_big_roof_11_architects_1001459,Big Roof,1+1+ Architects,,,residential,pavilion,temperate,2024,A sustainable culinary space that integrates farming with a large distinctive roof.,0.8
p_bistro_ferdinand_grau_architects_1036983,Bistro Ferdinand,Grau Architects + studeny architects + Peter Stec,,,,,,0,,0.0
p_brookline_high_school_22_tappan_building_william_rawn_associa_1037234,Brookline High School - 22 Tappan Building,William Rawn Associates,Brookline,United States,school,fragmented,temperate,2024,The Brookline High School - 22 Tappan Building is a modern educational facility that promotes collaborative learning.,0.8
p_black_stone_house_vapor_arquitetura_1036974,Black Stone House,vapor arquitetura,Unknown City,Unknown Country,Residential,fragmented,tropical,2024,The Black Stone House is a modern residential structure designed for harmonious living with nature.,0.8
p_brutalism_in_central_asia_the_eastern_influences_t_unknown_960487,Brutalism in Central Asia: The Eastern Influences that Shaped Soviet Architecture,,,Kazakhstan,cultural,fragmented,arid,2024,"This project explores the Eastern influences on Soviet brutalism in Central Asia, highlighting cultural dialogues through architecture.",0.8
p_bluebottle_coffee_legoland_atelier_xy_1036225,BlueBottle Coffee Legoland,Atelier xy,Billund,Denmark,cafe,pavilion,temperate,2024,"A contemporary coffee shop located within Legoland, featuring a distinctive timber facade and open interior.",0.8
p_borova_lada_cottage_studio_plys_1036885,Borová Lada Cottage,Studio Plyš,,,,,,0,,0.0
p_boi_bong_house_tran_trung_architect_1037278,Bối Bống House,TRAN TRUNG Architects,,,,,,0,,0.0
p_building_optimism_lessons_from_climate_adaptation_unknown_1037049,Building Optimism: Lessons from Climate Adaptation in 2025,Not specified,,,Mixed-use,compact,temperate,2024,This project explores climate adaptation strategies for sustainable building practices.,0.8
p_bridging_past_and_future_uzbekistans_expanding_cul_unknown_1034850,Bridging Past and Future: Uzbekistan’s Expanding Cultural Landscape,Unknown,Tashkent,Uzbekistan,cultural facility,fragmented,arid,2024,A modern cultural facility that melds Uzbekistan's historical architecture with contemporary design.,0.85
p_csc_residence_shih_shih_interior_d_1037356,C.S.C Residence,"Shih-shih Interior Design Co., Ltd.",,,residential,compact,tropical,2024,C.S.C Residence is a modern family home that integrates aesthetics with functionality.,0.8
p_cajui_house_laurent_troost_archi_1037082,Cajuí House,Laurent Troost Architectures,,,,,,0,,0.0
p_brookline_high_school_22_tappan_building_william_rawn_associa_1037234,Brookline High School - 22 Tappan Building,William Rawn Associates,Brookline,United States,school,fragmented,temperate,2024,The Brookline High School's 22 Tappan Building is a modern educational facility designed to promote collaborative learning.,0.8
p_calambau_house_andre_braz_arquitetu_1036354,Calambau House,André Braz Arquitetura,,,residential,fragmented,tropical,2024,Calambau House is a contemporary residence designed to enhance connection with nature.,0.8
p_brutalism_in_central_asia_the_eastern_influences_t_unknown_960487,Brutalism in Central Asia: The Eastern Influences that Shaped Soviet Architecture,,,Kazakhstan,cultural,,arid,2024,The project explores how Eastern influences have shaped Soviet architecture in Central Asia.,0.8
p_casa_cabrera_forma_arquitectura_1036629,Casa Cabrera,Forma Arquitectura,Unknown,Unknown,residential,fragmented,temperate,2024,Casa Cabrera is a modern residential dwelling designed to enhance outdoor living.,0.8
p_building_optimism_lessons_from_climate_adaptation_unknown_1037049,Building Optimism: Lessons from Climate Adaptation in 2025,Unknown,Unknown,Unknown,Research and Educational Facility,clustered,temperate,2024,A forward-thinking architectural project addressing climate resilience through design.,0.8
p_casa_dlca_0studio_arquitectura_1025678,CASA DLCA,0studio Arquitectura,,,residential,fragmented,temperate,2024,CASA DLCA is a contemporary residential project that harmonizes with its natural surroundings.,0.8
p_csc_residence_shih_shih_interior_d_1037356,C.S.C Residence,"Shih-shih Interior Design Co., Ltd.",,Taiwan,Residential,fragmented,tropical,2024,C.S.C Residence is a modern private dwelling designed for comfort and aesthetics.,0.8
p_casa_legato_hugo_kohno_architect_1036674,Casa Legato,Hugo Kohno Architect Associates,,,Residential,fragmented,tropical,2024,Casa Legato is a modern residential project emphasizing connection to nature.,0.8
p_cajui_house_laurent_troost_archi_1037082,Cajuí House,Laurent Troost Architectures,,,,,,0,,0.0
p_casa_roca_ppaa_1036822,Casa Roca,PPAA,,,,,,0,,0.0
p_casa_segura_1124_primer_piso_arquitec_996817,Casa Segura 1124,Primer Piso Arquitectos,,,Residential,compact,tropical,2024,Casa Segura 1124 is a contemporary residential project focused on security and sustainability.,0.8
p_calambau_house_andre_braz_arquitetu_1036354,Calambau House,André Braz Arquitetura,,,Residential,compact,tropical,2024,A contemporary residential project focused on sustainability and natural light.,0.8
p_castle_ruin_reichenau_tp3_architekten_1036465,Castle Ruin Reichenau,[tp3] architekten,Reichenau,Austria,cultural,fragmented,temperate,2024,"A cultural revitalization of a historic castle ruin in Reichenau, Austria.",0.8
p_casa_cabrera_forma_arquitectura_1036629,Casa Cabrera,Forma Arquitectura,Unknown,Unknown,Residential,fragmented,temperate,2024,Casa Cabrera is a contemporary residential project focused on integrating living spaces with nature.,0.8
p_cecepshouzuo_beijing_gad_1037347,CECEP·Shouzuo Beijing,gad,Beijing,China,mixed-use,fragmented,temperate,2024,CECEP·Shouzuo Beijing is a mixed-use facility emphasizing sustainability and public engagement.,0.8
p_casa_dlca_0studio_arquitectura_1025678,CASA DLCA,0studio Arquitectura,,,residential,fragmented,temperate,2024,CASA DLCA is a modern residential project designed by 0studio Arquitectura focusing on integration with its environment.,0.8
p_casa_legato_hugo_kohno_architect_1036674,Casa Legato,Hugo Kohno Architect Associates,Not Specified,Not Specified,Residential,fragmented,temperate,2024,Casa Legato is a modern residential project focused on seamless integration with nature.,0.8
p_cement_can_be_a_more_sustainable_material_unknown_968785,Cement Can Be A (More) Sustainable Material,Unknown,Unknown,Unknown,Research/Innovation,Fragmented,Temperate,2024,This project explores innovative uses of concrete to enhance sustainability in building practices.,0.8
p_center_rog_renovation_and_creative_center_bax_studio_1036810,Center Rog – Renovation and Creative Center,Mendoza Partida,,,Cultural Center,fragmented,temperate,2024,The renovation of Center Rog transforms it into a vibrant cultural hub.,0.85
p_casa_roca_ppaa_1036822,Casa Roca,PPAA,Unknown City,Unknown Country,Residential,fragmented,tropical,2024,Casa Roca is a modern residential project emphasizing harmony with the natural landscape.,0.8
p_casa_segura_1124_primer_piso_arquitec_996817,Casa Segura 1124,Primer Piso Arquitectos,,,,,,0,,0.0
p_ceu_bar_kuster_brizola_arqui_1035941,Céu Bar,Küster Brizola Arquitetos,,,commercial,pavilion,tropical,2024,Céu Bar is a community-focused social space designed to enhance interaction in an urban environment.,0.8
p_castle_ruin_reichenau_tp3_architekten_1036465,Castle Ruin Reichenau,[tp3] architekten,Reichenau,Austria,cultural,fragmented,temperate,2024,A contemporary intervention that integrates modern architecture with historical ruins.,0.8
p_charcoal_haus_moc_architects_1037266,Charcoal Haus,moc architects,,,residential,compact,temperate,2024,Charcoal Haus is a modern residential project emphasizing sustainability and integration with nature.,0.8
p_cecepshouzuo_beijing_gad_1037347,CECEP·Shouzuo Beijing,gad,Beijing,China,cultural,fragmented,temperate,2024,A cultural center in Beijing promoting environmental education.,0.8
p_childrens_dining_room_in_oviedo_rogelio_ruiz_macario_1037092,Children's Dining Room,Rogelio Ruiz,Oviedo,Spain,institutional,linear,temperate,2024,"A children's dining room designed to foster a sense of community among young users in Oviedo, Spain.",0.8
p_choreography_of_a_cloud_dancing_shadows_art_pavili_yokomae_et_bouayad_1037241,"Choreography of a Cloud, Dancing Shadows Art Pavilion at the Louvre Abu Dhabi",YOKOMAE et BOUAYAD,,,,,,0,,0.0
p_cement_can_be_a_more_sustainable_material_unknown_968785,Cement Can Be A (More) Sustainable Material,,,,research project,,temperate,2024,This project investigates the potential for concrete to be a more sustainable building material.,0.8
p_center_rog_renovation_and_creative_center_bax_studio_1036810,Center Rog – Renovation and Creative Center,Mendoza Partida,Unknown,Unknown,Cultural Center,fragmented,temperate,2024,A renovation project transforming an existing structure into a dynamic creative center.,0.8
p_cia_maritima_store_on_oscar_freire_street_rosenbaum_1034262,Cia Marítima Store on Oscar Freire Street,Rosenbaum,São Paulo,Brazil,retail,linear,tropical,2024,A contemporary retail space for Cia Marítima designed to reflect nautical themes.,0.8
p_ceu_bar_kuster_brizola_arqui_1035941,Céu Bar,Küster Brizola Arquitetos,Rio de Janeiro,Brazil,cultural,linear,tropical,2024,Céu Bar is a vibrant cultural space that fosters community engagement through food and beverage.,0.8
p_clouhaus_hotel_roomoo_design_studio_1035841,Clouhaus Hotel,RooMoo Design Studio,,,hotel,fragmented,tropical,2024,"The Clouhaus Hotel is a modern, luxury accommodation designed by RooMoo Design Studio.",0.8
p_charcoal_haus_moc_architects_1037266,Charcoal Haus,moc architects,,,residential,fragmented,temperate,2024,A sustainable residential design that emphasizes natural materials and integration with its landscape.,0.8
p_community_center_rottenbach_atelier_st_1036546,Community Center Rottenbach,atelier st,Rottenbach,Austria,community center,pavilion,temperate,2024,The Community Center Rottenbach is a sustainable hub for local social activities.,0.85
p_childrens_dining_room_in_oviedo_rogelio_ruiz_macario_1037092,Children's Dining Room in Oviedo,Rogelio Ruiz + Macario G. Astorga,Oviedo,Spain,institutional,linear,temperate,2024,A dedicated children's dining room that combines functionality with an engaging atmosphere.,0.8
p_concentrico_2025_the_politics_of_urban_presence_unknown_1031401,Concéntrico 2025: The Politics of Urban Presence,Unknown,Logroño,Spain,Urban Intervention,fragmented,temperate,2024,Concéntrico 2025 explores the relationship between urban spaces and public presence.,0.8
p_choreography_of_a_cloud_dancing_shadows_art_pavili_yokomae_et_bouayad_1037241,"Choreography of a Cloud, Dancing Shadows Art Pavilion",YOKOMAE et BOUAYAD,Abu Dhabi,United Arab Emirates,Pavilion,pavilion,arid,2024,"A pavilion that explores the interplay of light and shadow, enhancing visitors' experiences at the Louvre Abu Dhabi.",0.8
p_concon_house_osvaldo_larrain_1037180,Concón House,Osvaldo Larrain,Concón,Chile,Residential,fragmented,temperate,2024,Concón House is a modern family residence that seamlessly integrates architecture with the coastal landscape.,0.8
p_concrete_as_a_medium_for_emotion_and_expression_in_unknown_1030307,Concrete as a Medium for Emotion and Expression in Architecture,,,,,,,0,,0.0
p_cia_maritima_store_on_oscar_freire_street_rosenbaum_1034262,Cia Marítima Store on Oscar Freire Street,Rosenbaum,São Paulo,Brazil,Retail Store,linear,tropical,2024,"A contemporary retail space designed by Rosenbaum, located on the bustling Oscar Freire Street in São Paulo.",0.85
p_consciously_driven_in_conversation_with_void_the_c_1035802,Consciously Driven,VOID,San José,Costa Rica,Residential,fragmented,tropical,2024,A project by VOID exploring regenerative architecture principles in Costa Rica.,0.8
p_clouhaus_hotel_roomoo_design_studio_1035841,Clouhaus Hotel,RooMoo Design Studio,,,Hotel,fragmented,tropical,2024,Clouhaus Hotel is a modern hospitality project focused on sustainability and luxurious accommodations.,0.8
p_contextual_interventions_and_an_embrace_of_heritag_unknown_1029256,24 Grados,Unknown Architect,Tegucigalpa,Honduras,Cultural,fragmented,tropical,2024,24 Grados embodies the dialogue between modern architecture and Honduran heritage.,0.8
p_community_center_rottenbach_atelier_st_1036546,Community Center Rottenbach,atelier st,Rottenbach,Austria,community center,fragmented,temperate,2024,"A contemporary community center designed for multifunctional use, incorporating eco-friendly features.",0.8
p_converging_architectural_trends_in_2025_circularit_unknown_1037027,Converging Architectural Trends in 2025,Unknown,,,Sustainable Architecture,compact,temperate,2024,A forward-thinking architectural project focusing on sustainability and innovative materials.,0.8
p_concentrico_2025_the_politics_of_urban_presence_unknown_1031401,Concéntrico 2025: The Politics of Urban Presence,Unknown,Unknown,Unknown,Cultural,fragmented,temperate,2024,An architectural project exploring urban presence and community interactions.,0.8
p_cop30_outcomes_for_the_built_environment_from_sust_unknown_1036340,COP30 Outcomes for the Built Environment,Unknown,Unknown,Unknown,Research/Conference Facility,compact,tropical,2024,A forward-thinking initiative addressing the intersection of climate change and urban architecture.,0.8
p_concon_house_osvaldo_larrain_1037180,Concón House,Osvaldo Larrain + Tomás Tironi,Concón,Chile,Residential,fragmented,temperate,2024,Concón House is a modern residential project that emphasizes openness and connection to the landscape.,0.9
p_concrete_as_a_medium_for_emotion_and_expression_in_unknown_1030307,Concrete as a Medium for Emotion and Expression in Architecture,,,,,,,0,,0.0
p_consciously_driven_in_conversation_with_void_the_c_1035802,"Consciously Driven: In Conversation with VOID, the Costa Rican Studio Shaping Regenerative Architecture",,,,,,,0,,0.0
p_corridor_house_20_i2a_architects_studi_1037106,Corridor House 2.0,i2a Architects Studio,,,Residential,linear,temperate,2024,Corridor House 2.0 is a residential project that emphasizes spatial experience through its corridor-centric design.,0.8
p_crystal_house_aro_studio_1037031,Crystal House,ARO studio,,,,,,0,,0.0
p_contextual_interventions_and_an_embrace_of_heritag_unknown_1029256,Contextual Interventions and an Embrace of Heritage,Unknown,Unknown,Honduras,Cultural,fragmented,tropical,2024,A cultural landmark in Honduras embracing heritage and community.,0.8
p_cut_bend_fold_play_house_matharoo_associates_1037007,Cut Bend Fold Play House,Matharoo Associates,Unknown,India,residential,fragmented,tropical,2024,A playful residential space designed for children encouraging exploration.,0.8
p_converging_architectural_trends_in_2025_circularit_unknown_1037027,"Converging Architectural Trends in 2025: Circularity, Biomaterials, and Carbon-Conscious Design",,,,mixed-use,fragmented,temperate,2024,A forward-thinking architectural project focused on sustainability and the use of innovative building materials.,0.8
p_damen_green_line_station_perkinswill_1036062,Damen Green Line Station,Perkins&Will,Chicago,United States,transportation facility,linear,temperate,2024,The Damen Green Line Station is a modern transportation hub that enhances accessibility and community engagement.,0.8
p_cop30_outcomes_for_the_built_environment_from_sust_unknown_1036340,COP30 Outcomes for the Built Environment,Unknown,Unknown,Unknown,Research and policy document,N/A,N/A,2024,"The project focuses on the outcomes of COP30 regarding the built environment, emphasizing sustainable cooling and climate adaptation.",0.8
p_daniel_a_mid_century_bungalow_felt_architecture_de_1036924,Mid-Century Bungalow,FELT architecture & design,,,residential,linear,temperate,2024,A Mid-Century Bungalow emphasizing seamless indoor-outdoor living.,0.8
p_corridor_house_20_i2a_architects_studi_1037106,Corridor House 2.0,i2a Architects Studio,,,Residential,linear,tropical,2024,Corridor House 2.0 is a contemporary residential design focused on connectivity through a long corridor layout.,0.8
p_david_chipperfield_architects_are_designing_the_20_david_chipperfield_a_978582,2026 Winter Olympics Arena,David Chipperfield Architects,Milan,Italy,arena,pavilion,temperate,2024,A state-of-the-art arena designed for the upcoming Winter Olympics in Milan.,0.8
p_crystal_house_aro_studio_1037031,Crystal House,ARO studio,Unknown,Unknown,Residential,fragmented,temperate,2024,"Crystal House is a modern residential project designed by ARO studio, emphasizing transparency and natural light.",0.8
p_david_martinez_ramos_of_practica_arquitectura_expl_1026929,Exploring a Timeless Architecture with Memory and Sensitivity,David Martínez Ramos,Unknown,Unknown,Residential,clustered,temperate,2024,"A residential project emphasizing timeless design, memory, and sensitivity.",0.8
p_cut_bend_fold_play_house_matharoo_associates_1037007,Cut Bend Fold Play House,Matharoo Associates,,,Residential,fragmented,tropical,2024,"A playful and engaging house designed for children, focusing on creativity and interaction.",0.8
p_denmark_hill_type_1036984,Denmark Hill,TYPE,London,United Kingdom,Residential,clustered,temperate,2024,Denmark Hill is a mixed-use residential development that integrates community spaces.,0.85
p_design_as_impact_adf_2026_honors_architecture_that_unknown_1036649,Design as Impact: ADF 2026 Honors Architecture That Drives Change,,,,,,,0,,0.0
p_damen_green_line_station_perkinswill_1036062,Damen Green Line Station,Perkins&Will,Chicago,United States,Transportation hub,linear,temperate,2024,The Damen Green Line Station is a modern transit hub designed to enhance accessibility and community interaction.,0.8
p_designing_in_harmony_with_nature_architecture_in_u_unknown_1027467,Designing in Harmony with Nature,Unknown Architect,Unknown City,Unknown Country,Mixed-Use,Fragmented,Tropical,2024,A project focusing on integrating architecture with urban wetlands to enhance community well-being.,0.8
p_designing_the_future_again_what_the_55_year_return_unknown_1030730,"Designing the Future, Again: What the 55-Year Return of the World Expo to Osaka Reveals",,,,,,,0,,0.0
p_dialogue_with_the_code_calibrating_standards_for_a_unknown_1035639,Dialogue with the Code: Calibrating Standards for Adaptive Reuse to Thrive,,,,,,,0,,0.0
p_diamas_hayama_apollo_architects_as_1036833,Diamas Hayama,APOLLO Architects & Associates,,,,,,0,,0.0
p_dining_rooms_their_importance_and_possibilities_in_unknown_973763,Dining Rooms: Their Importance and Possibilities in Plans,,,,,,,0,,0.0
p_daniel_a_mid_century_bungalow_felt_architecture_de_1036924,Daniël a Mid-Century Bungalow,FELT architecture & design,,,residential,linear,temperate,2024,A mid-century bungalow that harmonizes indoor and outdoor living spaces.,0.8
p_does_the_cost_of_architectural_education_create_a_unknown_379514,Does the Cost of Architectural Education Create a Barrier to the Profession?,,,,educational,,,2024,A critical examination of the economic barriers in architectural education.,0.8
p_david_chipperfield_architects_are_designing_the_20_david_chipperfield_a_978582,Winter Olympics Arena,David Chipperfield Architects,Milan,Italy,sports arena,linear,temperate,2026,David Chipperfield Architects is designing a cutting-edge arena for the 2026 Winter Olympics in Milan.,0.85
p_dot_ateliers_adjaye_associates_1036823,Dot Ateliers,Adjaye Associates,,,Cultural,fragmented,tropical,2024,Dot Ateliers is a cultural complex designed for artistic creation and community engagement.,0.8
p_david_martinez_ramos_of_practica_arquitectura_expl_1026929,Exploring a Timeless Architecture with Memory and Sensitivity,David Martínez Ramos,,,Residential,fragmented,temperate,2024,A residential project by David Martínez Ramos that explores architectural sensitivity and memory.,0.8
p_denmark_hill_type_1036984,Denmark Hill,TYPE,,,,,,0,,0.0
p_design_as_impact_adf_2026_honors_architecture_that_unknown_1036649,Design as Impact: ADF 2026 Honors Architecture That Drives Change,,,,,,,0,,0.0
p_designing_in_harmony_with_nature_architecture_in_u_unknown_1027467,Designing in Harmony with Nature: Architecture in Urban Wetlands and the Pursuit of Territorial Well-Being,,,,,,,0,,0.0
p_down_in_the_clouds_increments_studio_1037350,Down in the Clouds,Practice on Earth + Increments Studio,,,mixed-use,fragmented,temperate,2024,A mixed-use residential project designed to connect community and environment.,0.8
p_designing_the_future_again_what_the_55_year_return_unknown_1030730,"Designing the Future, Again: What the 55-Year Return of the World Expo to Osaka Reveals",,Osaka,Japan,Exposition/World Fair,clustered,tropical,2024,"The project celebrates the return of the World Expo to Osaka, enhancing cultural exchange and innovation.",0.8
p_druid_grove_terrace_house_can_architecture_and_1037166,Druid Grove Terrace House,CAN,Unknown,Unknown,Residential,fragmented,temperate,2024,The Druid Grove Terrace House is a contemporary residential project that harmonizes with its natural surroundings.,0.8
p_dialogue_with_the_code_calibrating_standards_for_a_unknown_1035639,Dialogue with the Code: Calibrating Standards for Adaptive Reuse to Thrive,Unknown,Unknown,Unknown,adaptive reuse,fragmented,temperate,2024,An architectural project addressing the standards for adaptive reuse in urban environments.,0.8
p_durable_and_reusable_new_technologies_for_sileston_unknown_965799,Durable and Reusable: New Technologies for Silestone Surfaces that Embrace the Circular Economy,Unknown,Unknown,Unknown,Industrial,fragmented,temperate,2024,"A project aimed at revolutionizing Silestone surfaces with durable, reusable technologies aligned with circular economy principles.",0.8
p_diamas_hayama_apollo_architects_as_1036833,Diamas Hayama,APOLLO Architects & Associates,Hayama,Japan,Residential,fragmented,temperate,2024,Diamas Hayama is a residential project designed to harmoniously blend with its natural surroundings.,0.8
p_dutch_barn_house_rx_architects_1037113,Dutch Barn House,RX Architects,Unknown,Netherlands,Residential,linear,temperate,2024,The Dutch Barn House reinterprets traditional barn architecture for modern living.,0.8
p_dining_rooms_their_importance_and_possibilities_in_unknown_973763,Dining Rooms: Their Importance and Possibilities in Plans,,,,Residential,,,2024,A conceptual study on the importance and possibilities of dining rooms in architectural designs.,0.8
p_does_the_cost_of_architectural_education_create_a_unknown_379514,Does the Cost of Architectural Education Create a Barrier to the Profession?,,,,educational,,,2024,A study on the financial barriers within architectural education.,0.8
p_enor_showroom_studioknot_1036408,Enor Showroom,studioknot,Unknown,Unknown,showroom,linear,temperate,2024,A modern showroom designed by studioknot focusing on a comprehensive product display and customer interaction.,0.8
p_dot_ateliers_adjaye_associates_1036823,Dot Ateliers,Adjaye Associates,,,mixed-use,fragmented,tropical,2024,Dot Ateliers by Adjaye Associates is a cultural hub designed to foster creativity and community engagement.,0.8
p_environmental_noise_improving_urban_soundscapes_fo_unknown_1029098,Environmental Noise: Improving Urban Soundscapes for Well-Being,Unknown,Unknown,Unknown,urban design,fragmented,temperate,2024,A project aimed at reducing urban noise pollution through innovative design.,0.8
p_down_in_the_clouds_increments_studio_1037350,Down in the Clouds,Practice on Earth + Increments Studio,,,Mixed-use,fragmented,temperate,2024,A harmonious mixed-use project that enhances urban living by integrating natural elements.,0.8
p_environments_of_curiosity_translating_pedagogy_int_unknown_1033238,Environments of Curiosity,Unknown,,,Educational,courtyard,temperate,2024,A pedagogically driven architectural project creating engaging learning environments for children.,0.8
p_druid_grove_terrace_house_can_architecture_and_1037166,Druid Grove Terrace House,CAN,Toronto,Canada,Residential,fragmented,temperate,2024,A contemporary residence harmoniously integrating with its natural surroundings.,0.8
p_esca_playa_badie_architects_1037230,Esca Playa,Badie Architects,,,residential,clustered,tropical,2024,Esca Playa is a residential project designed by Badie Architects focused on fostering community interaction.,0.8
p_durable_and_reusable_new_technologies_for_sileston_unknown_965799,Durable and Reusable,Cosentino,,Spain,Product design,,,2024,A project focused on creating sustainable Silestone surfaces utilizing new technologies.,0.8
p_escenario_hanabusayama_ryuichi_sasaki_archi_1037101,Escenario Hanabusayama,Ryuichi Sasaki,Unknown,Japan,cultural,fragmented,temperate,2024,A cultural performance venue set in the scenic backdrop of Hanabusayama.,0.8
p_dutch_barn_house_rx_architects_1037113,Dutch Barn House,RX Architects,,Netherlands,Residential,linear,temperate,2024,"The Dutch Barn House is a contemporary residential project designed by RX Architects, merging traditional barn aesthetics with modern living.",0.8
p_espai_hb_office_hb_estudi_darquitect_1017598,ESPAI HB Office,HB Estudi d'Arquitectura,,,office,linear,temperate,2024,ESPAI HB Office is a modern workspace designed for collaborative working.,0.8
p_enor_showroom_studioknot_1036408,Enor Showroom,studioknot,Unknown,Unknown,Showroom,fragmented,temperate,2024,A modern showroom designed to enhance product visibility and customer experience.,0.8
p_estels_house_endalt_arquitectes_1035806,Estels House,ENDALT Arquitectes,,,residential,fragmented,temperate,2024,Estels House is a contemporary residential project designed by ENDALT Arquitectes.,0.8
p_environmental_noise_improving_urban_soundscapes_fo_unknown_1029098,Environmental Noise: Improving Urban Soundscapes for Well-Being,Unknown,Unknown,Unknown,urban intervention,fragmented,unknown,2024,A project focused on transforming urban soundscapes to improve well-being.,0.8
p_estrela_apartment_lucky_star_spacegram_1036928,Estrela Apartment,Spacegram,Lisbon,Portugal,Residential,fragmented,temperate,2024,The Estrela Apartment offers a modern residential solution with a focus on sustainability.,0.8
p_environments_of_curiosity_translating_pedagogy_int_unknown_1033238,Environments of Curiosity,Unknown,Unknown,Unknown,Educational Facility,fragmented,temperate,2024,A forward-thinking educational facility designed for children that embodies progressive pedagogical philosophies.,0.7
p_expanding_practice_architecture_think_tanks_at_the_oma_1029255,Expanding Practice: Architecture Think Tanks at the Intersection of Research and Design,Unknown,Unknown,Unknown,Research Center,fragmented,temperate,2024,A research-focused architecture think tank promoting the fusion of research and design.,0.8
p_esca_playa_badie_architects_1037230,Esca Playa,Badie Architects,,,residential,linear,tropical,2024,"Esca Playa is a luxurious residential project designed by Badie Architects, emphasizing coastal living.",0.8
p_expansion_and_renovation_of_primary_school_urban_i_atelier_archmixing_1036183,Expansion and Renovation of Primary School & Urban Infrastructure Multi-system Complex,Atelier Archmixing,Unknown,Unknown,School,fragmented,temperate,2024,This project involves the expansion and renovation of a primary school with an integrated urban multi-system complex.,0.8
p_escenario_hanabusayama_ryuichi_sasaki_archi_1037101,Escenario Hanabusayama,Ryuichi Sasaki,,,cultural,fragmented,temperate,2024,A new cultural performance venue that integrates with its natural surroundings.,0.8
p_experimental_shelter_in_the_sierra_de_segura_santzo_arquitectos_1036707,Experimental Shelter in the Sierra de Segura,SANTZO arquitectos,,Spain,shelter,fragmented,temperate,2024,A unique experimental shelter in the Sierra de Segura focused on sustainability and integration with nature.,0.8
p_extending_roofs_from_brazil_to_india_parallel_resi_unknown_1026829,Extending Roofs from Brazil to India: Parallel Residential Design Elements as Seen in 10 Projects,,,,Residential,fragmented,tropical,2024,A comparative analysis of residential design elements focusing on roof structures found in Brazil and India.,0.8
p_espai_hb_office_hb_estudi_darquitect_1017598,ESPAI HB Office,HB Estudi d'Arquitectura,Barcelona,Spain,office,fragmented,temperate,2024,ESPAI HB Office is a contemporary office designed to foster collaboration while maximizing natural light.,0.85
p_extending_the_lifespan_of_materials_circularity_an_unknown_1036758,Extending the Lifespan of Materials,Unknown Architect,,,Unknown,,Unknown,2024,A design project focused on enhancing the recyclability of building materials.,0.8
p_estels_house_endalt_arquitectes_1035806,Estels House,ENDALT Arquitectes,Unknown,Unknown,Residential,fragmented,temperate,2024,Estels House is a modern residential project integrating sustainable designs with functional living spaces.,0.8
p_faculty_of_humanities_building_industrial_universi_taller_de_arquitectu_1036751,Faculty of Humanities Building,taller de arquitectura de bogotá,Bucaramanga,Colombia,educational,fragmented,tropical,2024,A modern educational building designed to support humanities studies at the Industrial University of Santander.,0.85
p_estrela_apartment_lucky_star_spacegram_1036928,Estrela Apartment,Lucky Star,São Paulo,Brazil,Residential,fragmented,tropical,2024,The Estrela Apartment is a modern residential building designed to maximize natural light and community interaction.,0.85
p_european_capitals_of_culture_2026_oulu_and_trencin_unknown_1036761,European Capitals of Culture 2026,,Oulu and Trenčín,Finland and Slovakia,Cultural Program,,temperate,2024,Oulu and Trenčín are selected to lead Europe's cultural programming in 2026.,0.8
p_faculty_of_psychology_of_the_university_of_warsaw_projekt_praga_1037245,Faculty of Psychology of the University of Warsaw,Projekt Praga,Warsaw,Poland,educational,fragmented,temperate,2024,The Faculty of Psychology at the University of Warsaw is a modern educational facility designed to foster collaboration and research.,0.9
p_expanding_practice_architecture_think_tanks_at_the_oma_1029255,Expanding Practice: Architecture Think Tanks at the Intersection of Research and Design,Unknown,Unknown,Unknown,think tank,fragmented,temperate,2024,A think tank for architectural research focusing on the intersection of design and innovation.,0.8
p_faculty_of_sciences_pontifical_xavierian_universit_taller_de_arquitectu_1037090,Faculty of Sciences,Taller de Arquitectura de Bogotá,Bogotá,Colombia,Educational Institution,fragmented,tropical,2024,The Faculty of Sciences at Pontifical Xavierian University integrates modern educational environments with sustainable design.,0.8
p_fairmead_house_apricot_square_1036639,Fairmead House,Unknown Architect/Firm,Unknown City,Unknown Country,Residential,fragmented,temperate,2024,Fairmead House is a contemporary residential project designed to enhance indoor and outdoor living.,0.8
p_expansion_and_renovation_of_primary_school_urban_i_atelier_archmixing_1036183,Expansion and Renovation of Primary School & Urban Infrastructure Multi-system Complex,Atelier Archmixing,,,school,fragmented,temperate,2024,A project focused on expanding and renovating a primary school while enhancing urban infrastructure.,0.8
p_farewell_to_masters_remembering_the_architects_we_turenscape_1036574,Farewell to Masters,,,,cultural,linear,temperate,2024,A memorial space honoring the contributions of architects who passed in 2025.,0.8
p_experimental_shelter_in_the_sierra_de_segura_santzo_arquitectos_1036707,Experimental Shelter in the Sierra de Segura,SANTZO arquitectos,,Spain,shelter,fragmented,temperate,2024,An innovative shelter designed to harmonize with the Sierra de Segura's natural landscape.,0.8
p_farm_table_restaurant_yod_group_1037438,Farm Table Restaurant,YOD Group,,,restaurant,pavilion,temperate,2024,Farm Table Restaurant is a newly designed dining space that celebrates local produce through its architectural and culinary design.,0.8
p_extending_roofs_from_brazil_to_india_parallel_resi_unknown_1026829,Extending Roofs from Brazil to India: Parallel Residential Design Elements as Seen in 10 Projects,Unknown,Various,"Brazil, India",Residential,varied,tropical/temperate,2024,An exploration of residential architectural designs between Brazil and India focusing on roof structures.,0.8
p_fezh_itm_yooehwa_architec_1036764,FEZH,Itm Yooehwa Architects,,,mixed-use,fragmented,temperate,2024,FEZH is a mixed-use cultural facility emphasizing community interaction and sustainability.,0.8
p_extending_the_lifespan_of_materials_circularity_an_unknown_1036758,Extending the Lifespan of Materials,Unknown,Unknown,Unknown,Unknown,Unknown,Unknown,2024,A project emphasizing the importance of materials in design.,0.8
p_faculty_of_humanities_building_industrial_universi_taller_de_arquitectu_1036751,Faculty of Humanities Building - Industrial University of Santander,taller de arquitectura de bogotá,,,,,,0,,0.0
p_first_building_bradfield_city_centre_hassell_1036743,"First Building, Bradfield City Centre",HASSELL,Bradfield,Australia,mixed-use,tower,temperate,2024,The First Building at Bradfield City Centre represents a modern mixed-use development designed to foster community engagement.,0.8
p_faculty_of_psychology_of_the_university_of_warsaw_projekt_praga_1037245,Faculty of Psychology of the University of Warsaw,Projekt Praga,Warsaw,Poland,Educational,fragmented,temperate,2024,A contemporary faculty building designed to foster collaboration and innovative teaching.,0.8
p_first_photos_revealed_of_grand_ring_by_sou_fujimot_sou_foujimoto_archit_1020560,Grand Ring,Sou Fujimoto,Osaka,Japan,Exhibition Pavilion,pavilion,humid subtropical,2024,"The Grand Ring by Sou Fujimoto serves as a centerpiece for Expo 2025 in Osaka, showcasing innovative design.",0.8
p_flexible_outdoor_dining_spaces_with_high_quality_c_unknown_958506,Flexible Outdoor Dining Spaces with High-Quality Canopies for All Seasons,N/A,N/A,N/A,commercial,open,temperate,2024,An innovative design for flexible outdoor dining spaces featuring high-quality canopies for all seasons.,0.8
p_faculty_of_sciences_pontifical_xavierian_universit_taller_de_arquitectu_1037090,Faculty of Sciences,Taller de Arquitectura de Bogotá,Bogotá,Colombia,Educational,linear,tropical,2024,A faculty building that promotes interdisciplinary learning through flexible spaces.,0.85
p_fairmead_house_apricot_square_1036639,Fairmead House / Apricot Square,Unknown Architect,,,Residential,fragmented,temperate,2024,A modern residential design that harmonizes with its environment.,0.8
p_fnn_sustainability_center_acararch_1002131,Sustainability Center,ACARARCH,,,sustainability center,pavilion,tropical,2024,The FNN Sustainability Center is a modern educational facility dedicated to promoting sustainable practices.,0.8
p_farewell_to_masters_remembering_the_architects_we_turenscape_1036574,Farewell to Masters: Remembering the Architects We Lost in 2025,,,,,,,0,,0.0
p_forest_shelter_sol_galliano_1037088,Forest Shelter,Sol Galliano,Not specified,Not specified,Residential,fragmented,temperate,2024,A serene forest shelter designed by Sol Galliano for retreat and relaxation in nature.,0.8
p_farm_table_restaurant_yod_group_1037438,Farm Table Restaurant,YOD Group,,,Restaurant,linear,temperate,2024,Farm Table Restaurant is a modern dining space that embodies sustainable practices and a connection to local agriculture.,0.8
p_fragile_by_design_can_buildings_learn_to_bend_with_unknown_1036635,Fragile by Design: Can Buildings Learn to Bend Without Breaking?,Unknown Architect,Unknown,Unknown,Experimental Architecture,fragmented,temperate,2024,A project exploring the resilience of buildings through flexible design.,0.8
p_fezh_itm_yooehwa_architec_1036764,FEZH,Itm Yooehwa Architects,,,Cultural,fragmented,temperate,2024,"FEZH is a mixed-use cultural facility designed by Itm Yooehwa Architects, focusing on community engagement.",0.8
p_francois_ier_building_barthelemy_grino_arc_1036904,François Ier Building,Barthélémy Griño Architectes,,,office,fragmented,temperate,2024,The François Ier Building is a contemporary office space designed to foster collaboration and innovation.,0.8
p_first_building_bradfield_city_centre_hassell_1036743,First Building,HASSELL,Bradfield,Australia,mixed-use,tower,temperate,2024,The First Building at Bradfield City Centre is a modern mixed-use development combining commercial and community spaces.,0.85
p_first_photos_revealed_of_grand_ring_by_sou_fujimot_sou_foujimoto_archit_1020560,First Photos Revealed of 'Grand Ring' by Sou Fujimoto for Expo 2025 Osaka,,,,,,,0,,0.0
p_flexible_outdoor_dining_spaces_with_high_quality_c_unknown_958506,Flexible Outdoor Dining Spaces with High-Quality Canopies for All Seasons,,,,,,,0,,0.0
p_frank_gehry_visionary_architect_of_the_bilbao_gugg_unknown_1036716,Bilbao Guggenheim,Frank Gehry,Bilbao,Spain,museum,fragmented,temperate,1997,"The Bilbao Guggenheim, designed by Frank Gehry, is a groundbreaking contemporary art museum.",0.95
p_fnn_sustainability_center_acararch_1002131,FNN Sustainability Center,ACARARCH,,,sustainability center,fragmented,temperate,2024,The FNN Sustainability Center by ACARARCH focuses on sustainability education and community engagement.,0.8
p_from_concrete_to_cultivation_how_ai_and_robotics_a_unknown_1035189,From Concrete to Cultivation,Not Provided,Not Provided,Not Provided,Research Facility,fragmented,temperate,2024,A pioneering architectural project merging AI technology with sustainable cultivation.,0.8
p_forest_shelter_sol_galliano_1037088,Forest Shelter,Sol Galliano,,,residential,fragmented,temperate,2024,A minimalist residential retreat harmoniously integrated within a forest.,0.8
p_from_ecologies_to_everyday_life_reflecting_on_arch_unknown_1036818,From Ecologies to Everyday Life,To be determined,To be determined,To be determined,exhibition space,fragmented,temperate,2024,An innovative exhibition space exploring the intersection of ecological themes and everyday experiences.,0.8
p_fragile_by_design_can_buildings_learn_to_bend_with_unknown_1036635,Fragile by Design,Unknown,Unknown,Unknown,Research/Conceptual Building,fragmented,unknown,2024,A research project exploring the adaptability of buildings to environmental changes.,0.8
p_from_extraction_to_regeneration_architectures_role_unknown_1032047,From Extraction to Regeneration,N/A,N/A,N/A,rural development,clustered,tropical,2024,A project that explores the transition from resource extraction to sustainable rural development.,0.8
p_francois_ier_building_barthelemy_grino_arc_1036904,François Ier Building,Barthélémy Griño Architectes,Unknown,France,Mixed-use,fragmented,temperate,2024,"The François Ier Building is a mixed-use development that creatively integrates residential, commercial, and cultural spaces.",0.8
p_from_hotels_to_concert_halls_8_distinctive_project_unknown_970134,From Hotels to Concert Halls,Unknown,Unknown,Unknown,Mixed-use,fragmented,temperate,2024,A collection of various projects that showcase innovative bathroom designs within hotels and concert halls.,0.8
p_frank_gehry_visionary_architect_of_the_bilbao_gugg_unknown_1036716,Bilbao Guggenheim,Frank Gehry,Bilbao,Spain,Museum,fragmented,temperate,1997,"The Bilbao Guggenheim is an iconic museum designed by Frank Gehry, renowned for its innovative sculptural form and use of materials.",0.9
p_from_housing_policy_in_europe_to_large_scale_maste_skidmore_owings_merr_1037399,From Housing Policy in Europe to Large-Scale Master Planning in Mongolia: This Week’s Review,,,Mongolia,master planning,clustered,temperate,2024,A review of housing policies in Europe and their application to large-scale master planning in Mongolia.,0.8
p_from_concrete_to_cultivation_how_ai_and_robotics_a_unknown_1035189,From Concrete to Cultivation,Unknown,Unknown,Unknown,Research Facility,fragmented,tempered,2024,An innovative architectural project leveraging AI and robotics to transform material logic in design.,0.8
p_from_japan_to_saudi_arabia_8_unbuilt_hospitality_p_unknown_1033568,From Japan to Saudi Arabia: 8 Unbuilt Hospitality Projects Redefining the Future of Hotels and Resorts,Various,,"Japan, Saudi Arabia",hospitality,varied,arid,2024,A collection of innovative hospitality projects aimed at transforming the hotel experience in diverse cultural contexts.,0.8
p_from_london_to_houston_four_ongoing_pedestrianisat_spacescape_1037458,From London to Houston: Four Ongoing Pedestrianisation Initiatives Shaping More Walkable Cities,,,,,,,0,,0.0
p_from_ecologies_to_everyday_life_reflecting_on_arch_unknown_1036818,From Ecologies to Everyday Life,Unknown,Unknown,Unknown,Exhibition,fragmented,temperate,2024,A future architectural exhibition focusing on the relationship between ecology and daily life.,0.8
p_from_paper_tube_shelters_to_timber_innovations_shi_japanese_architect_s_1017271,From Paper Tube Shelters to Timber Innovations,Shigeru Ban,,,Architectural Monograph,,,2024,Examination of Shigeru Ban's architectural philosophy and innovative structures.,0.8
p_from_extraction_to_regeneration_architectures_role_unknown_1032047,From Extraction to Regeneration,Unknown,,Latin America,cultural,clustered,tropical,2024,This project explores the role of architecture in promoting sustainable rural development in Latin America.,0.8
p_galleri_sonja_norm_architects_1037151,Galleri Sonja,NORM Architects,Copenhagen,Denmark,Gallery,fragmented,temperate,2024,Galleri Sonja is a contemporary art gallery designed to foster creativity and community engagement.,0.8
p_from_hotels_to_concert_halls_8_distinctive_project_unknown_970134,From Hotels to Concert Halls: 8 Distinctive Projects With Original Bathrooms,,,,cultural,fragmented,,2024,"A unique architectural exploration transforming hotels into concert halls, maintaining original bathroom aesthetics.",0.8
p_gardeners_pavilion_club_hipico_de_santiago_valdivieso_arquitect_993269,Gardeners' Pavilion,José Ignacio Valdivieso,Santiago,Chile,pavilion,pavilion,temperate,2024,A vibrant social pavilion designed for the gardening community in Santiago.,0.8
p_from_housing_policy_in_europe_to_large_scale_maste_skidmore_owings_merr_1037399,From Housing Policy in Europe to Large-Scale Master Planning in Mongolia,,,Mongolia,urban planning,fragmented,continental,2024,"The project explores large-scale master planning in Mongolia, influenced by European housing policies.",0.8
p_gelato_messina_cronulla_sans_arc_studio_1037373,Gelato Messina Cronulla,Sans-Arc Studio,Cronulla,Australia,commercial,compact,temperate,2024,Gelato Messina Cronulla is a vibrant retail space designed to enhance the visual appeal of the beachfront environment.,0.8
p_george_street_plaza_community_building_adjaye_associates_1036820,George Street Plaza & Community Building,Adjaye Associates,,,,,,0,,0.0
p_from_japan_to_saudi_arabia_8_unbuilt_hospitality_p_unknown_1033568,From Japan to Saudi Arabia: 8 Unbuilt Hospitality Projects Redefining the Future of Hotels and Resorts,,,Saudi Arabia,hospitality,varied,arid,2024,An exploration of eight unbuilt hospitality projects that aim to redefine hotel and resort experiences in Saudi Arabia.,0.8
p_global_heating_how_vernacular_architecture_is_affe_unknown_1035554,Global Heating: How Vernacular Architecture is Affected by the Climate Crisis,,,,research,,,2024,A research project exploring the impact of climate change on vernacular architecture.,0.8
p_from_london_to_houston_four_ongoing_pedestrianisat_spacescape_1037458,From London to Houston: Four Ongoing Pedestrianisation Initiatives Shaping More Walkable Cities,,"London, Houston","United Kingdom, United States",Urban Planning,,temperate,2024,An exploration of ongoing pedestrianisation initiatives in London and Houston aimed at creating more walkable urban environments.,0.8
p_gradignan_school_ateliers_mathieu_lap_1037236,Gradignan School,Ateliers Mathieu Laporte,Gradignan,France,School,courtyard,temperate,2024,Gradignan School is an innovative educational facility that blends modern architecture with functional design.,0.8
p_from_paper_tube_shelters_to_timber_innovations_shi_japanese_architect_s_1017271,From Paper Tube Shelters to Timber Innovations,Shigeru Ban,,,exhibition,fragmented,temperate,2024,A celebration of Shigeru Ban's architectural career and innovations in materials.,0.85
p_galleri_sonja_norm_architects_1037151,Galleri Sonja,NORM Architects,,,,,,0,,0.0
p_grande_armee_l1ve_office_building_baumschlager_eberle__1018539,Grande Armée L1ve Office Building,Baumschlager Eberle Architekten,Paris,France,office,linear,temperate,2024,An innovative office building designed for collaboration in Paris.,0.8
p_gardeners_pavilion_club_hipico_de_santiago_valdivieso_arquitect_993269,Gardeners' Pavilion Club Hípico de Santiago,José Ignacio Valdivieso,,,,,,0,,0.0
p_green,Green Interiors Trends From Around The World,,,,,,,0,,0.0
p_gelato_messina_cronulla_sans_arc_studio_1037373,Gelato Messina Cronulla,Sans-Arc Studio,,,,,,0,,0.0
p_george_street_plaza_community_building_adjaye_associates_1036820,George Street Plaza & Community Building,Adjaye Associates,Unknown,Unknown,Community Building,fragmented,temperate,2024,The George Street Plaza & Community Building serves as a vibrant hub for community interaction.,0.8
p_handong_university_prayer_room_heavens_voice_itm_yooehwa_architec_1036744,Prayer Room Heaven's Voice,Itm Yooehwa Architects,Sungnam,South Korea,Religious,pavilion,temperate,2024,Handong University Prayer Room Heaven's Voice is a serene space for spiritual contemplation located within the campus.,0.8
p_global_heating_how_vernacular_architecture_is_affe_unknown_1035554,Global Heating: How Vernacular Architecture is Affected by the Climate Crisis,,,,research/architecture,,temperate,2024,A research project examining the impact of climate change on vernacular architecture.,0.8
p_hang_tau_kindergarten_and_primary_school_112_architects_1036946,Hang Tau Kindergarten and Primary School,1+1>2 Architects,,,school,fragmented,tropical,2024,A kindergarten and primary school designed to foster early education in a nurturing environment.,0.8
p_haras_house_cinco_solidos_1036401,Haras House / Cinco Sólidos,Cinco Sólidos,,,Residential,fragmented,tropical,2024,Haras House is a contemporary residential project emphasizing harmony with its natural surroundings.,0.8
p_gradignan_school_ateliers_mathieu_lap_1037236,Gradignan School,Ateliers Mathieu Laporte,Gradignan,France,School,fragmented,temperate,2024,"The Gradignan School, designed by Ateliers Mathieu Laporte and Fagart & Fontana, offers a modern educational facility that promotes interaction and learning.",0.8
p_grande_armee_l1ve_office_building_baumschlager_eberle__1018539,Grande Armée L1ve Office Building,Baumschlager Eberle Architekten,,,,,,0,,0.0
p_harnessing_vertical_light_strategies_for_spatial_d_unknown_1034687,Harnessing Vertical Light,Unknown,Unknown,Unknown,Institutional,compact,temperate,2024,A community center designed to enhance natural light while offering comfortable spaces.,0.8
p_green,Green Interiors Trends From Around The World,,,,Interior Design,,,2024,Showcases innovative green interior design trends across various cultures.,0.8
p_hate_contemporary_architecture_blame_economics_not_zaha_hadid_884086,"Hate Contemporary Architecture? Blame Economics, Not Architects",,,,,,,2024,A critique of contemporary architecture influenced by economic considerations.,0.8
p_guot_garden_club_house_ho_khue_architects_1037026,Guột Garden Club House,Ho Khue Architects,,Vietnam,club house,courtyard,tropical,2024,A community-focused club house designed to blend with its natural surroundings.,0.8
p_heifort_a_single_story_home_felt_architecture_de_1036925,Heifort a Single-Story Home,FELT architecture & design,,,Residential,linear,temperate,2024,Heifort is a contemporary single-story home that emphasizes integration with its natural surroundings.,0.8
p_handong_university_prayer_room_heavens_voice_itm_yooehwa_architec_1036744,Prayer Room Heaven's Voice,Itm Yooehwa Architects,Pohang,South Korea,religious,pavilion,temperate,2024,A serene prayer space at Handong University designed for individual and group prayer.,0.8
p_historic_materials_in_the_digital_age_how_digitall_unknown_1029725,Historic Materials in the Digital Age,Unknown,Unknown,Unknown,Cultural,fragmented,temperate,2024,This project explores the integration of digitally assisted stone carving in the restoration of heritage sites.,0.8
p_hang_tau_kindergarten_and_primary_school_112_architects_1036946,Hang Tau Kindergarten and Primary School,1+1>2 Architects,Hang Tau,China,Educational,fragmented,tropical,2024,The Hang Tau Kindergarten and Primary School is a modern educational facility designed to foster early childhood development in a nurturing environment.,0.8
p_haras_house_cinco_solidos_1036401,Haras House,Cinco Sólidos,,,,,,0,,0.0
p_harnessing_vertical_light_strategies_for_spatial_d_unknown_1034687,Harnessing Vertical Light: Strategies for Spatial Depth and Comfort,,,,,,,0,,0.0
p_ho_un_house_iroje_khm_architects_1037005,HO-UN House,IROJE KHM Architects,Unknown,Unknown,Residential,fragmented,temperate,2024,HO-UN House is a contemporary residence that integrates nature with living spaces.,0.8
p_hate_contemporary_architecture_blame_economics_not_zaha_hadid_884086,"Hate Contemporary Architecture? Blame Economics, Not Architects",,,,Article,,,2024,An article analyzing the impact of economics on contemporary architecture.,0.8
p_hollow_house_augusto_quijano_arqu_1037140,Hollow House,Boyancé Arquitectura,,,Residential,fragmented,tropical,2024,Hollow House is a residential project that emphasizes harmony with nature and natural light.,0.8
p_heifort_a_single_story_home_felt_architecture_de_1036925,Heifort a Single-Story Home,FELT architecture & design,,,residential,linear,temperate,2024,Heifort is a contemplative single-story home that emphasizes blending with nature.,0.8
p_hotels_that_belong_to_their_landscape_contextual_a_aristides_dallas_arc_1036191,Hotels That Belong to Their Landscape,Unknown Architect/Firm,,,Hospitality,fragmented,temperate,2024,A hospitality project focused on integrating hotels into their natural landscapes.,0.8
p_historic_materials_in_the_digital_age_how_digitall_unknown_1029725,Historic Materials in the Digital Age,Unknown,Unknown,Unknown,Cultural,fragmented,temperate,2024,A project that integrates digital technology with traditional stone carving methods for heritage restoration.,0.8
p_house_comet_gaiss_1036679,House Comet,GAISS,Unknown,Unknown,Residential,fragmented,temperate,2024,House Comet is a contemporary residential design by GAISS that emphasizes harmony with nature.,0.8
p_ho_un_house_iroje_khm_architects_1037005,HO-UN House,IROJE KHM Architects,,South Korea,Residential,fragmented,temperate,2024,The HO-UN House is a modern residential project that harmonizes architecture with its surrounding landscape.,0.8
p_hollow_house_augusto_quijano_arqu_1037140,Hollow House,Boyancé Arquitectura,TBD,TBD,Residential,fragmented,tropical,2024,Hollow House is a contemporary residential project that emphasizes integration with nature while providing functional living spaces.,0.8
p_house_eira_do_cruzeiro_nova_1036803,Eira do Cruzeiro,NOVA,,,residential,fragmented,temperate,2024,House Eira do Cruzeiro is a modern residential solution that integrates with its natural surroundings.,0.85
p_hotels_that_belong_to_their_landscape_contextual_a_aristides_dallas_arc_1036191,Hotels That Belong to Their Landscape,Unknown,Unknown,Unknown,Hospitality,clustered,temperate,2024,This project focuses on hotels designed to harmonize with their surrounding landscapes.,0.8
p_house_follia_biazus_arquitetura_1036579,Follia,Biazus Arquitetura,,,Residential,fragmented,tropical,2024,House Follia is a contemporary residence designed to harmonize with nature.,0.8
p_house_14_akaike_kazuhito_arch_1036976,House 14°,Akaike Kazuhito Architect & Associates,,,residential,fragmented,temperate,2024,House 14° is a modern residential project designed to harmonize with its surrounding environment.,0.85
p_house_hsbw_florian_baller_1036693,House HSBW,Simon Kochhan + Florian Baller,,,Residential,fragmented,temperate,2024,House HSBW is a modern residential project focused on sustainability and harmony with its landscape.,0.8
p_house_comet_gaiss_1036679,House Comet,GAISS,,,residential,fragmented,temperate,2024,House Comet is an innovative single-family residence designed to fit harmoniously within its suburban context.,0.8
p_house_in_fonte_das_perdizes_goncalobonniz_arquit_1011948,House in Fonte das Perdizes,gonçalobonniz arquitectos,Unknown,Portugal,Residential,fragmented,temperate,2024,The House in Fonte das Perdizes is a modern residential design that integrates seamlessly with its natural surroundings.,0.8
p_house_eira_do_cruzeiro_nova_1036803,Eira do Cruzeiro,NOVA,,,Residential,fragmented,temperate,2024,A contemporary residential project that harmonizes with its natural surroundings.,0.8
p_house_in_koganei_sa_house_ofa_officeforarchite_1037252,House in Koganei,OFA,Koganei,Japan,Residential,fragmented,temperate,2024,A contemporary single-family home designed for comfort and sustainability.,0.8
p_house_in_la_vicentina_al_borde_1036973,House in La Vicentina,Al Borde,,Chile,Residential,linear,temperate,2024,A contemporary residential project designed to harmonize with its natural surroundings.,0.8
p_house_follia_biazus_arquitetura_1036579,House Follia,Biazus Arquitetura,Unknown,Unknown,Residential,Fragmented,Tropical,2024,House Follia is a contemporary residential project emphasizing privacy and spatial harmony with its natural surroundings.,0.8
p_house_hsbw_florian_baller_1036693,House HSBW,Simon Kochhan + Florian Baller,,,,,,0,,0.0
p_house_in_sano_hidekazu_kishi_archi_1037066,House in Sano,Hidekazu Kishi,Sano,Japan,Residential,fragmented,temperate,2024,A residential architecture project that emphasizes harmony with nature and sustainable living.,0.8
p_house_in_fonte_das_perdizes_goncalobonniz_arquit_1011948,House in Fonte das Perdizes,gonçalobonniz arquitectos,Fonte das Perdizes,Portugal,residential,fragmented,temperate,2024,A modern residential house designed to harmonize with its landscape.,0.8
p_house_in_koganei_sa_house_ofa_officeforarchite_1037252,"House in Koganei, SA House",OFA (OfficeForArchitects) Architectural Design Office,,,,,,0,,0.0
p_house_in_la_vicentina_al_borde_1036973,House in La Vicentina,Al Borde,,,,,,0,,0.0
p_house_in_sano_hidekazu_kishi_archi_1037066,House in Sano,Hidekazu Kishi Architects,,,,,,0,,0.0
p_house_in_villa_paranacito_martina_lew_1037176,House in Villa Paranacito,Martina Lew,,,,,,0,,0.0
p_house_in_villa_paranacito_martina_lew_1037176,House in Villa Paranacito,Martina Lew,Villa Paranacito,Argentina,Residential,linear,tropical,2024,A modern residential project that harmonizes with its rural context.,0.8
p_house_in_white_ucees_1036553,House in White,UCEES,Unknown City,Unknown Country,residential,fragmented,temperate,2024,A modern residential project characterized by its bright white facade and open layout.,0.85
p_house_kuo_zuso_studio_1037133,House Kuo,zuso studio,,,residential,fragmented,temperate,2024,House Kuo is a contemporary residential project designed by zuso studio.,0.8
p_house_in_white_ucees_1036553,House in White,UCEES,Unknown,Unknown,Residential,fragmented,temperate,2024,A contemporary residential design characterized by its white facade and emphasis on natural light.,0.8
p_house_mf_daniel_fromer_1037141,House MF,Daniel Fromer,,,Residential,fragmented,temperate,2024,House MF is a modern residential project emphasizing sustainability and family interaction.,0.8
p_house_kuo_zuso_studio_1037133,House Kuo,zuso studio,Unknown,Taiwan,Residential,compact,tropical,2024,House Kuo is a contemporary residential project by zuso studio.,0.8
p_house_of_porphyry_mosley_thorold_1037286,House of Porphyry,Mosley Thorold,,,Residential,fragmented,temperate,2024,A contemporary residential project emphasizing integration with nature through the use of porphyry stone and expansive glazing.,0.8
p_house_mf_daniel_fromer_1037141,House MF,Daniel Fromer,Unknown,Unknown,Residential,fragmented,temperate,2024,House MF is a contemporary residential project emphasizing natural light and outdoor integration.,0.8
p_house_of_porphyry_mosley_thorold_1037286,House of Porphyry,Mosley Thorold,Unknown,Unknown,Residential,fragmented,temperate,2024,The House of Porphyry is a contemporary residential project that emphasizes natural materials and seamless indoor-outdoor living.,0.8
p_house_on_a_hill_pirinen_salo_oy_1037051,House on a Hill,Pirinen Salo Oy,Unknown,Unknown,Residential,fragmented,temperate,2024,A modern residential project located on a hillside emphasizing views and integration with nature.,0.8
p_house_on_el_dragon_cristian_nanzer_1033392,House on El Dragón,Cristian Nanzer,Unknown,Unknown,Residential,courtyard,tropical,2024,A residential project that merges architecture with its natural environment.,0.8
p_house_on_a_hill_pirinen_salo_oy_1037051,House on a Hill,Pirinen Salo Oy,,Finland,Residential,fragmented,temperate,2024,"A residential project strategically situated on a hill, harmonizing architecture and nature.",0.8
p_house_on_el_dragon_cristian_nanzer_1033392,House on El Dragón,Cristian Nanzer,Unknown City,Unknown Country,Residential,fragmented,temperate,2024,The House on El Dragón is a modern residential design characterized by its fragmented massing and integration with the landscape.,0.75
p_house_requena_sommet_1028630,House Requena,Sommet,Unknown,Unknown,Residential,fragmented,temperate,2024,A modern residence that merges indoor and outdoor living.,0.8
p_housing_affordability_drives_new_limits_on_short_t_unknown_1037308,Housing Affordability Drives New Limits on Short-Term Rentals Across European Cities,,,Various European Cities,Regulatory Framework,n/a,temperate,2024,This project examines the impact of housing affordability on short-term rental regulations across European cities.,0.8
p_house_requena_sommet_1028630,House Requena,Sommet,,,Residential,fragmented,temperate,2024,House Requena is a contemporary residence that emphasizes a strong connection to its natural surroundings.,0.8
p_how_2025_turned_architectural_visuals_into_dispute_unknown_1036773,How 2025 Turned Architectural Visuals Into Disputed Media,,,,,,temperate,2024,This project examines the impact of architectural visuals as disputed media in 2025.,0.8
p_housing_affordability_drives_new_limits_on_short_t_unknown_1037308,Housing Affordability Drives New Limits on Short-Term Rentals Across European Cities,,,Various,Residential,fragmented,temperate,2024,This initiative addresses housing affordability by regulating short-term rentals across European cities.,0.9
p_how_architects_are_responding_to_technology_that_t_unknown_1036678,How Architects Are Responding to Technology That Turns Buildings into Carbon Sinks,Various,,,Commercial,varied,temperate,2024,Exploration of architectural responses to building technologies for carbon sequestration.,0.8
p_how_2025_turned_architectural_visuals_into_dispute_unknown_1036773,How 2025 Turned Architectural Visuals Into Disputed Media,Unknown,Unknown,Unknown,Cultural,fragmented,Unknown,2024,A project exploring the transformation of architectural visuals into contested media narratives.,0.8
p_how_automated_parking_systems_reclaim_urban_space_solomon_cordwell_bue_1036703,How Automated Parking Systems Reclaim Urban Space,Not specified,Not specified,Not specified,infrastructure,compact,temperate,2024,An innovative automated parking system designed to optimize urban space.,0.8
p_how_architects_are_responding_to_technology_that_t_unknown_1036678,How Architects Are Responding to Technology That Turns Buildings into Carbon Sinks,,,,mixed-use,fragmented,temperate,2024,"An architectural project focused on developing buildings that can absorb carbon, addressing climate change.",0.8
p_how_biophilic_cities_address_the_urban_health_cris_unknown_1030715,How Biophilic Cities Address the Urban Health Crisis in the United States,,,United States,urban design,fragmented,temperate,2024,This project explores biophilic design principles to address urban health issues in the U.S.,0.8
p_how_automated_parking_systems_reclaim_urban_space_solomon_cordwell_bue_1036703,How Automated Parking Systems Reclaim Urban Space,Unknown,Unknown,Unknown,infrastructure,linear,temperate,2024,An innovative project leveraging automated parking systems to reclaim urban spaces.,0.8
p_how_can_hidden_niches_transform_walls_into_functio_unknown_1036640,How Can Hidden Niches Transform Walls into Functional Architecture?,Unknown,Unknown,Unknown,Mixed-use,fragmented,temperate,2024,This project explores the integration of hidden niches into architectural walls.,0.8
p_how_biophilic_cities_address_the_urban_health_cris_unknown_1030715,How Biophilic Cities Address the Urban Health Crisis in the United States,,Various,United States,Urban Planning,,temperate,2024,An exploration of biophilic design in urban environments aimed at addressing public health crises.,0.8
p_how_do_composites_make_complex_designs_constructib_unknown_1035667,How Do Composites Make Complex Designs Constructible?,Unknown,Unknown,Unknown,Research Project,fragmented,temperate,2024,This project investigates the role of composites in achieving intricate building designs.,0.8
p_how_can_hidden_niches_transform_walls_into_functio_unknown_1036640,How Can Hidden Niches Transform Walls into Functional Architecture?,Unknown,Unknown,Unknown,Residential,fragmented,temperate,2024,A transformative architectural project that reimagines walls into functional and aesthetic niches.,0.8
p_how_do_composites_make_complex_designs_constructib_unknown_1035667,How Do Composites Make Complex Designs Constructible?,,,,,,,0,,0.0
p_how_environments_shape_outdoor_dining_spaces_24_ar_unknown_1036528,How Environments Shape Outdoor Dining Spaces: 24 Architectural Approaches,,,,commercial,,,2024,An analysis of 24 architectural approaches to enhance outdoor dining spaces.,0.8
p_how_environments_shape_outdoor_dining_spaces_24_ar_unknown_1036528,How Environments Shape Outdoor Dining Spaces: 24 Architectural Approaches,,,,Outdoor dining space,fragmented,temperate,2024,A compilation of 24 architectural strategies that influence outdoor dining experiences.,0.8
p_how_heavy_is_a_city_exploring_the_lisbon_architect_unknown_1034626,How Heavy is a City?,Unknown,Lisbon,Portugal,Cultural Event,fragmented,temperate,2024,Exploring urban weight through an architectural exhibition in Lisbon.,0.8
p_how_heavy_is_a_city_exploring_the_lisbon_architect_unknown_1034626,How Heavy is a City?,Unknown,Lisbon,Portugal,Cultural,fragmented,temperate,2024,The project examines urban densities through an architectural lens at the Lisbon Architecture Triennale 2025.,0.8
p_how_to_incorporate_gardens_in_home_design_unknown_932106,How to Incorporate Gardens in Home Design,Unknown,,,Residential,Courtyard,Tropical,2024,An innovative approach to integrating gardens into residential home design.,0.8
p_how_to_incorporate_gardens_in_home_design_unknown_932106,How to Incorporate Gardens in Home Design,Unknown,Unknown,Unknown,Residential,fragmented,temperate,2024,A residential design project that emphasizes the integration of gardens into living spaces.,0.8
p_ibate_building_studio_arthur_casas_1036680,Ibaté Building,Studio Arthur Casas,São Paulo,Brazil,Residential,fragmented,tropical,2024,The Ibaté Building is a modern residential project designed to foster community interaction.,0.8
p_ibate_building_studio_arthur_casas_1036680,Ibaté Building,Studio Arthur Casas,São Paulo,Brazil,Residential,fragmented,tropical,2024,The Ibaté Building is a contemporary residential structure featuring versatile spaces for living and commerce.,0.8
p_in_southern_california_outdoor_dining_changes_the_unknown_962739,"In Southern California, Outdoor Dining Changes the Hospitality Landscape",,Los Angeles,United States,Commercial,fragmented,arid,2024,This project redefines outdoor dining experiences in Southern California's hospitality sector.,0.8
p_in_the_blink_of_an_eye_60_light_installations_illu_al_faisaliah_tower_d_1036858,In the Blink of an Eye,Unknown,Riyadh,Saudi Arabia,Cultural/Art Installation,fragmented,arid,2024,An immersive citywide gallery featuring 60 unique light installations for Noor Riyadh 2025.,0.8
p_in_southern_california_outdoor_dining_changes_the_unknown_962739,"In Southern California, Outdoor Dining Changes the Hospitality Landscape",,Southern California,United States,Hospitality,courtyard,arid,2024,This project showcases how outdoor dining can transform the hospitality experience in Southern California.,0.8
p_in_the_blink_of_an_eye_60_light_installations_illu_al_faisaliah_tower_d_1036858,In the Blink of an Eye: 60 Light Installations Illuminate a Citywide Gallery for Noor Riyadh 2025,,,,,,,0,,0.0
p_ingenhoven_breaks_ground_on_urban_mountain_for_dus_unknown_918866,Urban Mountain,Ingenhoven Architects,Düsseldorf,Germany,mixed-use,fragmented,temperate,2024,"Ingenhoven Architects is developing an 'Urban Mountain' in Düsseldorf, a mixed-use project integrating green spaces and urban living.",0.8
p_ingenhoven_breaks_ground_on_urban_mountain_for_dus_unknown_918866,Urban Mountain,Ingenhoven Architects,Düsseldorf,Germany,Mixed-use,fragmented,temperate,2024,"Ingenhoven Architects presents an innovative urban mountain in Düsseldorf, combining residential and commercial spaces with green areas.",0.8
p_interbau_apartment_house_through_the_lens_of_bahaa_unknown_929619,Interbau Apartment House,Bahaa Ghoussainy,Berlin,Germany,Residential,fragmented,temperate,2024,The Interbau Apartment House is a contemporary residential project that emphasizes community living.,0.8
p_interbau_apartment_house_through_the_lens_of_bahaa_unknown_929619,Interbau Apartment House,Bahaa Ghoussainy,Berlin,Germany,Residential,linear,temperate,2024,"A modern residential building designed with community in mind, featuring sustainable practices.",0.8
p_interior_design_trends_of_2024_unknown_1024255,Interior Design Trends of 2024,,,,Interior Design,,temperate,2024,A comprehensive look at the interior design trends shaping spaces in 2024.,0.8
p_interior_design_trends_of_2025_unknown_1036727,Interior Design Trends of 2025,,,,,,,0,,0.0
p_interior_design_trends_of_2024_unknown_1024255,Interior Design Trends of 2024,,,,Interior Design,,,2024,An examination of the interior design trends anticipated for 2024.,0.8
p_interior_design_trends_of_2025_unknown_1036727,Interior Design Trends of 2025,,,,,,,0,,0.0
p_itaara_da_serra_houses_pablo_patriota_arqui_1036921,Itaara da Serra Houses,Pablo Patriota,,Brazil,Residential,clustered,tropical,2024,A set of residential houses designed to harmonize with the tropical landscape of Itaara da Serra.,0.8
p_itaara_da_serra_houses_pablo_patriota_arqui_1036921,Itaara da Serra Houses,Pablo Patriota,Itaara,Brazil,Residential,clustered,tropical,2024,The Itaara da Serra Houses are designed as a progressive response to contemporary residential needs in a rural setting.,0.8
p_italy_prepares_15_sports_venues_for_the_milano_cor_unknown_1028018,Italy Prepares 15 Sports Venues for the Milano Cortina 2026 Winter Olympics,,Milano,Italy,Sports Venue,fragmented,temperate,2024,Preparation of 15 sports venues for the Milano Cortina 2026 Winter Olympics that will enhance the region's sporting infrastructure.,0.8
p_itami_jun_museum_itm_yooehwa_architec_1036765,Itami Jun Museum,Itm Yooehwa Architects,,,,,,0,,0.0
p_italy_prepares_15_sports_venues_for_the_milano_cor_unknown_1028018,Italy Prepares 15 Sports Venues for the Milano Cortina 2026 Winter Olympics,,Milano,Italy,Sports Facility,clustered,temperate,2024,Italy's preparation for the 2026 Winter Olympics includes constructing 15 state-of-the-art sports venues in Milano and Cortina.,0.8
p_izat_arundells_caochan_na_creige_wins_riba_house_o_pricegore_architects_1036944,Caochan na Creige,Izat Arundell,Unknown,United Kingdom,Residential,fragmented,temperate,2024,Caochan na Creige is an innovative residential project that integrates architecture with its natural surroundings.,0.8
p_jan_koum_center_for_nanoscience_and_nanotechnology_michel_remon_associe_1035580,Jan Koum Center For Nanoscience And Nanotechnology,Michel Rémon & Associés,,,,,,0,,0.0
p_jean_dauger_stadium_patrick_arotcharen_a_1037233,Jean Dauger Stadium,Patrick Arotcharen Architecte,,,,,,0,,0.0
p_itami_jun_museum_itm_yooehwa_architec_1036765,Itami Jun Museum,Itm Yooehwa Architects,Itami,Japan,Museum,fragmented,temperate,2024,"The Itami Jun Museum is a cultural space designed by Itm Yooehwa Architects, celebrating the artistic legacy of Itami Jun.",0.8
p_joaquim_moreno_appointed_chief_curator_of_the_8th_unknown_1037107,8th Lisbon Architecture Triennale,Joaquim Moreno,Lisbon,Portugal,Cultural,,temperate,2024,The 8th Lisbon Architecture Triennale is set to explore innovative architectural practices under the leadership of Chief Curator Joaquim Moreno.,0.8
p_izat_arundells_caochan_na_creige_wins_riba_house_o_pricegore_architects_1036944,Caochan na Creige,Izat Arundell,Unknown,Unknown,Residential,fragmented,temperate,2024,Caochan na Creige is a modern residential project that harmonizes with its natural surroundings.,0.8
p_kamegaike_onsen_yano_aoyama_architec_1036749,Kamegaike Onsen,Yano Aoyama,Unknown,Japan,Cultural,fragmented,temperate,2024,Kamegaike Onsen is a wellness center that integrates traditional Japanese onsen culture into its architectural design.,0.8
p_jan_koum_center_for_nanoscience_and_nanotechnology_michel_remon_associe_1035580,Jan Koum Center For Nanoscience And Nanotechnology,Michel Rémon & Associés,,,research center,fragmented,temperate,2024,The Jan Koum Center is a cutting-edge facility dedicated to nanoscience and nanotechnology research.,0.8
p_kasollet_e_zanave_maden_group_1037470,Kasollet e Zanave,Maden Group,,,Residential,clustered,temperate,2024,Kasollet e Zanave is a mixed-use residential project that emphasizes communal living and sustainability.,0.8
p_jean_dauger_stadium_patrick_arotcharen_a_1037233,Jean Dauger Stadium,Patrick Arotcharen,Bayonne,France,stadium,compact,temperate,2024,"Jean Dauger Stadium is a modern sports facility designed for rugby, featuring an innovative structural system and focused on sustainability.",0.8
p_joaquim_moreno_appointed_chief_curator_of_the_8th_unknown_1037107,8th Lisbon Architecture Triennale,Joaquim Moreno,Lisbon,Portugal,Cultural,,temperate,2024,"Joaquim Moreno has been appointed as the Chief Curator for the 8th Lisbon Architecture Triennale, focusing on contemporary architectural discourse.",0.8
p_kere_architecture_and_som_unveil_new_images_of_the_1037235,Las Vegas Museum of Art,Kéré Architecture,Las Vegas,United States,museum,pavilion,arid,2024,"The Las Vegas Museum of Art, designed by Kéré Architecture and SOM, emphasizes community interaction and innovative exhibit spaces.",0.8
p_kamegaike_onsen_yano_aoyama_architec_1036749,Kamegaike Onsen,Yano Aoyama,,Japan,Spa/Onsen,fragmented,temperate,2024,Kamegaike Onsen is a tranquil hot spring resort designed to harmonize with its natural setting.,0.8
p_kiang_malingue_art_gallery_beau_architects_1036717,"Kiang Malingue, Art Gallery",BEAU Architects,Unknown,Unknown,Art Gallery,fragmented,tropical,2024,Kiang Malingue is a contemporary art gallery designed by BEAU Architects located in an urban environment.,0.8
p_kasollet_e_zanave_maden_group_1037470,Kasollet e Zanave,Maden Group,,,Residential,clustered,temperate,2024,Kasollet e Zanave is a residential complex that emphasizes communal living intertwined with nature.,0.8
p_kiaora_residence_strang_1036926,Kiaora Residence,STRANG,Unknown City,Unknown Country,residential,fragmented,temperate,2024,Kiaora Residence is a modern home blending sustainability with contemporary design.,0.8
p_kere_architecture_and_som_unveil_new_images_of_the_1037235,Las Vegas Museum of Art,"Kéré Architecture, SOM",Las Vegas,United States,Museum,fragmented,arid,2024,A visionary museum design aiming to enhance art engagement in Las Vegas.,0.8
p_kiln_tower_for_the_brickworks_museum_boltshauser_architek_972419,Kiln Tower for the Brickworks Museum,Boltshauser Architekten,Zurich,Switzerland,museum,tower,temperate,2024,The Kiln Tower serves as a cultural and educational landmark for the Brickworks Museum.,0.8
p_kiang_malingue_art_gallery_beau_architects_1036717,"Kiang Malingue, Art Gallery",BEAU Architects,Shanghai,China,art gallery,fragmented,tropical,2024,Kiang Malingue Art Gallery serves as a contemporary space for art exhibitions in Shanghai.,0.8
p_kirkkonummi_library_jkmm_architects_952108,Kirkkonummi Library,JKMM Architects,Kirkkonummi,Finland,library,fragmented,temperate,2024,The Kirkkonummi Library by JKMM Architects is a modern public space designed to foster community engagement.,0.8
p_kiaora_residence_strang_1036926,Kiaora Residence,STRANG,Sydney,Australia,residential,fragmented,temperate,2024,The Kiaora Residence is a contemporary family home designed to seamlessly integrate with its natural surroundings.,0.8
p_kirloskar_institute_of_advanced_management_studies_ccba_designs_1036670,Kirloskar Institute of Advanced Management Studies,CCBA Designs,Pune,India,Educational,courtyard,tropical,2024,The Kirloskar Institute of Advanced Management Studies is a modern educational facility designed to foster collaboration and innovation.,0.8
p_kiln_tower_for_the_brickworks_museum_boltshauser_architek_972419,Kiln Tower for the Brickworks Museum,Boltshauser Architekten,,,museum,tower,temperate,2024,The Kiln Tower for the Brickworks Museum is a striking architectural addition that serves as an exhibition space.,0.8
p_kito_yamanashi_head_office_takenaka_corporation_1036831,KITO Yamanashi Head Office,Takenaka Corporation,Yamanashi,Japan,office,fragmented,temperate,2024,The KITO Yamanashi Head Office designed by Takenaka Corporation showcases a modern workplace environment.,0.8
p_kirkkonummi_library_jkmm_architects_952108,Kirkkonummi Library,JKMM Architects,Kirkkonummi,Finland,library,fragmented,temperate,2024,The Kirkkonummi Library is a modern cultural hub designed to serve the community with flexibility and sustainability.,0.85
p_kolon_x_anour_showroom_karimoku_case_1037162,Kolon x Anour Showroom,NORM Architects,Seoul,South Korea,Showroom,linear,temperate,2024,The Kolon x Anour Showroom by NORM Architects exemplifies modern design with an emphasis on sustainability and user engagement.,0.8
p_kirloskar_institute_of_advanced_management_studies_ccba_designs_1036670,Kirloskar Institute of Advanced Management Studies,CCBA Designs,,,Educational Institution,clustered,tropical,2024,A modern educational facility designed to foster advanced management studies through innovative design.,0.8
p_kito_yamanashi_head_office_takenaka_corporation_1036831,KITO Yamanashi Head Office,Takenaka Corporation,Yamanashi,Japan,Office,compact,temperate,2024,The KITO Yamanashi Head Office is a modern corporate building designed to foster collaboration and innovation.,0.8
p_koodu_weaving_a_nest_no_architects_design_1036849,Koodu Weaving a Nest,NO Architects,,,cultural,clustered,tropical,2024,Koodu Weaving a Nest is a cultural space designed by NO Architects aimed at fostering community interaction through art and education.,0.8
p_ko_bogen_ii_office_building_ingenhoven_architect_966059,Kö-Bogen II Office Building,ingenhoven architects,Düsseldorf,Germany,Office,fragmented,temperate,2024,Kö-Bogen II is a modern office building designed to enhance urban life in Düsseldorf.,0.85
p_kolon_x_anour_showroom_karimoku_case_1037162,Kolon x Anour Showroom,NORM Architects,,South Korea,showroom,linear,temperate,2024,A modern showroom designed to showcase products with a focus on sustainability and natural materials.,0.8
p_kuara_house_nnarq_1037028,Kûara House,Obra Arquitetos,,,Residential,fragmented,tropical,2024,Kûara House is a modern residential project that harmonizes contemporary design with the surrounding landscape.,0.8
p_koodu_weaving_a_nest_no_architects_design_1036849,Weaving a Nest,NO Architects,,,cultural,fragmented,tropical,2024,Koodu Weaving a Nest is a cultural project designed to enhance community interaction through innovative architectural solutions.,0.8
p_ko_bogen_ii_office_building_ingenhoven_architect_966059,Kö-Bogen II Office Building,ingenhoven architects,Düsseldorf,Germany,office,linear,temperate,2024,Kö-Bogen II is an office building designed by ingenhoven architects that integrates with urban life.,0.85
p_la_pinede_elementary_school_and_multi_purpose_hall_zwa_zweyacker_associ_1036838,La Pinede Elementary School and Multi-Purpose Hall,ZW/A zweyacker & associés,Unknown,Unknown,school,fragmented,temperate,2024,La Pinede Elementary School is a modern educational facility designed to foster community interaction.,0.8
p_kuara_house_nnarq_1037028,Kûara House,Obra Arquitetos,Unknown,Unknown,Residential,fragmented,tropical,2024,Kûara House is a contemporary residence that prioritizes harmony with nature.,0.85
p_landgastof_hotel_and_restaurant_pfeffermint_ag_1037232,Landgastof Hotel and Restaurant,pfeffermint AG,,,hotel/restaurant,fragmented,temperate,2024,A contemporary hotel and restaurant designed to harmonize with its rural surroundings.,0.8
p_laoyuting_pavilion_atelier_deshaus_1036767,Laoyuting Pavilion,Atelier Deshaus,,China,pavilion,pavilion,tropical,2024,The Laoyuting Pavilion is a contemporary cultural space designed for exhibitions and public gatherings.,0.8
p_la_pinede_elementary_school_and_multi_purpose_hall_zwa_zweyacker_associ_1036838,La Pinede Elementary School and Multi-Purpose Hall,ZW/A zweyacker & associés,N/A,N/A,Elementary School,linear,temperate,2024,La Pinede Elementary School and Multi-Purpose Hall combines educational and community functions in a sustainable environment.,0.8
p_landgastof_hotel_and_restaurant_pfeffermint_ag_1037232,Landgastof Hotel and Restaurant,pfeffermint AG,,,,,,0,,0.0
p_layers_of_meaning_exploring_the_depth_of_architect_unknown_1014920,Layers of Meaning: Exploring the Depth of Architectural Envelopes,Unknown,Unknown City,Unknown Country,Architectural Exploration,fragmented,temperate,2024,A conceptual project exploring the complexities of architectural envelopes.,0.8
p_laoyuting_pavilion_atelier_deshaus_1036767,Laoyuting Pavilion,Atelier Deshaus,Shanghai,China,pavilion,pavilion,temperate,2024,Laoyuting Pavilion is a cultural pavilion in Shanghai designed for public engagement and events.,0.8
p_le_carrier_cabin_gauthier_cammas_1036699,Le Carrier Cabin,Léo Brouel,Unknown,Unknown,Residential,fragmented,temperate,2024,Le Carrier Cabin is a residential cabin designed to harmonize with nature.,0.8
p_layers_of_meaning_exploring_the_depth_of_architect_unknown_1014920,Layers of Meaning: Exploring the Depth of Architectural Envelopes,Unknown Architect,,,experimental/installation,fragmented,Unknown,2024,An exploration into the complexities and meanings behind architectural envelopes.,0.8
p_le_carrier_cabin_gauthier_cammas_1036699,Le Carrier Cabin,Léo Brouel + Gauthier Cammas + Hugo Rubio + Seddik Lemcherfi,,,,,,0,,0.0
p_le_labo_daikanyama_jo_nagasaka_1037447,Le Labo Daikanyama,Schemata Architects,Tokyo,Japan,Retail,fragmented,temperate,2024,Le Labo Daikanyama is a unique retail space designed to enhance the fragrance shopping experience in Tokyo.,0.8
p_le_labo_daikanyama_jo_nagasaka_1037447,Le Labo Daikanyama,Schemata Architects,Tokyo,Japan,retail,fragmented,temperate,2024,Le Labo Daikanyama is a retail laboratory space that creatively blends fragrance design with customer experience.,0.9
p_lelis_house_memola_estudio_1036705,Lelis House,Memola Estúdio,N/A,N/A,Residential,fragmented,tropical,2024,Lelis House is a contemporary residential project by Memola Estúdio that emphasizes open space and a strong connection to the surrounding landscape.,0.85
p_lelis_house_memola_estudio_1036705,Lelis House,Memola Estúdio,Unknown,Unknown,Residential,fragmented,tropical,2024,Lelis House is a modern residential design that integrates sustainable strategies.,0.8
p_les_eventspace_rho_1006244,LES Eventspace,RHO,New York,United States,event space,fragmented,temperate,2024,A modern event space designed for versatility and community engagement.,0.85
p_les_eventspace_rho_1006244,LES Eventspace,RHO,New York,United States,Event space,fragmented,temperate,2024,A contemporary multi-purpose event space in the Lower East Side of Manhattan.,0.8
p_les_fabriques_school_brenac_gonzalez_asso_1037231,Les Fabriques School,Brenac & Gonzalez & Associés,Unknown City,France,School,courtyard,temperate,2024,Les Fabriques School is a community-centered educational facility designed by Brenac & Gonzalez & Associés.,0.8
p_les_fabriques_school_brenac_gonzalez_asso_1037231,Les Fabriques School,Brenac & Gonzalez & Associés,Nanterre,France,school,courtyard,temperate,2024,Les Fabriques School is a modern educational facility designed to create an engaging learning environment.,0.8
p_less_or_more_the_psychological_influence_of_minima_mexican_architect_lu_1028585,Less or More?,Unknown,Unknown,Unknown,Research Project,unknown,unknown,2024,A research project analyzing the psychological influence of minimalist and maximalist architectural spaces.,0.8
p_less_or_more_the_psychological_influence_of_minima_mexican_architect_lu_1028585,Less or More?,Unknown,Unknown,Unknown,Research Project,Fragmented,Temperate,2024,A research project examining the psychological effects of minimalist and maximalist spaces.,0.8
p_liberation_museum_of_manisa_yalin_architectural__1036953,Liberation Museum of Manisa,Yalin Architectural Design,Manisa,Turkey,museum,fragmented,temperate,2024,The Liberation Museum of Manisa is an innovative cultural destination celebrating local history.,0.8
p_liberation_museum_of_manisa_yalin_architectural__1036953,Liberation Museum of Manisa,Yalin Architectural Design,Manisa,Turkey,museum,fragmented,temperate,2024,The Liberation Museum of Manisa is an innovative cultural facility designed to narrate the region's historical liberation.,0.8
p_library_of_the_high_school_affiliated_to_nanjing_n_atelier_fcjz_1036988,"Library of the High School Affiliated to Nanjing Normal University, Xiaozhuang Campus",Atelier FCJZ,Nanjing,China,Library,fragmented,temperate,2024,A modern educational library designed to foster learning and collaboration among high school students.,0.9
p_library_of_the_high_school_affiliated_to_nanjing_n_atelier_fcjz_1036988,"Library of the High School Affiliated to Nanjing Normal University, Xiaozhuang Campus",Atelier FCJZ,Nanjing,China,library,fragmented,temperate,2024,"A contemporary library designed for the High School Affiliated to Nanjing Normal University, focusing on modern learning environments.",0.8
p_light_matters_a_flash_back_to_the_glittering_age_o_unknown_645768,Light Matters: A Flash Back to the Glittering Age of Las Vegas,Unknown Architect/Firm,Las Vegas,United States,museum,compact,arid,2024,A museum exhibit that reflects on the vibrant history of neon signage in Las Vegas.,0.8
p_light_matters_a_flash_back_to_the_glittering_age_o_unknown_645768,Light Matters: A Flash Back to the Glittering Age of Las Vegas,Unknown,Las Vegas,United States,museum,fragmented,arid,2024,A contemporary museum honoring the rich history of Las Vegas through its neon signage.,0.8
p_lighter_and_stronger_composites_are_changing_how_w_unknown_1034993,Lighter and Stronger,Unknown,,,Institutional,fragmented,temperate,2024,"This project demonstrates how composite materials are transforming modern construction, making buildings lighter and stronger.",0.8
p_lighter_and_stronger_composites_are_changing_how_w_unknown_1034993,"Lighter and Stronger, Composites Are Changing How We Build",,,,mixed-use,fragmented,temperate,2024,"The project explores the innovative use of composite materials in modern construction, focusing on lightweight and strong designs.",0.8
p_lina_ghotmeh_on_memory_museums_and_the_archaeology_unknown_1034567,"Memory, Museums, and the Archaeology of the Future",Lina Ghotmeh,,,museum,fragmented,temperate,2024,"Lina Ghotmeh's project investigates the interplay of memory, museum design, and future archaeological narratives.",0.8
p_lina_ghotmeh_on_memory_museums_and_the_archaeology_unknown_1034567,"Memory, Museums, and the Archaeology of the Future",Lina Ghotmeh,,,museum,,temperate,2024,A conceptual museum that explores memory and archaeology in a forward-looking context.,0.8
p_lisbon_architecture_triennale_2025_examines_the_te_unknown_1035135,Lisbon Architecture Triennale 2025 Examines the Technosphere and Human Impact on Earth,,Lisbon,Portugal,exhibition,,temperate,2024,The Lisbon Architecture Triennale 2025 explores the relationship between the technosphere and human environmental impact.,0.8
p_lisbon_architecture_triennale_2025_examines_the_te_unknown_1035135,Lisbon Architecture Triennale 2025 Examines the Technosphere and Human Impact on Earth,Lisbon Architecture Triennale,Lisbon,Portugal,cultural,courtyard,temperate,2025,The Lisbon Architecture Triennale 2025 focuses on the intersection of the technosphere and human impact on the planet.,0.85
p_local_knowledge_and_ecological_context_city_making_unknown_1036351,Local Knowledge and Ecological Context: City Making Lessons from Chicago’s Wild Mile,Not specified,Chicago,USA,Urban ecology project,fragmented,temperate,2024,"This project focuses on community-led ecological interventions in urban settings, taking insights from Chicago’s Wild Mile.",0.8
p_local_knowledge_and_ecological_context_city_making_unknown_1036351,Local Knowledge and Ecological Context: City Making Lessons from Chicago’s Wild Mile,Open Architecture,Chicago,United States,Urban design,linear,temperate,2024,A project that combines ecological understanding with urban design to create a dynamic urban landscape.,0.8
p_londons_national_gallery_expansion_and_lina_ghotme_farshid_moussavi_arc_1037182,National Gallery Expansion and Mathaf Campus Project,Lina Ghotmeh,London,United Kingdom,museum,fragmented,temperate,2024,The National Gallery Expansion integrates innovative design with art exhibition while enhancing public engagement.,0.8
p_londons_national_gallery_expansion_and_lina_ghotme_farshid_moussavi_arc_1037182,National Gallery Expansion and Mathaf Campus Project,Lina Ghotmeh,London,United Kingdom,museum,fragmented,temperate,2024,The project expands London's National Gallery and incorporates educational facilities within a cohesive cultural campus.,0.8
p_londons_national_gallery_unveils_shortlist_for_exp_farshid_moussavi_arc_1036901,National Gallery Expansion,Farshid Moussavi,London,United Kingdom,museum,fragmented,temperate,2024,The National Gallery in London is expanding to enhance its exhibition capacity and visitor experience.,0.8
p_londons_national_gallery_unveils_shortlist_for_exp_farshid_moussavi_arc_1036901,National Gallery Expansion,"Farshid Moussavi, Foster + Partners, RPBW, Kengo Kuma",London,United Kingdom,museum,fragmented,temperate,2024,The National Gallery's expansion aims to enhance visitor experience while preserving the integrity of the existing structure.,0.8
p_long_lake_cottage_dubbeldam_architectu_1036759,Long Lake Cottage,Dubbeldam Architecture + Design,,Canada,Residential,fragmented,temperate,2024,A contemporary lakeside cottage emphasizing sustainability and relaxation.,0.8
p_long_lake_cottage_dubbeldam_architectu_1036759,Long Lake Cottage,Dubbeldam Architecture + Design,,,Residential,fragmented,temperate,2024,A contemporary cottage designed to enhance relaxation and recreation by the water.,0.8
p_longbranch_residence_mwworks_1020498,Longbranch Residence,mwworks,Longbranch,United States,Residential,fragmented,temperate,2024,"The Longbranch Residence, designed by mwworks, is a modern family home that enhances the connection to its coastal environment.",0.85
p_longbranch_residence_mwworks_1020498,Longbranch Residence,mwworks,Longbranch,United States,Residential,clustered,temperate,2024,The Longbranch Residence is a contemporary family home that harmonizes with its natural surroundings while prioritizing sustainability.,0.8
p_los_angeles_approves_adaptive_reuse_ordinance_20_t_unknown_1028693,Adaptive Reuse Ordinance 2.0,,Los Angeles,United States,Legislative Initiative,,temperate,2024,Los Angeles adopts a new ordinance to facilitate adaptive reuse of buildings.,0.8
p_los_angeles_approves_adaptive_reuse_ordinance_20_t_unknown_1028693,Adaptive Reuse Ordinance 2.0,,Los Angeles,United States,Urban Policy,fragmented,temperate,2024,Los Angeles adopts a new ordinance to facilitate the adaptive reuse of buildings for housing.,0.8
p_los_nogales_preschool_taller_de_arquitectu_1036681,Los Nogales Preschool,Taller de Arquitectura de Bogotá,Bogotá,Colombia,educational,courtyard,tropical,2024,Los Nogales Preschool is an innovative educational building designed to foster early childhood development through interactive spaces.,0.8
p_los_nogales_preschool_taller_de_arquitectu_1036681,Los Nogales Preschool,Taller de Arquitectura de Bogotá,Bogotá,Colombia,Preschool,clustered,tropical,2024,Los Nogales Preschool is a vibrant educational facility designed for early childhood learning.,0.8
p_louvres_around_the_world_the_export_of_museums_and_unknown_1035386,Louvres Around the World: The Export of Museums and Architecture as a Global Brand,,,,Cultural,fragmented,temperate,2024,This project examines the global impact of the Louvre museum brand in architecture.,0.8
p_louvres_around_the_world_the_export_of_museums_and_unknown_1035386,Louvres Around the World: The Export of Museums and Architecture as a Global Brand,Unknown,Unknown,Unknown,museum,fragmented,temperate,2024,This project explores the global impact of the Louvre as a museum brand and architectural model.,0.8
p_lucent_house_core_cluster_1036662,Lucent House,CORE Cluster,,,residential,clustered,temperate,2024,Lucent House is a contemporary residence designed for optimal living experience and environmental integration.,0.8
p_lucent_house_core_cluster_1036662,Lucent House,CORE Cluster,,,Residential,fragmented,temperate,2024,Lucent House is a modern residential project by CORE Cluster that embodies harmony with its natural surroundings.,0.8
p_lumen_residence_block722_1036887,Lumen Residence,block722,Unknown City,Unknown Country,residential,fragmented,temperate,2024,A modern residential project focusing on sustainability and connection with nature.,0.8
p_lumen_residence_block722_1036887,Lumen Residence,block722,Unknown,Unknown,residential,fragmented,temperate,2024,Lumen Residence is a modern home designed to enhance natural light and create interconnected living spaces.,0.8
p_lupita_pizzaria_xxxistudio_1036845,Lupita Pizzaria,XXXI.studio,,,restaurant,compact,temperate,2024,Lupita Pizzaria combines a vibrant dining experience with a modern architectural aesthetic.,0.8
p_lupita_pizzaria_xxxistudio_1036845,Lupita Pizzaria,XXXI.studio,,,restaurant,linear,temperate,2024,A contemporary pizza restaurant designed with an emphasis on natural materials and efficient service.,0.8
p_lucio_costa_house_amanda_arcuri_1037178,Lúcio Costa House,Amanda Arcuri,Brasília,Brazil,Residential,fragmented,tropical,2024,The Lúcio Costa House is a modern residential project that emphasizes integration with nature.,0.85
p_lucio_costa_house_amanda_arcuri_1037178,Lúcio Costa House,amanda arcuri,,Brazil,Residential,fragmented,tropical,2024,The Lúcio Costa House is a modern residential project designed by amanda arcuri that showcases a unique fragmented massing.,0.8
p_machado_house_bte_arq_1029313,Machado House,BTE-ARQ,,,Residential,fragmented,tropical,2024,The Machado House is a contemporary residential project that harmonizes with its natural surroundings.,0.8
p_machado_house_bte_arq_1029313,Machado House,BTE-ARQ,Not provided,Not provided,Residential,fragmented,tropical,2024,The Machado House is a contemporary residence that harmonizes with its natural surroundings.,0.8
p_maison_du_departement_des_solidarites_abf_lab_1036919,Maison du Département des solidarités,ABF - LAB,Unknown,France,institutional,fragmented,temperate,2024,The Maison du Département des solidarités serves as a hub for social services and community engagement in a modern architectural setting.,0.9
p_maison_du_departement_des_solidarites_abf_lab_1036919,Maison du Département des solidarités,ABF - LAB,Unknown,France,institutional,fragmented,temperate,2024,A modern community support facility designed to enhance social services access.,0.9
p_manitouwaba_lake_house_daymark_1037175,Manitouwaba Lake House,Daymark,,Canada,Residential,fragmented,temperate,2024,A contemporary lake house that harmonizes with its natural environment.,0.9
p_manitouwaba_lake_house_daymark_1037175,Manitouwaba Lake House,Daymark,,Canada,Residential,fragmented,temperate,2024,The Manitouwaba Lake House is a modern residential retreat nestled by a tranquil lake.,0.8
p_maringa_house_brasil_arquitetura_1037032,Maringá House,Brasil Arquitetura,Maringá,Brazil,Residential,fragmented,tropical,2024,Maringá House is a contemporary residential project that embodies a blend of modern design and functional living spaces.,0.85
p_maringa_house_brasil_arquitetura_1037032,Maringá House,Brasil Arquitetura,Maringá,Brazil,Residential,compact,tropical,2024,"Maringá House combines modern design with sustainability, creating a harmonious residential environment.",0.85
p_mazatlan_160_building_francisco_pardo_arqu_1036517,Mazatlan 160 Building,Francisco Pardo Arquitecto,Mazatlán,Mexico,Residential,fragmented,tropical,2024,"Mazatlan 160 Building blends residential and commercial spaces, emphasizing sustainability and community.",0.85
p_mazatlan_160_building_francisco_pardo_arqu_1036517,Mazatlan 160 Building,Francisco Pardo Arquitecto,Mazatlán,Mexico,Residential,fragmented,tropical,2024,"Mazatlán 160 is a residential building designed by Francisco Pardo Arquitecto, featuring communal spaces and a focus on sustainability.",0.8
p_mdn_house_amomicasa_970168,MDN House,Nook Architects,,,Residential,fragmented,temperate,2024,MDN House is a modern residential project focusing on sustainability and indoor-outdoor living.,0.8
p_mdn_house_amomicasa_970168,MDN House,Nook Architects,Unknown City,Unknown Country,Residential,linear,tropical,2024,MDN House is a modern residential project that prioritizes indoor/outdoor living and sustainability.,0.8
p_meganom_nears_completion_of_262_fifth_avenue_resid_1037382,262 Fifth Avenue Residential Skyscraper,Meganom,New York City,United States,Residential,tower,temperate,2024,A residential skyscraper nearing completion in New York City designed by Meganom.,0.8
p_meganom_nears_completion_of_262_fifth_avenue_resid_1037382,262 Fifth Avenue Residential Skyscraper,Meganom,New York City,United States,Residential,tower,temperate,2024,The 262 Fifth Avenue Residential Skyscraper is a luxury residential project nearing completion in New York City.,0.8
p_mexicka_restaurant_20_20_architekti_1036583,Mexická Restaurant,20-20 Architekti,,Czech Republic,Restaurant,linear,temperate,2024,The Mexická Restaurant designed by 20-20 Architekti presents a modern take on Mexican dining.,0.8
p_mexicka_restaurant_20_20_architekti_1036583,Mexická Restaurant,20-20 Architekti,,,restaurant,linear,temperate,2024,A vibrant Mexican restaurant designed to create a lively dining atmosphere.,0.8
p_mid_century_britain_modern_architecture_19381963_unknown_968818,Mid-Century Britain: Modern Architecture 1938–1963,,,United Kingdom,exhibition,,temperate,2024,An exhibition on mid-century modern architecture in Britain showcasing design developments from 1938 to 1963.,0.8
p_mid_century_britain_modern_architecture_19381963_unknown_968818,Mid-Century Britain: Modern Architecture 1938–1963,,Various,United Kingdom,Exhibition,fragmented,temperate,2024,An exhibition celebrating the era of mid-century modern architecture in Britain.,0.8
p_milano_cortina_2026_how_the_city_is_preparing_for_skidmore_owings_merr_1033534,Milano Cortina 2026: How the City Is Preparing for the Winter Olympics,,Milano,Italy,mixed-use,clustered,temperate,2024,Milano Cortina 2026 focuses on the infrastructural and architectural preparations for the upcoming Winter Olympics.,0.8
p_milano_cortina_2026_how_the_city_is_preparing_for_skidmore_owings_merr_1033534,Milano Cortina 2026,Not Specified,Milano,Italy,Sports Venue/Infrastructure,fragmented,temperate,2024,Milano Cortina 2026 focuses on urban and infrastructural development for the Winter Olympics.,0.8
p_milans_2026_olympic_village_by_som_completed_ahead_unknown_1034639,Milan’s 2026 Olympic Village,SOM,Milan,Italy,Residential,clustered,temperate,2024,"The Milan 2026 Olympic Village by SOM is designed as a sustainable, community-oriented residential complex for Olympic athletes.",0.8
p_milans_2026_olympic_village_by_som_completed_ahead_unknown_1034639,Milan’s 2026 Olympic Village,"Skidmore, Owings & Merrill",Milan,Italy,Residential,clustered,temperate,2024,Milan’s 2026 Olympic Village designed by SOM emphasizes sustainability and community.,0.8
p_mill_house_silverline_1037201,Mill House,Silverline,,,Residential,fragmented,temperate,2024,The Mill House is a contemporary residential project designed to harmonize with its natural surroundings.,0.8
p_mill_house_silverline_1037201,Mill House,Silverline,Unknown,Unknown,Residential,compact,temperate,2024,A modern residential project that harmonizes with the natural environment.,0.8
p_moms_house_studio_ze_1036811,Mom's House,Studio Zé,,,Residential,fragmented,tropical,2024,Mom's House is a modern residential project designed to foster family interaction.,0.8
p_moms_house_studio_ze_1036811,Mom's House,Studio Zé,,,residential,fragmented,tropical,2024,A modern family residence thoughtfully integrated into its natural setting.,0.8
p_monolith_lodge_hello_wood_1036989,Monolith Lodge,Pyxis Nautica,,,lodge,fragmented,temperate,2024,Monolith Lodge is a contemporary retreat designed to harmonize with its natural surroundings.,0.8
p_monolith_lodge_hello_wood_1036989,Monolith Lodge,Pyxis Nautica + Hello Wood,,Hungary,residential,fragmented,temperate,2024,The Monolith Lodge is a modern timber retreat designed to harmonize with its natural surroundings.,0.8
p_mood_dental_medicine_tsou_arquitectos_982201,MOOD Dental Medicine,Tsou Arquitectos,Unknown,Unknown,Healthcare,fragmented,temperate,2024,A modern dental clinic designed with a focus on patient experience and innovative healthcare delivery.,0.8
p_mood_dental_medicine_tsou_arquitectos_982201,MOOD Dental Medicine,Tsou Arquitectos,Not Specified,Not Specified,Healthcare,fragmented,temperate,2024,MOOD Dental Medicine is a modern dental clinic designed to enhance patient comfort and efficiency.,0.8
p_mountain_shelters_filipe_pina_1036884,Mountain Shelters,Filipe Pina,,Unknown,Shelter,clustered,temperate,2024,A series of mountain shelters providing a harmonious retreat in natural settings.,0.8
p_mountain_shelters_filipe_pina_1036884,Mountain Shelters,Filipe Pina,,,shelter,clustered,temperate,2024,Mountain Shelters provides rustic yet modern accommodations for outdoor enthusiasts.,0.8
p_mvrdv_receives_approval_for_plum_village_buddhist_1036991,Plum Village Buddhist Monastery Renovations,MVRDV,Thénac,France,cultural/religious,fragmented,temperate,2024,Renovation project aimed at updating the Plum Village Buddhist Monastery in France.,0.8
p_mvrdv_receives_approval_for_plum_village_buddhist_1036991,Plum Village Buddhist Monastery Renovations,MVRDV,Thénac,France,Religious,clustered,temperate,2024,"MVRDV has received approval for renewing the Plum Village Buddhist Monastery in France, enhancing its spiritual facilities.",0.8
p_nakano_seiyaku_kusatsu_factory_taisei_design_planne_1036715,Nakano Seiyaku Kusatsu Factory,TAISEI DESIGN,Kusatsu,Japan,industrial,linear,temperate,2024,The Nakano Seiyaku Kusatsu Factory embodies modern industrial design focused on sustainability and efficiency.,0.8
p_nakano_seiyaku_kusatsu_factory_taisei_design_planne_1036715,Nakano Seiyaku Kusatsu Factory,TAISEI DESIGN Planners Architects & Engineers,Kusatsu,Japan,industrial,linear,temperate,2024,The Nakano Seiyaku Kusatsu Factory focuses on sustainability in pharmaceutical manufacturing.,0.8
p_nam_house_90odesign_1037034,Nam House,90odesign,,,residential,fragmented,tropical,2024,Nam House is a contemporary residence that emphasizes harmony with nature and sustainable living.,0.8
p_nam_house_90odesign_1037034,Nam House,90odesign,,,Residential,fragmented,tropical,2024,Nam House is a contemporary residential project that emphasizes natural light and environmental harmony.,0.8
p_narratives_of_syrian_modernism_rediscovering_the_c_unknown_1027556,Narratives of Syrian Modernism: Rediscovering the Center for Marine Research,,,,,,,0,,0.0
p_narratives_of_syrian_modernism_rediscovering_the_c_unknown_1027556,Narratives of Syrian Modernism: Rediscovering the Center for Marine Research,,,,,,,0,,0.0
p_nenek_coco_villa_sukyf_architects_1037279,Nenek Coco Villa,Sukyf & Architects,,,residential,courtyard,tropical,2024,Nenek Coco Villa is a residential project emphasizing a connection with nature and sustainable living.,0.8
p_nenek_coco_villa_sukyf_architects_1037279,Nenek Coco Villa,Sukyf & Architects,,,Residential,fragmented,tropical,2024,A contemporary villa designed for luxurious living in a tropical environment.,0.8
p_new_33_coffee_hill_architecture_1037111,new 33 coffee,Hill Architecture,Unknown,Unknown,commercial,linear,temperate,2024,New 33 Coffee is a modern coffee shop designed to create a welcoming space for the community.,0.8
p_new_33_coffee_hill_architecture_1037111,new 33 coffee,Hill Architecture,,,commercial,compact,,2024,A contemporary coffee shop designed for community interaction.,0.8
p_new_life_for_old_spaces_buildner_announces_results_unknown_1037011,New Life for Old Spaces,Buildner,,,mixed-use,fragmented,temperate,2024,A competition results project focusing on revitalizing existing structures.,0.8
p_new_life_for_old_spaces_buildner_announces_results_unknown_1037011,New Life for Old Spaces,Buildner,,,Cultural,fragmented,temperate,2024,This project aims to repurpose existing spaces into vibrant community hubs.,0.8
p_nice_rice_xinle_road_concept_store_say_architects_1037292,Nice Rice Xinle Road Concept Store,say architects,Shanghai,China,Retail,fragmented,tropical,2024,A contemporary retail space designed for an immersive rice brand experience.,0.85
p_nice_rice_xinle_road_concept_store_say_architects_1037292,nice rice Xinle Road Concept Store,say architects,Shanghai,China,retail,linear,temperate,2024,A contemporary concept store in Shanghai emphasizing rice products.,0.8
p_nine_stunning_renovated_apartments_in_oscar_niemey_unknown_909202,Nine Stunning Renovated Apartments,Oscar Niemeyer,Unknown,Unknown,Residential,fragmented,tropical,2024,"Renovation project of nine apartments designed by Oscar Niemeyer, enhancing residential comfort while preserving architectural integrity.",0.8
p_nine_stunning_renovated_apartments_in_oscar_niemey_unknown_909202,Nine Stunning Renovated Apartments,Oscar Niemeyer,N/A,Brazil,Residential,fragmented,tropical,2024,A chic renovation project transforming nine apartments in iconic Oscar Niemeyer buildings.,0.8
p_nova_despensa_store_solo_arquitetos_985573,Nova Despensa Store,Solo Arquitetos,Unknown City,Brazil,retail,compact,tropical,2024,Nova Despensa Store is a new retail space focused on local foods in a sustainable manner.,0.8
p_nova_despensa_store_solo_arquitetos_985573,Nova Despensa Store,Solo Arquitetos,Rio de Janeiro,Brazil,Commercial,linear,tropical,2024,Nova Despensa is a modern retail store designed with sustainability and community focus.,0.85
p_nyrenstone_estate_alexis_dornier_1036814,Nyrenstone Estate,Alexis Dornier,,,Residential,fragmented,temperate,2024,"Nyrenstone Estate is a luxurious residential project designed by Alexis Dornier, centered around comfort and nature.",0.8
p_nyrenstone_estate_alexis_dornier_1036814,Nyrenstone Estate,Alexis Dornier,,,residential,fragmented,temperate,2024,Nyrenstone Estate by Alexis Dornier is a contemporary residential project emphasizing sustainability and integration with nature.,0.8
p_oktade_house_garrido_studio_1036512,Oktade House,Garrido Studio,,,Residential,fragmented,tropical,2024,The Oktade House is a modern residential design focused on flexibility and sustainability.,0.85
p_oktade_house_garrido_studio_1036512,Oktade House,Garrido Studio,Unknown,Unknown,Residential,fragmented,tropical,2024,Oktade House is a modern residential project designed by Garrido Studio focusing on light and openness.,0.8
p_on_human_rights_day_perspectives_on_architecture_e_unknown_1036816,"On Human Rights Day: Perspectives on Architecture, Equity, Housing Access, and Safety Worldwide",,,,Cultural,n/a,n/a,2024,A global perspective on the intersection of architecture and human rights.,0.8
p_on_human_rights_day_perspectives_on_architecture_e_unknown_1036816,"On Human Rights Day: Perspectives on Architecture, Equity, Housing Access, and Safety Worldwide",,,,cultural,,,2024,A project exploring global architecture perspectives on equity and housing safety.,0.8
p_on_international_migrants_day_a_look_at_architectu_unknown_1037173,On International Migrants Day: A Look at Architectural Responses to Displacement,,,,cultural,fragmented,temperate,2024,An architectural examination of responses to migration and displacement.,0.8
p_on_international_migrants_day_a_look_at_architectu_unknown_1037173,On International Migrants Day: A Look at Architectural Responses to Displacement,,,,cultural,fragmented,temperate,2024,The project addresses displacement through innovative architectural solutions.,0.8
p_ooda_unveils_house_of_nassr_sports_complex_its_fir_1037353,House of Nassr Sports Complex,OODA,Riyadh,Saudi Arabia,Sports Complex,fragmented,arid,2024,"The House of Nassr Sports Complex is a state-of-the-art sports facility located in Riyadh, Saudi Arabia.",0.8
p_ooda_unveils_house_of_nassr_sports_complex_its_fir_1037353,House of Nassr Sports Complex,OODA,Riyadh,Saudi Arabia,Sports Complex,fragmented,arid,2024,"The House of Nassr Sports Complex is a cutting-edge sports facility in Riyadh, designed to support various athletic activities.",0.8
p_orange_village_koffi_diabate_archit_985543,Orange Village,Koffi & Diabaté Architectes,Abidjan,Ivory Coast,mixed-use,clustered,tropical,2024,Orange Village is a mixed-use development designed to integrate residential and commercial spaces within an urban fabric.,0.8
p_orange_village_koffi_diabate_archit_985543,Orange Village,Koffi & Diabaté Architectes,,Ivory Coast,Residential,fragmented,tropical,2024,Orange Village is a mixed-use residential project designed to foster community interaction.,0.8
p_orthogonal_grids_and_their_variations_in_17_cities_unknown_949094,Orthogonal Grids and Their Variations in 17 Cities Viewed from Above,Unknown,Multiple Cities,Various,Urban Planning,fragmented,varies,2024,A project analyzing orthogonal grid urban patterns in 17 cities.,0.8
p_orthogonal_grids_and_their_variations_in_17_cities_unknown_949094,Orthogonal Grids and Their Variations in 17 Cities Viewed from Above,,,,urban studies,,,2024,An analytical project showcasing variations in urban grid patterns across 17 cities.,0.8
p_osaka_pan_asian_restuarant_fellow_yellow_design_1037067,Osaka Pan Asian Restaurant,Fellow Yellow Design Studio,Osaka,Japan,restaurant,linear,temperate,2024,Osaka Pan Asian Restaurant combines modern aesthetics with functional design to create an inviting dining environment.,0.8
p_osaka_pan_asian_restuarant_fellow_yellow_design_1037067,Osaka Pan Asian Restuarant,Fellow Yellow Design Studio,Osaka,Japan,Restaurant,fragmented,temperate,2024,Osaka Pan Asian Restaurant combines modern design with cultural elements to create a unique dining experience.,0.8
p_otto_church_nidus_1036712,Otto Church,Nidus,,,religious,pavilion,temperate,2024,Otto Church is a newly designed place of worship that fosters community engagement.,0.8
p_otto_church_nidus_1036712,Otto Church,Nidus,,,religious,fragmented,temperate,2024,"Otto Church, designed by Nidus, is a modern religious building that harmonizes architecture and community.",0.8
p_our_cities_arent_dead_yet_unknown_1009199,Our Cities Aren’t Dead Yet!,N/A,N/A,N/A,Cultural,fragmented,N/A,2024,A visionary project dedicated to urban revitalization and community engagement.,0.8
p_outdoor_kitchens_a_brief_history_and_15_current_ex_unknown_1001044,Outdoor Kitchens: A Brief History and 15 Current Examples,,,,,,,0,,0.0
p_our_cities_arent_dead_yet_unknown_1009199,Our Cities Aren’t Dead Yet!,Unknown,Unknown,Unknown,Mixed-use,fragmented,temperate,2024,A transformative approach to urban revitalization that highlights community engagement.,0.8
p_overcoming_barriers_social_justice_in_latin_americ_unknown_997064,Overcoming Barriers,Unknown,Latin America,Various (Latin American countries),Cultural,fragmented,tropical,2024,A project focused on promoting social justice through architecture in Latin America.,0.8
p_outdoor_kitchens_a_brief_history_and_15_current_ex_unknown_1001044,Outdoor Kitchens: A Brief History and 15 Current Examples,,,,Outdoor Kitchen,linear,temperate,2024,"An exploration of outdoor kitchens, highlighting historical trends and contemporary examples.",0.8
p_pageone_vinyl_concept_polpas_lllab_1027902,PageOne – Vinyl Concept,llLab,,,cultural,fragmented,,2024,PageOne is a conceptual cultural space emphasizing vinyl music.,0.8
p_overcoming_barriers_social_justice_in_latin_americ_unknown_997064,Overcoming Barriers: Social Justice in Latin American Architecture,Not Provided,Various (Latin America),Various (Latin America),Cultural,fragmented,tropical,2024,A cultural initiative to promote social justice through architecture in Latin America.,0.8
p_paul_clemence_captures_ingenhoven_architects_ko_bo_1031869,Kö-Bogen II,Ingenhoven Architects,Düsseldorf,Germany,Mixed-use building,fragmented,temperate,2024,Kö-Bogen II by Ingenhoven Architects showcases a landmark green façade that embodies sustainability and urban living.,0.8
p_pageone_vinyl_concept_polpas_lllab_1027902,PageOne – Vinyl Concept,llLab,,,Cultural,fragmented,,2024,A cultural space focused on the vinyl music experience.,0.8
p_pedestrianisation_initiatives_and_unstudios_centra_robert_am_stern_arch_1037461,Central Yards Theatre,UNStudio,Hong Kong,China,Theatre,fragmented,tropical,2024,The Central Yards Theatre by UNStudio focuses on creating a vibrant cultural space in Hong Kong.,0.8
p_paul_clemence_captures_ingenhoven_architects_ko_bo_1031869,Kö-Bogen II,Ingenhoven Architects,Düsseldorf,Germany,Mixed-use building,fragmented,temperate,2024,Kö-Bogen II is a landmark mixed-use development featuring a striking green facade that integrates nature with urban spaces.,0.8
p_pedra_house_stageaec_1028405,Pedra House,Stage.AEC,,,Residential,fragmented,tropical,2024,Pedra House is a modern residential dwelling that seamlessly integrates with its natural surroundings.,0.8
p_pedestrianisation_initiatives_and_unstudios_centra_robert_am_stern_arch_1037461,Central Yards Theatre,UNStudio,Hong Kong,Hong Kong,Cultural,fragmented,tropical,2024,The Central Yards Theatre in Hong Kong is designed to enhance pedestrian experience while serving cultural needs.,0.8
p_pedra_house_stageaec_1028405,Pedra House,Stage.AEC,,,,,,0,,0.0
p_pengpenger_bistro_un_group_1037295,Pengpeng'er Bistro,UN-GROUP,,,,,,0,,0.0
p_phare_ylliam_lighthouse_bureau_1036835,Phare Ylliam Lighthouse,BUREAU,,,,,,0,,0.0
p_pillar_of_zen_dannong_store_luo_studio_1036986,Pillar of Zen — DANNONG Store,LUO studio,,,,,,0,,0.0
p_pengpenger_bistro_un_group_1037295,Pengpeng'er Bistro,UN-GROUP,Not specified,Not specified,restaurant,compact,tropical,2024,Pengpeng'er Bistro is a contemporary dining space that celebrates local cuisine and community interaction.,0.8
p_pirules_house_escobedo_soliz_1036694,Pirules House,Escobedo Soliz,Unknown,Unknown,Residential,fragmented,tropical,2024,The Pirules House by Escobedo Soliz features a contemporary design that harmonizes with its surroundings.,0.8
p_phare_ylliam_lighthouse_bureau_1036835,Phare Ylliam Lighthouse,BUREAU,,,lighthouse,tower,temperate,2024,Phare Ylliam Lighthouse is a contemporary lighthouse that combines navigation with public engagement.,0.8
p_plaka_house_local_local_1037098,Plaka House,Local Local,Athens,Greece,Residential,fragmented,Mediterranean,2024,Plaka House is a modern residential building that harmoniously blends indoor and outdoor living spaces in Athens.,0.85
p_pillar_of_zen_dannong_store_luo_studio_1036986,Pillar of Zen,LUO studio,,,retail,pavilion,tropical,2024,The Pillar of Zen is a retail space designed to foster tranquility through thoughtful architecture.,0.8
p_pirules_house_escobedo_soliz_1036694,Pirules House,Escobedo Soliz,Mexico City,Mexico,Residential,fragmented,tropical,2024,Pirules House is a contemporary residence designed by Escobedo Soliz that blends seamlessly with its environment.,0.85
p_plan_c_frame_flagship_store_abnormal_1037100,Plan C Frame Flagship Store,(ab)NORMAL,,,retail,fragmented,temperate,2024,The Plan C Frame Flagship Store is a modern retail space that embodies sustainable design and customer engagement.,0.8
p_plaka_house_local_local_1037098,Plaka House,Local Local,Athens,Greece,Residential,fragmented,temperate,2024,Plaka House is a contemporary residential project that harmonizes modern living with traditional urban context in Athens.,0.8
p_plivatri_pavilion_ahmad_el_zubi_1037214,Plivatri Pavilion,Ahmad El Zu'bi,,,pavilion,pavilion,temperate,2024,"The Plivatri Pavilion serves as a collaborative space for design students, emphasizing sustainability and natural integration.",0.8
p_plan_c_frame_flagship_store_abnormal_1037100,Plan C Frame Flagship Store,(ab)NORMAL + APRIL,,,Retail,fragmented,temperate,2024,Plan C Frame Flagship Store is a contemporary retail space designed to engage customers through innovative design.,0.8
p_plp_architecture_unveils_masterplan_of_tokyo_cross_979532,Tokyo Cross Park Vision,PLP Architecture,Tokyo,Japan,mixed-use,clustered,temperate,2024,A visionary masterplan for a mixed-use development centered around a major public park in Tokyo.,0.8
p_plivatri_pavilion_ahmad_el_zubi_1037214,Plivatri Pavilion,Ahmad El Zu'bi,,,pavilion,pavilion,temperate,2024,The Plivatri Pavilion serves as a multifunctional space for design students.,0.8
p_plp_architecture_unveils_masterplan_of_tokyo_cross_979532,PLP Architecture Unveils Masterplan of Tokyo Cross Park Vision,,,,,,,0,,0.0
p_power_station_leipzig_atelier_st_1036545,Power Station Leipzig,atelier st,Leipzig,Germany,industrial,fragmented,temperate,2024,The project reimagines a disused power station in Leipzig as a cultural hub.,0.85
p_power_station_leipzig_atelier_st_1036545,Power Station Leipzig,atelier st,Leipzig,Germany,industrial,fragmented,temperate,2024,A transformative project revitalizing a former power station into a vibrant cultural hub.,0.8
p_pregame_concept_store_and_bar_atelier_astil_1036871,Pregame Concept Store and Bar,ATELIER ASTIL,,,commercial,fragmented,temperate,2024,The Pregame Concept Store and Bar by ATELIER ASTIL redefines retail and social spaces.,0.8
p_pregame_concept_store_and_bar_atelier_astil_1036871,Pregame Concept Store and Bar,ATELIER ASTIL,Unknown,Unknown,commercial,linear,temperate,2024,A dynamic concept store and bar promoting interactive commercial experiences.,0.8
p_press_cafe_idst_1036745,Press Cafe,IDST,,,cafe,linear,temperate,2024,Press Cafe is a modern café that emphasizes community interaction through its open design.,0.8
p_press_cafe_idst_1036745,Press Cafe,IDST,Unknown,Unknown,Cafeteria,linear,temperate,2024,Press Cafe is a community-centric cafe designed for social interaction and local cuisine.,0.8
p_puigpunyent_eco_passive_house_miquel_lacomba_archi_1002271,Puigpunyent Eco-Passive House,Miquel Lacomba Architects,Puigpunyent,Spain,Residential,compact,temperate,2024,The Puigpunyent Eco-Passive House is a modern residential project focused on sustainability and energy efficiency.,0.8
p_puigpunyent_eco_passive_house_miquel_lacomba_archi_1002271,Eco-Passive House,Miquel Lacomba Architects,Puigpunyent,Spain,Residential,compact,temperate,2024,An eco-passive house designed to minimize energy consumption while maximizing natural comfort.,0.8
p_pujiang_platform_mvrdv_1036990,Pujiang Platform,MVRDV,Shanghai,China,Public infrastructure,fragmented,tropical,2024,"The Pujiang Platform is a public infrastructure project designed by MVRDV, emphasizing recreational and cultural spaces.",0.8
p_pujiang_platform_mvrdv_1036990,Pujiang Platform,MVRDV,Pujiang,China,civic,fragmented,tropical,2024,The Pujiang Platform is a transformative urban space designed to foster community interaction and sustainability.,0.8
p_punto_luce_socio_educational_center_aoumm_1036508,Punto Luce Socio-Educational Center,AOUMM,Not Specified,Not Specified,Educational Center,fragmented,tropical,2024,The Punto Luce Socio-Educational Center is a community-focused facility aimed at enhancing education and social interaction.,0.8
p_qingshan_forest_junior_high_school_classroom_317designstudio_1037448,Qingshan Forest Junior High School Classroom,317designstudio,,,,,,0,,0.0
p_punto_luce_socio_educational_center_aoumm_1036508,Punto Luce Socio-Educational Center,AOUMM,Naples,Italy,Educational Center,compact,Mediterranean,2024,The Punto Luce Socio-Educational Center in Naples serves as a community hub focused on education and social interaction.,0.8
p_quiet_hope_frank_gehrys_maggies_centre_hong_kong_unknown_1036787,Maggie's Centre Hong Kong,Frank Gehry,Hong Kong,China,healthcare,fragmented,tropical,2024,Maggie's Centre Hong Kong is designed to provide supportive spaces for cancer patients and their families.,0.8
p_qingshan_forest_junior_high_school_classroom_317designstudio_1037448,Qingshan Forest Junior High School Classroom,317designstudio,Qingshan,China,Educational,fragmented,tropical,2024,A junior high school classroom designed to integrate with its forested surroundings.,0.8
p_raiffeisen_bank_savosa_celoria_architects_1037228,Raiffeisen Bank,celoria Architects,Savosa,Switzerland,bank,compact,temperate,2024,A modern banking facility designed to enhance customer interaction and operational efficiency.,0.8
p_quiet_hope_frank_gehrys_maggies_centre_hong_kong_unknown_1036787,Maggie's Centre Hong Kong,Frank Gehry,Hong Kong,China,healthcare center,fragmented,tropical,2024,"Maggie's Centre Hong Kong is an innovative healthcare facility designed by Frank Gehry, providing vital support services for cancer patients.",0.8
p_redefining_an_industrial_landmark_bratislavas_next_unknown_1036975,Redefining an Industrial Landmark,Unknown,Bratislava,Slovakia,Mixed-use,fragmented,temperate,2024,A redevelopment project transforming an industrial landmark in Bratislava into a vibrant urban hub.,0.8
p_remembering_frank_gehry_and_looking_toward_archite_powerhouse_company_1036857,Remembering Frank Gehry and Looking Toward Architecture in 2026,Unknown,Unknown,Unknown,Cultural,fragmented,Unknown,2024,A cultural project reflecting on Frank Gehry's impact and future architectural directions.,0.8
p_raiffeisen_bank_savosa_celoria_architects_1037228,Raiffeisen Bank,celoria Architects,Savosa,Switzerland,bank,compact,temperate,2024,A contemporary bank in Savosa designed with community interaction in mind.,0.8
p_redefining_an_industrial_landmark_bratislavas_next_unknown_1036975,Redefining an Industrial Landmark,Unknown Architect,Bratislava,Slovakia,Mixed-use,fragmented,temperate,2024,A transformative project redefining an industrial landmark into a mixed-use urban hub.,0.8
p_renovation_and_everyday_life_how_latin_american_ar_unknown_1037171,Renovation and Everyday Life: How Latin American Architecture Reinvents Existing Spaces,,,Latin America,renovation,,tropical,2024,This project showcases how Latin American architecture creatively transforms existing spaces to benefit everyday life.,0.8
p_remembering_frank_gehry_and_looking_toward_archite_powerhouse_company_1036857,Remembering Frank Gehry and Looking Toward Architecture in 2026: This Week’s Review,Frank Gehry,,,cultural,,,2024,A cultural project reflecting on Frank Gehry's architectural legacy and future trends.,0.8
p_renovation_and_extension_of_the_marie_paradis_spor_bureau_faceb_lfa_1037219,Renovation and extension of the Marie Paradis sports complex,bureau faceB,Unknown,Unknown,Sports complex,linear,temperate,2024,A dynamic renovation and extension of an existing sports complex to enhance community engagement.,0.8
p_renovation_and_everyday_life_how_latin_american_ar_unknown_1037171,Renovation and Everyday Life,,,Latin America,renovation,fragmented,tropical,2024,A project focused on the renovation of existing spaces to enhance everyday experiences in Latin America.,0.8
p_renzo_piano_building_workshop_begins_construction_1033522,KYKLOS Cultural Center,Renzo Piano Building Workshop,Piraeus,Greece,Cultural Center,fragmented,temperate,2024,The KYKLOS Cultural Center integrates modern design with functional spaces for cultural events.,0.8
p_renovation_and_extension_of_the_marie_paradis_spor_bureau_faceb_lfa_1037219,Renovation and extension of the Marie Paradis sports complex,bureau faceB,Unknown,Unknown,sports complex,fragmented,temperate,2024,The renovation and extension of the Marie Paradis sports complex enhances accessibility and modernizes athletic facilities.,0.8
p_reserve_house_herchell_arquitectos_1036836,Reserve House,herchell arquitectos,,,residential,fragmented,tropical,2024,A modern residential project focused on leisure and harmony with the environment.,0.8
p_renzo_piano_building_workshop_begins_construction_1033522,KYKLOS Cultural Center,Renzo Piano Building Workshop,Piraeus,Greece,Cultural Center,fragmented,Mediterranean,2024,The KYKLOS Cultural Center integrates innovative design with community-focused spaces.,0.8
p_reserve_house_herchell_arquitectos_1036836,Reserve House,herchell arquitectos,,,,,,0,,0.0
p_residential_house_weert_de_nieuwe_context_1036691,Residential House Weert,De Nieuwe Context,Weert,Netherlands,residential,fragmented,temperate,2024,"A modern residential house that harmonizes with its natural surroundings in Weert, Netherlands.",0.8
p_residential_house_weert_de_nieuwe_context_1036691,Residential House Weert,De Nieuwe Context,Weert,Netherlands,Residential,fragmented,temperate,2024,"A modern, sustainable residential house designed for comfort and efficiency.",0.8
p_residential_no_18_faam_office_1037070,Residential NO. 18,FAAM,Unknown,Unknown,Residential,fragmented,temperate,2024,A modern residential project that combines contemporary design with functional living spaces.,0.8
p_restructuring_and_extension_of_the_academie_fratel_atelier_du_pont_1037142,Restructuring and Extension of the Académie Fratellini in Saint-Denis,Atelier du Pont,,,,,,0,,0.0
p_residential_no_18_faam_office_1037070,Residential NO. 18,FAAM,,,Residential,compact,tropical,2024,A modern residential project that integrates flexible office space within a family home.,0.8
p_rethinking_mixed_use_architecture_8_conceptual_pro_unknown_1032271,Rethinking Mixed-Use Architecture,,,,mixed-use,fragmented,temperate,2024,A conceptual project exploring mixed-use architecture that integrates various aspects of life.,0.8
p_restructuring_and_extension_of_the_academie_fratel_atelier_du_pont_1037142,Restructuring and Extension of the Académie Fratellini,Atelier du Pont,Saint-Denis,France,Cultural,fragmented,temperate,2024,The restructuring and extension of the Académie Fratellini enhances its role as a center for circus arts education and performance.,0.8
p_rethinking_sustainability_through_site_specific_st_unknown_1027018,Rethinking Sustainability Through Site-Specific Strategies,Unknown Architect,,,Mixed-use,courtyard,temperate,2024,This project seeks to harmonize built forms with their natural surroundings through ecological strategies.,0.8
p_rethinking_mixed_use_architecture_8_conceptual_pro_unknown_1032271,Rethinking Mixed-Use Architecture,,,,mixed-use,fragmented,temperate,2024,An innovative approach to mixed-use architecture that prioritizes nature and community.,0.8
p_rethinking_sustainability_through_site_specific_st_unknown_1027018,Rethinking Sustainability Through Site-Specific Strategies,Unknown,Unknown,Unknown,Unknown,Unknown,Unknown,2024,Unknown,0.8
p_rewriting_modernism_through_materials_unknown_1026214,Rewriting Modernism Through Materials,Unknown Architect,,,Cultural,fragmented,temperate,2024,A cultural project reinterpreting modernist architecture through innovative materials.,0.8
p_rewriting_modernism_through_materials_unknown_1026214,Rewriting Modernism Through Materials,Unknown,Unknown,Unknown,cultural,fragmented,temperate,2024,A project focused on reinterpreting modernist architecture through innovative materials.,0.8
p_ripoll_changing_rooms_and_a_multi_purpose_hall_mhap_studio_1036843,Changing Rooms and a Multi-Purpose Hall,MH.AP Studio,Ripoll,Spain,Cultural,clustered,temperate,2024,"A community-oriented facility blending changing rooms with a multi-purpose hall in Ripoll, Spain.",0.8
p_ripoll_changing_rooms_and_a_multi_purpose_hall_mhap_studio_1036843,Changing Rooms and a Multi-Purpose Hall,MH.AP Studio + Sergi Serrat,,,Civic,linear,temperate,2024,A facility combining changing rooms and a versatile hall for community use.,0.8
p_rising_above_environmental_conditions_for_elevatin_unknown_1028818,Rising Above: Environmental Conditions for Elevating Architectural Foundations,Assemble Studio,Unknown,Unknown,Infrastructure,fragmented,temperate,2024,A pioneering project that elevates architectural foundations to counteract adverse environmental conditions.,0.8
p_risk_house_34_ruum_arquitectos_1037179,Risk House 34,RUUM ARQUITECTOS,,,,,,0,,0.0
p_rising_above_environmental_conditions_for_elevatin_unknown_1028818,Rising Above,Unknown Architect,,,Adaptive Reuse,fragmented,temperate,2024,An innovative exploration of environmental conditions for architectural foundations.,0.8
p_risk_house_34_ruum_arquitectos_1037179,Risk House 34,RUUM ARQUITECTOS,,,,,,0,,0.0
p_river_chapel_la_barca_clement_molinier_1036905,River Chapel,Marina Poli,La Barca,Mexico,religious,pavilion,tropical,2024,River Chapel is a serene place of worship designed to harmonize with its natural surroundings.,0.8
p_river_chapel_la_barca_clement_molinier_1036905,River Chapel,Marina Poli,La Barca,Spain,religious,pavilion,temperate,2024,A serene chapel design that harmonizes with its natural surroundings.,0.8
p_rose_terraces_luigi_rosselli_archi_1036832,Rose Terraces,Luigi Rosselli Architects,,Australia,Residential,fragmented,temperate,2024,Rose Terraces is a modern residential development that integrates with its sloping site while providing stunning views.,0.8
p_rose_terraces_luigi_rosselli_archi_1036832,Rose Terraces,Luigi Rosselli Architects,,,Residential,fragmented,temperate,2024,"Rose Terraces is a multi-level residential project designed by Luigi Rosselli Architects, featuring unique terraced forms.",0.8
p_rural_futures_the_projects_and_installations_that_unknown_1036760,Rural Futures: The Projects and Installations That Reimagined the Countryside,,,,installation,fragmented,temperate,2024,An innovative project that revitalizes rural areas through various artistic installations.,0.8
p_rural_futures_the_projects_and_installations_that_unknown_1036760,Rural Futures,Unknown,Unknown,Unknown,Installation,fragmented,temperate,2024,A series of installations aimed at reimagining the rural landscape.,0.8
p_rural_lab_latin_americas_countryside_as_a_space_fo_taller_viga_maestra_1032525,Rural Lab,Unknown,,Latin America,Experimental Research Facility,linear,tropical,2024,Rural Lab is an innovative experimental research facility located in the countryside of Latin America.,0.8
p_rural_lab_latin_americas_countryside_as_a_space_fo_taller_viga_maestra_1032525,Rural Lab: Latin America's Countryside as a Space for Experimentation,Unknown Architect,,Latin America,experimental facility,clustered,tropical,2024,Rural Lab explores innovative design principles for rural environments in Latin America.,0.8
p_saint_ferreol_residence_jerome_lapierre_arch_1037044,Saint-Ferréol Résidence,Jérôme Lapierre Architecte,,,,,,0,,0.0
p_saint_ferreol_residence_jerome_lapierre_arch_1037044,Saint-Ferréol Résidence,Jérôme Lapierre,,Canada,residential,fragmented,temperate,2024,The Saint-Ferréol Résidence is a contemporary single-family home that emphasizes sustainability and community living.,0.8
p_sanaas_taichung_art_museum_and_library_complex_ope_1034405,Taichung Art Museum and Library Complex,SANAA,Taichung,Taiwan,museum,fragmented,tropical,2024,"A new public cultural landmark in Taichung, Taiwan, showcasing modernist design in a museum and library setting.",0.8
p_sanaas_taichung_art_museum_and_library_complex_ope_1034405,Taichung Art Museum and Library Complex,SANAA,Taichung,Taiwan,cultural,fragmented,tropical,2024,"A new cultural landmark in Taichung, Taiwan, merging art and literature in a modern architectural form.",0.8
p_sandwich_house_nomados_1037372,Sandwich House,NoMaDoS,,,Residential,fragmented,temperate,2024,The Sandwich House by NoMaDoS is a unique residential project focused on spatial efficiency and environmental interaction.,0.8
p_sandwich_house_nomados_1037372,Sandwich House,NoMaDoS,Unknown,Unknown,Residential,compact,temperate,2024,The Sandwich House is a modern residential project designed to foster family interaction and sustainability.,0.8
p_sepand_house_of_culture_and_art_mohammadreza_samavat_1036869,Sepand House of Culture and Art,Mohammadreza Samavati and Maryam Karimian,Tehran,Iran,Cultural Center,fragmented,arid,2024,"Sepand House of Culture and Art is a new architectural landmark in Tehran, designed as a multifunctional cultural hub.",0.85
p_services_pavilion_vdv_arq_1034569,Services Pavilion,VDV ARQ,,,,,,0,,0.0
p_sepand_house_of_culture_and_art_mohammadreza_samavat_1036869,Sepand House of Culture and Art,Mohammadreza Samavati and Maryam Karimian,Tehran,Iran,Cultural Center,fragmented,arid,2024,A contemporary cultural center in Tehran designed for various artistic activities.,0.8
p_shaping_desire_how_architects_redefine_commercial_unknown_1037309,Shaping Desire: How Architects Redefine Commercial Spaces,Unknown,Unknown,Unknown,commercial,fragmented,temperate,2024,A project exploring innovative architectural concepts for commercial spaces.,0.8
p_shifting_sediments_rivers_as_an_architectural_and_unknown_1035237,Shifting Sediments,Unknown Architect,,,Cultural Catalyst,linear,temperate,2024,A proposal exploring the interplay between rivers and architecture to foster cultural engagement.,0.8
p_services_pavilion_vdv_arq_1034569,Services Pavilion,VDV ARQ,,,pavilion,pavilion,tropical,2024,The Services Pavilion is a multifunctional space designed to serve community and administrative needs.,0.8
p_shigeru_ban_named_recipient_of_the_2026_aia_gold_m_shigeru_ban_architec_1036740,AIA Gold Medal 2026,Shigeru Ban,,USA,Cultural,,,2024,Shigeru Ban is recognized with the AIA Gold Medal for 2026.,0.8
p_shaping_desire_how_architects_redefine_commercial_unknown_1037309,Shaping Desire: How Architects Redefine Commercial Spaces,Unknown,,,commercial,fragmented,temperate,2024,This project explores innovative approaches to commercial space design.,0.8
p_simone_veil_school_complex_tremblay_en_france_gaetan_le_penhuel_ar_1037050,Simone Veil School Complex,Gaetan Le Penhuel Architectes,Tremblay-en-France,France,School,fragmented,temperate,2024,The Simone Veil School Complex is a forward-thinking educational facility designed to enhance learning and community engagement.,0.85
p_shifting_sediments_rivers_as_an_architectural_and_unknown_1035237,Shifting Sediments: Rivers as an Architectural and Cultural Catalyst,Unknown,Unknown,Unknown,Cultural Architecture,fragmented,temperate,2024,An innovative project that integrates architectural design with river ecosystems.,0.8
p_shigeru_ban_named_recipient_of_the_2026_aia_gold_m_shigeru_ban_architec_1036740,AIA Gold Medal,Shigeru Ban,,United States,Cultural,,temperate,2024,Shigeru Ban has been awarded the 2026 AIA Gold Medal in recognition of his significant contributions to architecture and humanitarian efforts.,0.8
p_six_sites_host_the_olympic_villages_of_milano_cort_skidmore_owings_merr_1036841,Six Sites Host the Olympic Villages of Milano Cortina 2026 With a Focus on Existing Infrastructure,Unknown,Milano Cortina,Italy,Residential,clustered,temperate,2024,The Olympic Villages for Milano Cortina 2026 are designed to accommodate athletes with a focus on utilizing existing infrastructure.,0.8
p_simone_veil_school_complex_tremblay_en_france_gaetan_le_penhuel_ar_1037050,Simone Veil School Complex,Gaetan Le Penhuel Architectes,Tremblay-en-France,France,school,fragmented,temperate,2024,The Simone Veil School Complex in Tremblay-en-France offers an innovative educational environment with a focus on sustainability.,0.8
p_ski_tower_a_lab_1037147,Ski Tower,A-Lab,,,recreational,tower,temperate,2024,A tower for skiing activities that offers panoramic views.,0.8
p_small_practices_big_ideas_indian_studios_redefinin_unknown_1037371,"Small Practices, Big Ideas: Indian Studios Redefining Architectural Agency",,,,,,,0,,0.0
p_snob_architects_designs_contemporary_office_buildi_unknown_1037428,Contemporary Office Building,SNOB Architects,Barcelona,Spain,office,fragmented,temperate,2024,A contemporary office building designed by SNOB Architects in the vibrant El Raval district of Barcelona.,0.85
p_six_sites_host_the_olympic_villages_of_milano_cort_skidmore_owings_merr_1036841,Six Sites Host the Olympic Villages of Milano Cortina 2026 With a Focus on Existing Infrastructure,Unknown,Milano,Italy,Residential,Clustered,Temperate,2024,The Olympic Villages for Milano Cortina 2026 utilize existing infrastructure to create sustainable residential spaces.,0.8
p_sorairo_apartment_j_hous_studio_1037064,Sorairo Apartment,J Hous Studio,,,Residential,fragmented,temperate,2024,The Sorairo Apartment is a contemporary residential building designed to foster community living.,0.8
p_ski_tower_a_lab_1037147,Ski Tower,A-Lab,,Norway,tower,tower,temperate,2024,The Ski Tower by A-Lab serves as a multifunctional observation and activity space designed for winter sports enthusiasts.,0.8
p_spaces_for_wellness_integrating_fitness_into_every_unknown_936042,Spaces for Wellness: Integrating Fitness into Everyday Environments,,,,residential,fragmented,temperate,2024,An innovative project focusing on integrating fitness spaces in residential environments.,0.8
p_small_practices_big_ideas_indian_studios_redefinin_unknown_1037371,"Small Practices, Big Ideas",Various Indian Studios,,India,Mixed-use,fragmented,tropical,2024,Exploring the innovative architectural practices of small Indian studios.,0.8
p_sports_complex_in_petit_quevilly_olgga_architects_1037227,Sports Complex in Petit-Quevilly,Olgga Architects,Petit-Quevilly,France,sports complex,fragmented,temperate,2024,A modern sports complex designed to foster community interaction and sport participation.,0.8
p_snob_architects_designs_contemporary_office_buildi_unknown_1037428,Contemporary Office Building,SNOB Architects,Barcelona,Spain,office,fragmented,temperate,2024,A contemporary office building designed to enhance the working environment in the El Raval district of Barcelona.,0.8
p_sorairo_apartment_j_hous_studio_1037064,Sorairo Apartment,J Hous Studio,,Japan,Residential,fragmented,temperate,2024,Sorairo Apartment is a contemporary residential building designed to enhance urban living.,0.8
p_spotlight_frank_gehry_gehry_partners_337756,Spotlight,Frank Gehry,Los Angeles,United States,cultural,fragmented,temperate,2024,"A cultural highlight dedicated to the works of Frank Gehry, emphasizing innovative design.",0.8
p_spaces_for_wellness_integrating_fitness_into_every_unknown_936042,Spaces for Wellness: Integrating Fitness into Everyday Environments,,,,Residential,fragmented,temperate,2024,"A project that integrates fitness and wellness into everyday living environments, enhancing residential spaces.",0.8
p_student_experience_minervahaven_vurb_architects_972540,Student Experience Minervahaven,VURB Architects,Rotterdam,Netherlands,Educational Facility,fragmented,temperate,2024,Student Experience Minervahaven is a state-of-the-art student housing project designed by VURB Architects in Rotterdam.,0.8
p_sports_complex_in_petit_quevilly_olgga_architects_1037227,Sports Complex in Petit-Quevilly,Olgga Architects,,,,,,0,,0.0
p_spotlight_frank_gehry_gehry_partners_337756,Spotlight,Frank Gehry,,USA,cultural,fragmented,temperate,2024,A cultural project celebrating the work of Frank Gehry through an immersive exhibition experience.,0.8
p_studioninedots_transforms_a_former_tobacco_factory_1037048,Transforms a Former Tobacco Factory into a Mixed-Use Urban Complex,Studioninedots,Groningen,Netherlands,Mixed-Use,fragmented,temperate,2024,A mixed-use urban complex that revitalizes a former tobacco factory.,0.8
p_summer_house_in_klegod_spant_studio_1037437,Summer House in Klegod,Spant Studio,Klegod,Denmark,Residential,fragmented,temperate,2024,The Summer House in Klegod is a modern residential retreat that harmonizes with its natural surroundings.,0.8
p_stefan_zeromski_theatre_wxca_1036577,Stefan Żeromski Theatre,WXCA,Kraków,Poland,Theatre,fragmented,temperate,2024,The Stefan Żeromski Theatre is a contemporary cultural venue designed to host a variety of performances.,0.8
p_switching_perspective_how_63_colors_interact_with_le_corbusier_1032921,Switching Perspective,Unknown,Unknown,Unknown,Cultural,fragmented,temperate,2024,A project exploring how 63 colors interact within architectural spaces.,0.8
p_student_experience_minervahaven_vurb_architects_972540,Student Experience Minervahaven,VURB Architects,Nijmegen,Netherlands,educational,linear,temperate,2024,A modern educational building designed to enhance the student experience with innovative communal spaces.,0.8
p_tanpopo_restaurant_trail_practice_1037121,Tanpopo Restaurant,TRAIL,Unknown City,Unknown Country,Restaurant,fragmented,tropical,2024,Tanpopo Restaurant is a contemporary dining space that celebrates culinary traditions while harmonizing with the environment.,0.8
p_studioninedots_transforms_a_former_tobacco_factory_1037048,Transforms a Former Tobacco Factory into a Mixed-Use Urban Complex,Studioninedots,Groningen,Netherlands,mixed-use,clustered,temperate,2024,A revitalization project transforming an old tobacco factory into a dynamic urban complex.,0.8
p_tashkent_modernism_xx_unknown_1006530,Tashkent Modernism XX/XXI,Not specified,Tashkent,Uzbekistan,Heritage Conservation,fragmented,arid,2024,A project dedicated to the research and preservation of Tashkent's modernist architectural heritage.,0.8
p_summer_house_in_klegod_spant_studio_1037437,Summer House in Klegod,Spant Studio,Klegod,Denmark,residential,fragmented,temperate,2024,A modern summer house in Klegod designed for leisure and environmental integration.,0.8
p_td2_house_hinzstudio_1037240,TD2 House,Hinzstudio,Unknown,Unknown,Residential,fragmented,temperate,2024,The TD2 House is a modern residential structure that emphasizes seamless integration with its environment.,0.8
p_switching_perspective_how_63_colors_interact_with_le_corbusier_1032921,Switching Perspective: How 63 Colors Interact with Architectural Spaces,Unknown,Unknown,Unknown,cultural,,,2024,An exploration of the interaction of color within architectural spaces.,0.8
p_tanpopo_restaurant_trail_practice_1037121,Tanpopo Restaurant,TRAIL [practice],,,,,,0,,0.0
p_tehrani_taxi_terminal_moloudi_architecture_1036526,Tehrani Taxi Terminal,Moloudi Architecture,Tehran,Iran,transportation terminal,linear,arid,2024,"The Tehrani Taxi Terminal, designed by Moloudi Architecture, serves as an innovative hub for urban transportation in Tehran.",0.8
p_tashkent_modernism_xx_unknown_1006530,Tashkent Modernism XX/XXI: A Research and Preservation Project for Uzbekistan's Architectural Heritage,,Tashkent,Uzbekistan,Cultural,,arid,2024,A project focused on researching and preserving the unique modernist architecture of Tashkent.,0.8
p_td2_house_hinzstudio_1037240,TD2 House,Hinzstudio,Unknown,Unknown,Residential,compact,temperate,2024,A modern residential design focusing on sustainability and natural light.,0.8
p_tempo_nexus_library_k59_atelier_1037006,Tempo Nexus Library,k59 atelier,Unknown,Unknown,library,fragmented,temperate,2024,Tempo Nexus Library is a modern library designed to foster community learning and interaction.,0.8
p_tehrani_taxi_terminal_moloudi_architecture_1036526,Tehrani Taxi Terminal,Moloudi Architecture,Tehran,Iran,transportation,linear,arid,2024,The Tehrani Taxi Terminal is designed to serve as an efficient and modern transportation hub.,0.8
p_tempo_nexus_library_k59_atelier_1037006,Tempo Nexus Library,k59 atelier,Unknown,Unknown,library,fragmented,temperate,2024,Tempo Nexus Library is a modern public library designed to foster community interactions.,0.8
p_thaden_school_marlon_blackwell_arc_987700,Thaden School,Marlon Blackwell Architects,Bentonville,United States,school,courtyard,temperate,2024,Thaden School is a modern educational facility designed to foster community and learning.,0.8
p_thaden_school_marlon_blackwell_arc_987700,Thaden School,Marlon Blackwell Architects,Bentonville,United States,school,pavilion,temperate,2024,Thaden School by Marlon Blackwell Architects is a forward-thinking educational facility designed to foster community engagement and sustainability.,0.8
p_the_100_best_latin_american_houses_of_2025_unknown_1037033,The 100 Best Latin American Houses of 2025,,,Latin America,Residential,,,2024,"An anthology of outstanding residential architecture in Latin America, showcasing 100 exceptional houses.",0.8
p_the_100_best_latin_american_houses_of_2025_unknown_1037033,The 100 Best Latin American Houses of 2025,Various,,Latin America,Residential,varied,varied,2024,A curated collection of the best residential architecture in Latin America for the year 2025.,0.8
p_the_20_most_anticipated_projects_of_2026_david_chipperfield_a_1036741,The 20 Most Anticipated Projects of 2026,,,,mixed-use,varied,,2026,A compilation of the most innovative and anticipated architectural projects set to be completed in 2026.,0.8
p_the_20_most_anticipated_projects_of_2026_david_chipperfield_a_1036741,The 20 Most Anticipated Projects of 2026,,,,,,,2026,A feature highlighting significant architectural projects expected to emerge in 2026.,0.5
p_the_aesthetics_of_power_soviet_modernism_meets_uzb_unknown_1036573,Palace of Peoples’ Friendship,Unknown,Tashkent,Uzbekistan,Cultural,fragmented,arid,2024,The Palace of Peoples’ Friendship merges Soviet modernism with Uzbek architectural traditions.,0.8
p_the_aesthetics_of_power_soviet_modernism_meets_uzb_unknown_1036573,Palace of Peoples’ Friendship,Unknown,Tashkent,Uzbekistan,Cultural,fragmented,arid,2024,The Palace of Peoples’ Friendship blends Soviet modernism with Uzbek traditions.,0.8
p_the_apple_house_okra_studio_1036789,The Apple House,Okra Studio,,,Residential,fragmented,temperate,2024,The Apple House is a modern residential project that harmoniously integrates with its natural surroundings.,0.8
p_the_apple_house_okra_studio_1036789,The Apple House,Okra Studio,,,residential,fragmented,temperate,2024,The Apple House by Okra Studio is an innovative residential project that harmonizes with its natural surroundings.,0.8
p_the_barbican_center_to_undergo_major_renewal_and_u_unknown_1024907,The Barbican Center Renewal and Upgrade,,London,United Kingdom,Cultural Center,fragmented,temperate,2024,The Barbican Center is set for major renewal and upgrade to enhance its cultural offerings.,0.8
p_the_barbican_center_to_undergo_major_renewal_and_u_unknown_1024907,The Barbican Center Renewal and Upgrade,Barbican Centre Management,London,United Kingdom,Cultural Centre,fragmented,temperate,2027,"The Barbican Center is set for a major renewal in 2027, focusing on enhancing cultural facilities.",0.85
p_the_best_interviews_of_2025_architectures_year_of_unknown_1037009,"The Best Interviews of 2025: Architecture’s Year of Reflection, Repair, and Optimism",,,,cultural,,,2024,A cultural project reflecting on architectural philosophies and practices of 2025.,0.8
p_the_best_interviews_of_2025_architectures_year_of_unknown_1037009,The Best Interviews of 2025,,,,Cultural/Workshop,,temperate,2024,A thought-provoking series of interviews focusing on the future of architecture.,0.8
p_the_blue_rotary_membrane_bridge_peoples_architecture_1036223,The Blue Rotary Membrane Bridge,People's Architecture Office,,,infrastructure,linear,temperate,2024,"A unique pedestrian bridge blending art and functionality, inspired by rotary membrane concepts.",0.8
p_the_blue_rotary_membrane_bridge_peoples_architecture_1036223,The Blue Rotary Membrane Bridge,People's Architecture Office,,,bridge,linear,n/a,2024,A groundbreaking bridge design featuring a dynamic membrane that allows for rotation and adaptability.,0.8
p_the_butterfly_and_first_baptist_church_complex_revery_architecture_1036886,The Butterfly and First Baptist Church Complex,Revery Architecture,Vancouver,Canada,mixed-use cultural and religious complex,fragmented,temperate,2024,A vibrant mixed-use complex serving as a cultural and religious hub.,0.8
p_the_butterfly_and_first_baptist_church_complex_revery_architecture_1036886,The Butterfly and First Baptist Church Complex,Revery Architecture,Unknown,Unknown,Religious,clustered,temperate,2024,The Butterfly and First Baptist Church Complex harmonizes spirituality and community services in an innovative architectural environment.,0.8
p_the_culture_shift_superimpose_architec_1036228,The Culture Shift,Superimpose Architecture,,,cultural,fragmented,temperate,2024,The Culture Shift is a community-oriented cultural center designed to encourage interaction and exchange among diverse groups.,0.8
p_the_culture_shift_superimpose_architec_1036228,The Culture Shift,Superimpose Architecture,,,cultural,fragmented,temperate,2024,The Culture Shift is an innovative cultural facility designed to foster community engagement and artistic expression.,0.8
p_the_evolving_practice_of_designing_light_in_scandi_unknown_1036987,The Evolving Practice of Designing Light in Scandinavian Environments,Unknown,Unknown,Sweden,Cultural,linear,temperate,2024,This project explores the innovative practices of designing light in Scandinavian architecture.,0.8
p_the_evolving_practice_of_designing_light_in_scandi_unknown_1036987,The Evolving Practice of Designing Light in Scandinavian Environments,Unknown,Unknown,Sweden,Cultural,linear,temperate,2024,A project focused on innovative lighting solutions tailored for Scandinavian environments.,0.8
p_the_future_of_cities_how_can_we_build_differently_unknown_1035616,The Future of Cities: How Can We Build Differently to Promote Resilient and Low-Impact Environments?,,,,,,,0,,0.0
p_the_future_of_urban_development_in_mongolia_insigh_unknown_1032473,The Future of Urban Development in Mongolia: Insights from the Hunnu City Design Competition,,,,,,,0,,0.0
p_the_future_of_cities_how_can_we_build_differently_unknown_1035616,The Future of Cities: How Can We Build Differently to Promote Resilient and Low-Impact Environments?,,,,,,,2024,A forward-thinking architecture project focusing on resilient urban design.,0.8
p_the_hungry_caterpillar_lyth_design_1037150,The Hungry Caterpillar,Lyth Design,,,cultural,fragmented,temperate,2024,A playful children's play and learning center inspired by a classic children's book.,0.8
p_the_future_of_urban_development_in_mongolia_insigh_unknown_1032473,The Future of Urban Development in Mongolia,,Ulaanbaatar,Mongolia,urban development,clustered,continental,2024,An innovative urban development project aimed at reshaping Ulaanbaatar's urban landscape.,0.8
p_the_intelligence_of_what_remains_on_archiving_and_unknown_1030041,The Intelligence of What Remains,Unknown,Unknown,Unknown,Cultural/Institutional,fragmented,unknown,2024,A conceptual exploration of the relationship between archiving and architectural knowledge.,0.8
p_the_invisible_city_indias_urban_infrastructure_pro_unknown_1036992,The Invisible City: India's Urban Infrastructure Projects of 2025 That Deserve Attention,,,India,urban infrastructure,fragmented,tropical,2024,An exploration of India's upcoming urban infrastructure projects for 2025 that highlight sustainability and innovation.,0.8
p_the_hungry_caterpillar_lyth_design_1037150,The Hungry Caterpillar,Lyth Design,Unknown City,Unknown Country,Cultural,fragmented,temperate,2024,The Hungry Caterpillar is an innovative cultural space designed to foster education and creativity.,0.8
p_the_intelligence_of_what_remains_on_archiving_and_unknown_1030041,The Intelligence of What Remains,Unknown,Unknown,Unknown,Cultural,fragmented,temperate,2024,A project focused on archiving and understanding architectural knowledge.,0.8
p_the_kensington_learning_space_plan_architect_957619,Kensington Learning Space,Plan Architect,Kensington,Canada,educational,linear,temperate,2024,A modern educational facility designed for collaborative learning.,0.8
p_the_invisible_city_indias_urban_infrastructure_pro_unknown_1036992,The Invisible City,,Various Cities,India,Urban Infrastructure,,tropical,2024,An overview of India's upcoming urban infrastructure projects that are crucial for future development.,0.8
p_the_line_of_fragile_radiance_neon_light_as_atelier_unknown_1036540,The Line of Fragile Radiance,Unknown,Unknown,Unknown,Cultural,fragmented,temperate,2024,A cultural space that explores the interplay of neon light as artistic material.,0.8
p_the_kensington_learning_space_plan_architect_957619,The Kensington Learning Space,Plan Architect,Kensington,Canada,educational,linear,temperate,2024,A modern educational facility designed to foster collaborative learning.,0.8
p_the_line_of_fragile_radiance_neon_light_as_atelier_unknown_1036540,The Line of Fragile Radiance,Unknown,,,Cultural,linear,temperate,2024,"A neon-lit atelier and archive space, celebrating the ephemeral beauty of neon art.",0.8
p_the_mountain_chamber_erdegard_arkitekter_1036839,The Mountain Chamber,Erdegard Arkitekter,,,cultural,fragmented,temperate,2024,The Mountain Chamber is a cultural pavilion aimed at promoting reflection and connection with nature.,0.8
p_the_opened_white_box_art_museum_ocat_b10_meng_yan_urbanus_1004207,Opened White Box Art Museum,MENG YAN,Not provided,Not provided,museum,fragmented,temperate,2024,The Opened White Box Art Museum is a contemporary cultural space designed to enhance art interaction.,0.8
p_the_mountain_chamber_erdegard_arkitekter_1036839,The Mountain Chamber,Erdegard Arkitekter,,,residential,fragmented,temperate,2024,The Mountain Chamber is a contemporary residential project that harmonizes with its natural environment.,0.8
p_the_past_present_and_future_of_hemp_in_constructio_unknown_1019891,"The Past, Present, and Future of Hemp in Construction",,,,research/educational,linear,temperate,2024,This project examines the evolving role of hemp in sustainable construction.,0.8
p_the_opened_white_box_art_museum_ocat_b10_meng_yan_urbanus_1004207,Opened White Box Art Museum,MENG YAN,Unknown,China,Museum,fragmented,temperate,2024,The Opened White Box Art Museum by URBANUS blends contemporary design with interactive art experiences.,0.8
p_the_perfect_render_understanding_and_mastering_ren_unknown_960779,The Perfect Render: Understanding and Mastering Rendering Techniques,Unknown,,,Educational,linear,Unknown,2024,An educational initiative focusing on rendering techniques in architecture.,0.8
p_the_past_present_and_future_of_hemp_in_constructio_unknown_1019891,"The Past, Present, and Future of Hemp in Construction",,,,educational/research,compact,temperate,2024,A project dedicated to exploring the role of hemp in sustainable construction.,0.8
p_the_ponto_c_culture_and_creativity_galeria_gabinete_1036418,The Ponto C - Culture and Creativity,Galeria Gabinete,Unknown,Unknown,cultural,fragmented,temperate,2024,The Ponto C is a cultural center that fosters creativity through innovative design.,0.8
p_the_perfect_render_understanding_and_mastering_ren_unknown_960779,The Perfect Render,,,,Educational/Workshop,n/a,temperate,2024,A project focusing on mastering rendering techniques for architecture.,0.8
p_the_power_of_restraint_philippe_malouin_on_minimal_unknown_1034358,The Power of Restraint,Philippe Malouin,,,Residential,fragmented,temperate,2024,An exploration of minimalism in bathroom design through the HUM Collection.,0.8
p_the_ponto_c_culture_and_creativity_galeria_gabinete_1036418,The Ponto C - Culture and Creativity,Galeria Gabinete,Unknown,Unknown,Cultural Center,fragmented,temperate,2024,A cultural center fostering creativity and community engagement.,0.8
p_the_preserve_i_home_studio_schicketanz_1037012,The Preserve I,Schicketanz,Unknown,United States,Residential,fragmented,temperate,2024,The Preserve I is a residential project that integrates architecture with the surrounding landscape.,0.8
p_the_power_of_restraint_philippe_malouin_on_minimal_unknown_1034358,The Power of Restraint,Philippe Malouin,,,residential,compact,temperate,2024,Philippe Malouin's HUM Collection embodies the essence of minimalism through precision and purity in design.,0.8
p_the_role_of_architects_is_shifting_from_solitary_v_unknown_1035900,The Role of Architects Is Shifting,,,,,,,2024,An examination of the evolving role of architects in society.,0.8
p_the_preserve_i_home_studio_schicketanz_1037012,The Preserve I,Studio Schicketanz,Unknown City,United States,Residential,compact,temperate,2024,The Preserve I is a contemporary residential project focused on harmonizing architecture with nature.,0.8
p_the_roost_residence_opal_1036941,The Roost Residence,OPAL,,,residential,linear,temperate,2024,A modern residential building focused on sustainable living and harmony with nature.,0.8
p_the_role_of_architects_is_shifting_from_solitary_v_unknown_1035900,The Role of Architects Is Shifting,,,,research,,,2024,This project examines the transition of architects from individual creators to collaborative activists.,0.8
p_the_rubberer_cafe_sa_ard_studio_1037218,The Rubber Cafe,SA-ARD studio,Unknown City,Unknown Country,Cafe,fragmented,tropical,2024,"The Rubber.er Cafe is an innovative cafe design by SA-ARD studio, emphasizing community interaction.",0.8
p_the_roost_residence_opal_1036941,The Roost Residence,OPAL,Unknown,Unknown,residential,fragmented,temperate,2024,The Roost Residence is a sustainable single-family home designed for modern living.,0.8
p_the_shrine_office_private_architect_st_1037069,The Shrine Office,Sobokuya Inc.,,,office,fragmented,temperate,2024,The Shrine Office is a creative office space that blends modern design with functionality.,0.8
p_the_rubberer_cafe_sa_ard_studio_1037218,The Rubber Cafe,SA-ARD studio,,,cafe,pavilion,tropical,2024,The Rubber Cafe is a unique architectural project combining sustainability with community space.,0.8
p_the_shrine_office_private_architect_st_1037069,The Shrine Office,Sobokuya Inc.,,,office,linear,temperate,2024,The Shrine Office is a modern office space that combines contemporary design with functional work environments.,0.8
p_the_standardized_planning_of_latin_american_cities_unknown_1024343,The Standardized Planning of Latin American Cities: Tracing the Blueprint of the Laws of the Indies,,,Various (Latin America),Urban planning,,,2024,An exploration of the planning principles established by the Laws of the Indies and their impact on Latin American cities.,0.8
p_the_tasting_tongue_art_installation_studio_deng_1036682,The Tasting Tongue,Studio Deng,,,art installation,fragmented,unknown,2024,An art installation designed to engage and provoke thought about food and culture.,0.8
p_the_standardized_planning_of_latin_american_cities_unknown_1024343,The Standardized Planning of Latin American Cities,Unknown,Various,Various,Urban Planning,clustered,tropical,2024,An exploration of urban planning influenced by colonial regulations in Latin America.,0.8
p_the_telegraph_hotel_nerihu_design_and_re_1036467,The Telegraph Hotel,Neri&Hu,,,hospitality,fragmented,temperate,2024,"The Telegraph Hotel, designed by Neri&Hu, combines modern hospitality with rich historical context.",0.8
p_the_tasting_tongue_art_installation_studio_deng_1036682,The Tasting Tongue,Studio Deng,,,art installation,pavilion,,2024,The Tasting Tongue is an innovative art installation that marries sensory engagement with contemporary design.,0.8
p_the_temperature_of_inequality_rethinking_urban_sur_unknown_1035983,The Temperature of Inequality: Rethinking Urban Surfaces for a Changing Climate,Unknown,Unknown,Unknown,urban intervention,fragmented,temperate,2024,An urban design project addressing climate change and inequality through innovative surfaces.,0.8
p_the_telegraph_hotel_nerihu_design_and_re_1036467,The Telegraph Hotel,Neri&Hu Design and Research Office,Nottingham,United Kingdom,Hotel,fragmented,temperate,2024,A revitalizing hotel project merging historical context and modern design.,0.85
p_the_uia_world_congress_of_architects_2026_barcelon_brandlhuber_1037302,The UIA World Congress of Architects 2026 Barcelona Unveils Program and Speakers,,Barcelona,Spain,congress center,pavilion,temperate,2024,"The UIA World Congress of Architects 2026 will take place in Barcelona, focusing on global architectural issues.",0.8
p_the_temperature_of_inequality_rethinking_urban_sur_unknown_1035983,The Temperature of Inequality,Unknown Architect,Unknown City,Unknown Country,Urban development,fragmented,temperate,2024,An innovative urban project addressing social inequality and climate change through design.,0.8
p_the_webster_adjaye_associates_1036819,The Webster,Adjaye Associates,Miami,United States,retail,fragmented,tropical,2024,"A luxury retail space designed by Adjaye Associates, located in Miami.",0.85
p_the_uia_world_congress_of_architects_2026_barcelon_brandlhuber_1037302,The UIA World Congress of Architects 2026 Barcelona Unveils Program and Speakers,,Barcelona,Spain,conference/event,,temperate,2026,The UIA World Congress of Architects 2026 will host discussions on contemporary architectural practices.,0.9
p_the_webster_adjaye_associates_1036819,The Webster,Adjaye Associates,,,,,,0,,0.0
p_the_whitney_museum_of_american_art_at_gansevoort_cooper_robertson_630574,The Whitney Museum of American Art at Gansevoort,Renzo Piano Building Workshop  + Cooper Robertson,,,,,,0,,0.0
p_the_whitney_museum_of_american_art_at_gansevoort_cooper_robertson_630574,The Whitney Museum of American Art at Gansevoort,Renzo Piano Building Workshop,New York City,United States,Museum,fragmented,temperate,2024,"A modern art museum designed by Renzo Piano, situated along the High Line, emphasizing transparency and connection to the urban landscape.",0.8
p_the_year_in_review_archdailys_december_editorial_f_unknown_1036469,The Year in Review: ArchDaily’s December Editorial Focus,,,,,,,0,,0.0
p_the_year_in_review_archdailys_december_editorial_f_unknown_1036469,The Year in Review: ArchDaily’s December Editorial Focus,,,,,,,0,,0.0
p_timber_tectonics_10_projects_rethinking_wood_const_unknown_1032530,Timber Tectonics: 10 Projects Rethinking Wood Construction in Contemporary China,,,,,,,0,,0.0
p_timber_tectonics_10_projects_rethinking_wood_const_unknown_1032530,Timber Tectonics: 10 Projects Rethinking Wood Construction in Contemporary China,,Various Cities,China,Mixed-use,various,temperate,2024,A compilation of ten architectural projects in China that showcase innovative wood construction strategies.,0.8
p_tinderbox_house_studio_ilk_architect_977455,Tinderbox House,Studio Ilk,,,Residential,fragmented,temperate,2024,The Tinderbox House is a modern residential design that harmonizes with its surroundings and embraces sustainability.,0.8
p_tinderbox_house_studio_ilk_architect_977455,Tinderbox House,Studio Ilk Architecture + Interiors,Unknown,Unknown,Residential,fragmented,temperate,2024,An innovative residential design that promotes modern living.,0.8
p_tneib_house_abdel_qader_tarabieh_1037434,Tneib House,Abdel Qader Tarabieh Architecture,,,Residential,fragmented,tropical,2024,Tneib House is a contemporary residence that exemplifies sustainable architecture.,0.8
p_tneib_house_abdel_qader_tarabieh_1037434,Tneib House,Abdel Qader Tarabieh Architecture,,,Residential,fragmented,temperate,2024,A modern residential house emphasizing integration with nature.,0.8
p_tracing_five_decades_of_thought_and_form_tadao_and_unknown_1035508,Tracing Five Decades of Thought and Form,Tadao Ando,Osaka,Japan,exhibition,compact,temperate,2024,This project is an exhibition dedicated to Tadao Ando's architectural journey through sketches and designs.,0.8
p_tracing_five_decades_of_thought_and_form_tadao_and_unknown_1035508,Tracing Five Decades of Thought and Form,Tadao Ando,,Japan,exhibition,fragmented,temperate,2024,"A cultural exhibition presented by Tadao Ando, featuring five decades of his architectural work.",0.8
p_tracing_frank_gehrys_architectural_legacy_through_gehry_partners_1036746,Tracing Frank Gehry’s Architectural Legacy Through His Most Influential Works,Frank Gehry,,,Exhibition,fragmented,temperate,2024,An exhibition exploring Frank Gehry's influential architectural works.,0.8
p_tracing_frank_gehrys_architectural_legacy_through_gehry_partners_1036746,Tracing Frank Gehry’s Architectural Legacy Through His Most Influential Works,Frank Gehry,,,Cultural,fragmented,temperate,2024,This project examines Frank Gehry's architectural impact through a curated analysis of his prominent works.,0.8
p_triplet_code_sinsa_neighborhood_facility_leau_design_1036977,Triplet Code Sinsa Neighborhood Facility,L'EAU design,Seoul,South Korea,community facility,clustered,temperate,2024,Triplet Code Sinsa is a community facility designed to enhance the social fabric of the Sinsa neighborhood.,0.8
p_triplet_code_sinsa_neighborhood_facility_leau_design_1036977,Triplet Code Sinsa Neighborhood Facility,L'EAU design,Seoul,South Korea,community facility,fragmented,temperate,2024,"The Triplet Code Sinsa Neighborhood Facility is a modern community center in Seoul, designed for flexibility and engagement.",0.8
p_tropical_house_2_aro_studio_1037089,Tropical House 2,ARO studio,,,residential,fragmented,tropical,2024,Tropical House 2 is a residential project that integrates modern design with the natural environment of the tropics.,0.8
p_tropical_house_2_aro_studio_1037089,Tropical House 2,ARO studio,,unknown,Residential,courtyard,tropical,2024,A contemporary residential project focused on harmonizing with its tropical surroundings.,0.8
p_turins_castello_di_rivoli_tells_a_story_of_the_reg_unknown_910070,Castello di Rivoli,Giorgio Grassi,Turin,Italy,museum,fragmented,temperate,2024,Castello di Rivoli is a contemporary museum that engages visitors with the region's historical narrative through architectural expression.,0.8
p_turins_castello_di_rivoli_tells_a_story_of_the_reg_unknown_910070,Castello di Rivoli,Carlo Bo,Turin,Italy,Museum,fragmented,temperate,2024,Castello di Rivoli reflects the historical narrative of the Piedmont region through its innovative architectural design.,0.85
p_ubani_publishes_first_volume_of_the_guide_to_tbili_unknown_1036781,"Guide to Tbilisi Districts, Focusing on Kala",Ubani,Tbilisi,Georgia,publication,,temperate,2024,"Ubani publishes a guide focusing on the Kala district of Tbilisi, emphasizing its architecture and culture.",0.9
p_ubani_publishes_first_volume_of_the_guide_to_tbili_unknown_1036781,"Guide to Tbilisi Districts, Focusing on Kala",Ubani,Tbilisi,Georgia,Publication,,temperate,2024,A significant publication detailing the urban characteristics of Tbilisi's Kala district.,0.8
p_unesco_world_capital_of_architecture_2026_barcelon_unknown_966002,UNESCO World Capital of Architecture 2026: Barcelona and the Capacity of Architecture to Transform Reality,,Barcelona,Spain,cultural,clustered,temperate,2024,"The project focuses on Barcelona's designation as UNESCO World Capital of Architecture in 2026, exploring architecture’s transformative capacity.",0.8
p_unveiling_the_15_most_significant_architectural_ev_unknown_1025820,Unveiling the 15 Most Significant Architectural Events of 2025,,,,event,,,2024,A significant showcase of leading architectural events in 2025.,0.7
p_unesco_world_capital_of_architecture_2026_barcelon_unknown_966002,UNESCO World Capital of Architecture 2026: Barcelona and the Capacity of Architecture to Transform Reality,,Barcelona,Spain,cultural,fragmented,temperate,2024,"Barcelona is named the UNESCO World Capital of Architecture for 2026, focusing on architecture's transformative power.",0.8
p_unveiling_the_15_most_significant_architectural_ev_unknown_1025820,Unveiling the 15 Most Significant Architectural Events of 2025,,,,event,,,2024,A curated overview of significant architectural events in 2025.,0.8
p_urban_retreat_atelier_realite_1036483,Urban Retreat,Atelier Réalité,Unknown,Unknown,Residential,fragmented,temperate,2024,A tranquil urban retreat designed for residential purposes.,0.8
p_urban_retreat_atelier_realite_1036483,Urban Retreat,Atelier Réalité,Unnamed City,Unnamed Country,Residential,fragmented,temperate,2024,An urban residential project designed for tranquility amidst city life.,0.8
p_ursulastrasse_6_david_chipperfield_a_1037283,Ursulastrasse 6,Studio Mark Randel,Unknown,Unknown,Residential,fragmented,temperate,2024,Ursulastrasse 6 is a residential mixed-use project designed with a focus on community interaction.,0.8
p_ursulastrasse_6_david_chipperfield_a_1037283,Ursulastrasse 6,David Chipperfield Architects,,,residential,compact,temperate,2024,Ursulastrasse 6 is a modern residential building designed by Studio Mark Randel and David Chipperfield Architects.,0.8
p_vala_apartment_dasein_office_1037362,Vala Apartment,Dasein Office,,,residential,fragmented,temperate,2024,Vala Apartment is a modern residential building designed to foster community interaction.,0.8
p_vala_apartment_dasein_office_1037362,Vala Apartment,Dasein Office,,,residential,compact,temperate,2024,A modern residential apartment designed with sustainability in mind.,0.8
p_vega_house_archirie_1036874,Vega House,Archirie,Unknown,Unknown,Residential,fragmented,temperate,2024,Vega House is a contemporary residential design that emphasizes harmony with nature.,0.8
p_vega_house_archirie_1036874,VEGA House,Archirie,Unknown City,Unknown Country,Residential,clustered,temperate,2024,VEGA House is a modern residential project by Archirie that emphasizes sustainability and contemporary design.,0.8
p_verdure_villa_vessu_collaboration_1037068,Verdure Villa,Vessu,,,Residential,courtyard,tropical,2024,"An elegant residential villa that seamlessly integrates with its lush surroundings, focusing on sustainability and luxury.",0.8
p_vicente_house_masa_arquitectos_1037181,Vicente House,MASA Arquitectos,Unknown,Unknown,Residential,fragmented,tropical,2024,The Vicente House by MASA Arquitectos is a modern residence that emphasizes family interaction and connection to nature.,0.8
p_verdure_villa_vessu_collaboration_1037068,Verdure Villa,Vessu,,,residential,fragmented,temperate,2024,"Verdure Villa is a modern residential project by Vessu, designed to create a seamless connection with nature.",0.8
p_vida_elementary_school_ova_1036906,VIDA Elementary School,OVA,Unknown,Unknown,Educational,linear,temperate,2024,VIDA Elementary School designed by OVA is a modern educational facility focusing on sustainability and community engagement.,0.8
p_vicente_house_masa_arquitectos_1037181,Vicente House,MASA Arquitectos,,,Residential,fragmented,temperate,2024,"The Vicente House, designed by MASA Arquitectos, embodies modern residential architecture with a focus on sustainability.",0.8
p_vilakk_residence_3dor_concepts_1036834,Vilakk Residence,3dor Concepts,,,residential,fragmented,tropical,2024,The Vilakk Residence by 3dor Concepts combines modern living with sustainable design in a tropical setting.,0.8
p_vida_elementary_school_ova_1036906,VIDA Elementary School,OVA,Unknown,Unknown,School,linear,temperate,2024,VIDA Elementary School is a modern educational facility designed to foster community interaction and learning.,0.8
p_villa_12_70_studio_saheb_1037325,Villa 12-70,STUDIO SAHEB,,,residential,fragmented,temperate,2024,Villa 12-70 is a residential project by STUDIO SAHEB that emphasizes harmony with its natural surroundings.,0.8
p_vilakk_residence_3dor_concepts_1036834,VILAKK Residence,3dor Concepts,Unknown,Unknown,residential,fragmented,tropical,2024,The VILAKK Residence is a modern residential project designed by 3dor Concepts focusing on integration with the natural environment.,0.8
p_villa_1374_the_purple_ink_studi_1037262,Villa 1374,The Purple Ink Studio,Unknown,Unknown,Residential,fragmented,tropical,2024,Villa 1374 is a contemporary residential project designed to harmonize with its natural environment.,0.8
p_villa_12_70_studio_saheb_1037325,Villa 12-70,STUDIO SAHEB,,,Residential,fragmented,tropical,2024,Villa 12-70 is a contemporary residence designed to blend indoor and outdoor living.,0.8
p_villa_h_ark_architecture_1036273,Villa H,ARK-architecture,,,Residential,fragmented,temperate,2024,Villa H is a contemporary residential project emphasizing a connection to nature and modern living.,0.8
p_villa_1374_the_purple_ink_studi_1037262,Villa 1374,The Purple Ink Studio,,,Residential,fragmented,tropical,2024,Villa 1374 is a modern residential project focusing on sustainability and integration with nature.,0.8
p_villa_k_kiryu_atelier_1013776,Villa K,KIRYU ATELIER + T Architects Co.,,,Residential,fragmented,temperate,2024,Villa K is a contemporary residential project that harmonizes with its natural surroundings.,0.8
p_villa_t_la_obra_1037087,Villa T,Unknown Architect,Unknown City,Unknown Country,Residential,fragmented,temperate,2024,Villa T is a contemporary residential project focused on integrating indoor and outdoor living spaces.,0.8
p_villa_h_ark_architecture_1036273,Villa H,ARK-architecture,,,Residential,fragmented,temperate,2024,"Villa H is a modern residential project designed by ARK-architecture, focusing on integration with its natural surroundings.",0.8
p_villa_yume_house_qbo3_arquitectos_1036661,Villa Yume house,QBO3 Arquitectos,Unknown,Unknown,Residential,fragmented,tropical,2024,"Villa Yume is a modern residential project designed by QBO3 Arquitectos, characterized by its fragmented massing and integration with nature.",0.8
p_villa_k_kiryu_atelier_1013776,Villa K,KIRYU ATELIER + T Architects Co.,Unknown,Japan,Residential,fragmented,temperate,2024,Villa K is a modern residential project emphasizing open spaces and light.,0.8
p_villa_zai_idin_architects_1037008,Villa Zai,IDIN Architects,Unknown,Unknown,Residential,fragmented,tropical,2024,Villa Zai is a modern residential project designed to harmonize with its tropical surroundings.,0.8
p_villa_t_la_obra_1037087,Villa T,La Obra,,,Residential,fragmented,tropical,2024,Villa T is a modern residential project designed for sustainable living.,0.8
p_village_house_peninsula_arquitetur_1036922,Village House,Peninsula Arquitetura,,,residential,fragmented,tropical,2024,A residential project that harmonizes with its natural surroundings.,0.8
p_villa_yume_house_qbo3_arquitectos_1036661,Villa Yume house,QBO3 Arquitectos,,,residential,fragmented,tropical,2024,Villa Yume house is a contemporary residential project by QBO3 Arquitectos.,0.8
p_vision_pakistan_db_studios_1036982,Vision Pakistan,DB Studios,Unknown,Pakistan,Cultural,fragmented,tropical,2024,Vision Pakistan is a cultural and educational project focused on community engagement.,0.8
p_villa_zai_idin_architects_1037008,Villa Zai,IDIN Architects,Unknown,Unknown,Residential,fragmented,tropical,2024,Villa Zai is a modern residential project designed to harmonize with its natural environment.,0.8
p_vizafogo_kindergarten_budapest_archikon_architects_977278,Vizafogó Kindergarten,Archikon Architects,Budapest,Hungary,kindergarten,courtyard,temperate,2024,Vizafogó Kindergarten is an innovative educational facility that emphasizes play and learning.,0.8
p_village_house_peninsula_arquitetur_1036922,Village House,Peninsula Arquitetura,Unknown,Unknown,Residential,fragmented,tropical,2024,A residential project that merges contemporary design with the natural environment.,0.8
p_wang_shu_reimagining_chinese_architecture_through_amateur_architecture_798567,Reimagining Chinese Architecture through Craft and Memory,Wang Shu,Hangzhou,China,cultural,fragmented,temperate,2024,An architectural project that fuses traditional Chinese craft with modern design principles.,0.8
p_vision_pakistan_db_studios_1036982,Vision Pakistan,DB Studios,,Pakistan,mixed-use,fragmented,tropical,2024,Vision Pakistan is a mixed-use development aimed at fostering community engagement through cultural and recreational spaces.,0.8
p_vizafogo_kindergarten_budapest_archikon_architects_977278,Vizafogó Kindergarten Budapest,Archikon Architects,,,,,,0,,0.0
p_wass_house_studio_mm_architect_1037210,Wass House,Studio MM Architect,Location Unknown,Location Unknown,Residential,fragmented,temperate,2024,"Wass House is a modern residential project designed by Studio MM Architect, focusing on sustainability and integration with its natural surroundings.",0.8
p_wang_shu_reimagining_chinese_architecture_through_amateur_architecture_798567,Reimagining Chinese Architecture through Craft and Memory,Wang Shu,Ningbo,China,cultural,fragmented,temperate,2024,"This project reimagines traditional Chinese architecture, focusing on craftsmanship and memory.",0.8
p_waterfront_botanical_gardens_perkinswill_933133,Waterfront Botanical Gardens,Perkins&Will,Louisville,United States,botanical garden,linear,temperate,2024,"An innovative botanical garden that blends architecture with nature, promoting sustainability and community engagement.",0.8
p_wass_house_studio_mm_architect_1037210,Wass House,Studio MM Architect,,,Residential,fragmented,temperate,2024,Wass House is a contemporary residential project emphasizing natural light and a connection to its surroundings.,0.8
p_waverley_house_sam_crawford_archite_1036856,Waverley House,Sam Crawford Architects,Sydney,Australia,Residential,fragmented,temperate,2024,Waverley House is a modern residential project that harmoniously integrates with its suburban environment.,0.8
p_waterfront_botanical_gardens_perkinswill_933133,Waterfront Botanical Gardens,Perkins&Will,Louisville,United States,Botanical Garden,linear,temperate,2024,The Waterfront Botanical Gardens is a newly designed space aimed at fostering a connection with nature.,0.8
p_waveworks_yangyang_workation_center_chakchak_studio_1037329,Waveworks Yangyang Workation Center,Chakchak Studio,Yangyang,South Korea,workation center,fragmented,temperate,2024,A unique workation center that combines workspaces with leisure in a natural setting.,0.8
p_waverley_house_sam_crawford_archite_1036856,Waverley House,Sam Crawford Architects,Waverley,Australia,Residential,fragmented,temperate,2024,Waverley House is a contemporary residential project that connects indoor living with the natural environment.,0.8
p_west_gate_tunnel_wood_marsh_architect_1037360,West Gate Tunnel,Wood Marsh Architecture,Melbourne,Australia,Infrastructure,linear,temperate,2024,The West Gate Tunnel is a key infrastructure project aimed at improving transportation in Melbourne.,0.8
p_waveworks_yangyang_workation_center_chakchak_studio_1037329,Waveworks Yangyang Workation Center,Chakchak Studio,Yangyang,South Korea,Workation center,fragmented,temperate,2024,The Waveworks Yangyang Workation Center is a modern facility merging workspaces with areas for relaxation.,0.8
p_what_are_biomaterials_in_architecture_unknown_987658,What Are Biomaterials in Architecture?,,,,Research/educational publication,,,2024,This project examines the significance of biomaterials in contemporary architecture.,0.8
p_what_if_the_smallest_detail_helped_shape_the_mood_unknown_1036775,What if the Smallest Detail Helped Shape the Mood of a Space?,,,,,,,0,,0.0
p_west_gate_tunnel_wood_marsh_architect_1037360,West Gate Tunnel,Wood Marsh Architecture,Melbourne,Australia,Infrastructure,linear,temperate,2024,A critical infrastructure project designed to improve traffic conditions and connectivity in Melbourne.,0.8
p_what_is_plantscaping_unknown_886132,What is Plantscaping?,Unknown,,,landscape architecture,fragmented,temperate,2024,An exploration of how plants can be integrated into architectural design.,0.8
p_what_are_biomaterials_in_architecture_unknown_987658,What Are Biomaterials in Architecture?,Unknown,,,Research/educational project,Unknown,Unknown,2024,A project focused on the role and benefits of biomaterials in modern architecture.,0.8
p_what_is_the_environmental_impact_of_each_building_unknown_984663,What Is the Environmental Impact of Each Building Material?,,,,research,,temperate,2024,A project focused on evaluating the environmental impact of different building materials used in construction.,0.8
p_white_arkitekter_designs_bio_based_timber_neighbou_1036918,"White Arkitekter Designs Bio-Based Timber Neighbourhood Proposal for Hoofddorp, Netherlands",,,,,,,0,,0.0
p_what_if_the_smallest_detail_helped_shape_the_mood_unknown_1036775,What if the Smallest Detail Helped Shape the Mood of a Space?,Unknown,Unknown,Unknown,Cultural,fragmented,temperate,2024,A project exploring the impact of minute design details on spatial mood.,0.8
p_white_brick_house_plan_architects_offi_1037251,White Brick House,PLAN Architects,,,residential,fragmented,temperate,2024,"The White Brick House is a contemporary residential project designed by PLAN Architects, characterized by its unique brick facade.",0.8
p_what_is_plantscaping_unknown_886132,What is Plantscaping?,,,,landscape architecture,,,2024,A project exploring the role of plants in architectural design.,0.8
p_what_is_the_environmental_impact_of_each_building_unknown_984663,What Is the Environmental Impact of Each Building Material?,,,,research/educational,,,2024,This project investigates the environmental impacts of various building materials.,0.8
p_why_francis_kere_won_the_pritzker_prize_natura_futura_978764,Why Francis Kéré Won the Pritzker Prize?,Francis Kéré,Berlin,Germany,,,temperate,2024,"A detailed exploration of Francis Kéré's architectural journey, emphasizing his recognition through the Pritzker Prize.",0.8
p_white_arkitekter_designs_bio_based_timber_neighbou_1036918,Bio-Based Timber Neighbourhood Proposal for Hoofddorp,White Arkitekter,Hoofddorp,Netherlands,Residential,clustered,temperate,2024,"A proposal for a bio-based timber neighbourhood in Hoofddorp, Netherlands, focusing on sustainability.",0.8
p_why_the_2025_pritzker_prize_matters_liu_jiakun_and_unknown_1028016,Why the 2025 Pritzker Prize Matters,Liu Jiakun,,China,cultural,fragmented,temperate,2024,A project focusing on socially responsible architecture led by Liu Jiakun.,0.8
p_white_brick_house_plan_architects_offi_1037251,White Brick House,PLAN Architects,,,Residential,fragmented,temperate,2024,The White Brick House by PLAN Architects is a contemporary residential project that harmonizes with its environment.,0.8
p_wimbledon_house_manuel_urbina_studio_1037149,Wimbledon House,Manuel Urbina Studio,London,United Kingdom,Residential,compact,temperate,2024,Wimbledon House is a modern residential project by Manuel Urbina Studio.,0.85
p_why_francis_kere_won_the_pritzker_prize_natura_futura_978764,Why Francis Kéré Won the Pritzker Prize?,Francis Kéré,Berlin,Germany,Cultural,,temperate,2024,An exploration of Francis Kéré's architectural impact and the principles that led to his recognition.,0.8
p_wooden_wonders_chiayi_city_expo_mvrdv_1037096,Wooden Wonders,MVRDV,Chiayi City,Taiwan,expo pavilion,clustered,tropical,2024,"Wooden Wonders is an innovative expo pavilion in Chiayi City, focusing on sustainable timber architecture.",0.8
p_why_the_2025_pritzker_prize_matters_liu_jiakun_and_unknown_1028016,Why the 2025 Pritzker Prize Matters,Liu Jiakun,Chengdu,China,cultural,fragmented,temperate,2024,An exploration of Liu Jiakun's vision for socially responsible architecture as it relates to the Pritzker Prize.,0.8
p_workplace_culture_design_trends_and_the_impact_of_unknown_975264,"Workplace Culture, Design Trends, and the Impact of Gen Z",,,,office,fragmented,temperate,2024,A workplace design project focused on Gen Z needs and aesthetics.,0.8
p_wimbledon_house_manuel_urbina_studio_1037149,Wimbledon House,Manuel Urbina Studio,London,United Kingdom,Residential,fragmented,temperate,2024,"Wimbledon House is a modern residential project designed for a family in London, focusing on light and connection to nature.",0.8
p_world_super_market_kiki_archi_1037293,World Super Market,KiKi ARCHi,,,commercial,compact,tropical,2024,A modern supermarket designed to foster community interaction.,0.8
p_wooden_wonders_chiayi_city_expo_mvrdv_1037096,Wooden Wonders,MVRDV,Chiayi City,Taiwan,Expo Pavilion,fragmented,tropical,2024,Wooden Wonders is an innovative expo pavilion in Chiayi City that highlights cultural exhibitions with sustainable design principles.,0.8
p_wutong_pavilion_ccdi_dongxiying_stud_1036779,Wutong Pavilion,CCDI Dongxiying Studio,,,pavilion,pavilion,tropical,2024,Wutong Pavilion is a cultural space that harmonizes with its natural surroundings.,0.8
p_workplace_culture_design_trends_and_the_impact_of_unknown_975264,"Workplace Culture, Design Trends, and the Impact of Gen Z",Unknown,,,Office,linear,temperate,2024,A forward-thinking office design that prioritizes the work preferences of Gen Z.,0.8
p_x_house_cote_architects_1037320,X House,Cote Architects,Unknown,Unknown,Residential,fragmented,temperate,2024,"X House is a modern residential project designed by Cote Architects, focusing on sustainability and integration with its surroundings.",0.8
p_world_super_market_kiki_archi_1037293,World Super Market,KiKi ARCHi,Unknown,Unknown,commercial,compact,temperate,2024,A contemporary commercial space designed to promote community interaction and sustainability.,0.8
p_yanbu_old_dragon_park_atelier_cns_cicada_a_1037112,Old Dragon Park,Atelier cnS-CICADA ART,Yanbu,Saudi Arabia,Park,fragmented,arid,2024,Yanbu Old Dragon Park is a cultural park designed to provide recreational spaces and art installations.,0.9
p_wutong_pavilion_ccdi_dongxiying_stud_1036779,Wutong Pavilion,CCDI Dongxiying Studio,,China,pavilion,pavilion,tropical,2024,The Wutong Pavilion is a culturally significant space designed for community gatherings amidst nature.,0.8
p_yeeii_teahouse_vari_architects_1036898,Yeeii Teahouse,Vari Architects,Unknown,Unknown,Cultural,pavilion,tropical,2024,The Yeeii Teahouse is a cultural space designed for tea preparation and social interaction.,0.85
p_x_house_cote_architects_1037320,X House,Cote Architects,Unknown City,Unknown Country,Residential,fragmented,temperate,2024,X House is a modern single-family residence designed for sustainability and integration with its natural surroundings.,0.8
p_yield_house_splyce_design_1012736,Yield House,Splyce Design,,,Residential,linear,temperate,2024,Yield House is a sustainable single-family residence emphasizing natural integration and energy efficiency.,0.8
p_yanbu_old_dragon_park_atelier_cns_cicada_a_1037112,Old Dragon Park,Atelier cnS-CICADA ART,Yanbu,Saudi Arabia,Public Park,landscape integration,arid,2024,Yanbu Old Dragon Park is a public park designed to integrate art with nature.,0.8
p_yeeii_teahouse_vari_architects_1036898,Yeeii Teahouse,Vari Architects,,,Teahouse,pavilion,tropical,2024,Yeeii Teahouse by Vari Architects emphasizes the cultural significance of tea through its design as a community gathering space.,0.8
p_zaha_hadid_architects_explores_ai_driven_design_at_1037409,Architecture of Possibility,Zaha Hadid Architects,Shenzhen,China,exhibition,fragmented,tropical,2024,An innovative exhibition space in Shenzhen focusing on AI-driven design.,0.9
p_zaha_hadid_architects_oppo_headquarters_in_shenzhe_1037459,OPPO Headquarters,Zaha Hadid Architects,Shenzhen,China,Office,fragmented,subtropical,2024,"The OPPO Headquarters by Zaha Hadid Architects is a striking office building in Shenzhen, showcasing a dynamic facade and innovative design.",0.8
p_yield_house_splyce_design_1012736,Yield House,Splyce Design,,,residential,fragmented,temperate,2024,Yield House is a contemporary residential project emphasizing sustainability and connectivity with nature.,0.8
p_zaha_hadid_architects_explores_ai_driven_design_at_1037409,Architecture of Possibility,Zaha Hadid Architects,Shenzhen,China,Exhibition,fragmented,tropical,2024,An innovative exhibition showcasing AI-driven design.,0.8
p_zaremba_residence_reitsma_and_associat_1001872,Zaremba Residence,Reitsma and Associates,,,residential,fragmented,temperate,2024,The Zaremba Residence is a contemporary home by Reitsma and Associates that blends luxury with sustainability.,0.8
p_zaha_hadid_architects_oppo_headquarters_in_shenzhe_1037459,OPPO Headquarters,Zaha Hadid Architects,Shenzhen,China,Office,fragmented,tropical,2024,Zaha Hadid Architects' OPPO Headquarters showcases an innovative design focused on futuristic aesthetics and functionality.,0.8
p_zhouzhuang_theater_facade_renovation_practice_on_earth_1037003,Zhouzhuang Theater Façade Renovation,CAALADI + Practice on Earth,Zhouzhuang,China,theater,linear,temperate,2024,Zhouzhuang Theater's facade renovation enhances its cultural presence.,0.8
p_zaremba_residence_reitsma_and_associat_1001872,Zaremba Residence,Reitsma and Associates,,,residential,fragmented,temperate,2024,The Zaremba Residence combines modern design with sustainable features for a contemporary family home.,0.8
p_zolandemei_resort_studio_j_bridgland_1037059,"ZOLAND·Emei, Resort",Studio J. Bridgland,Emei,China,resort,clustered,tropical,2024,"ZOLAND·Emei is a luxury resort designed to harmonize with its natural surroundings, providing a serene retreat for guests.",0.8
p_zhouzhuang_theater_facade_renovation_practice_on_earth_1037003,Theater Façade Renovation,CAALADI,Zhouzhuang,China,cultural,fragmented,temperate,2024,A contemporary renovation of Zhouzhuang Theater's façade to modernize its aesthetic while preserving cultural elements.,0.8
p_an_unrivaled_architect_for_the_people_carol_ross_b_ross_barney_architec_993519,An Unrivaled Architect for the People,Carol Ross Barney,Chicago,United States,Cultural,pavilion,temperate,2024,Carol Ross Barney's unprecedented architectural contributions are recognized with the 2023 AIA Gold Medal.,0.8
p_zolandemei_resort_studio_j_bridgland_1037059,ZOLAND·Emei Resort,Studio J. Bridgland,Emei,China,resort,clustered,tropical,2024,"ZOLAND·Emei Resort is a luxurious hospitality project by Studio J. Bridgland, designed to harmonize with the picturesque natural surroundings.",0.8
p_coming_together_exhibition_in_washington_explores_reddymade_1037450,Coming Together Exhibition,Unknown,Washington,United States,exhibition,linear,temperate,2024,The 'Coming Together' exhibition in Washington addresses the shifts in community spaces due to the pandemic.,0.8
p_an_unrivaled_architect_for_the_people_carol_ross_b_ross_barney_architec_993519,An Unrivaled Architect for the People,Carol Ross Barney,,USA,cultural,,,2024,Carol Ross Barney is awarded the 2023 AIA Gold Medal for her contributions to architecture and community.,0.8
p_supertall_for_all_powerhouse_company_proposes_equi_1037342,Supertall for All,Powerhouse Company,New York City,United States,residential,tower,temperate,2024,Powerhouse Company envisions a mixed-income skyscraper promoting equity in New York City.,0.8
p_coming_together_exhibition_in_washington_explores_reddymade_1037450,Coming Together,,Washington,United States,Exhibition,pavilion,temperate,2024,The 'Coming Together' exhibition showcases the dynamic shifts in public spaces post-pandemic.,0.8
p_supertall_for_all_powerhouse_company_proposes_equi_1037342,Supertall for All,Powerhouse Company,New York City,United States,Residential,tower,temperate,2024,A mixed-income skyscraper designed to provide equitable housing in New York City.,0.8
