project_id,title,country,climate_bin,typology,massing_type,image_ids,lat,lon,categories,city,architect,description,keywords
p_anjuman_school_teynampet_chennai_ksm_arc_1034548,Anjuman School Teynampet Chennai Ksm Arc,India,tropical,school,,"[""i_p_anjuman_school_teynampet_chennai_ksm_arc_1034548_exteriors_p_anjuman_school_teynampet_chennai_ksm_arc_1034548_p_anjuman_school_teynampet_chennai_ksm_arc_1034548_exteriors_p_anjuman_school_teynampet_chennai_ksm_arc_1034548_exterior_1"", ""i_p_anjuman_school_teynampet_chennai_ksm_arc_1034548_exteriors_p_anjuman_school_teynampet_chennai_ksm_arc_1034548_p_anjuman_school_teynampet_chennai_ksm_arc_1034548_exteriors_p_anjuman_school_teynampet_chennai_ksm_arc_1034548_exterior_2"", ""i_p_anjuman_school_teynampet_chennai_ksm_arc_1034548_exteriors_p_anjuman_school_teynampet_chennai_ksm_arc_1034548_p_anjuman_school_teynampet_chennai_ksm_arc_1034548_exteriors_p_anjuman_school_teynampet_chennai_ksm_arc_1034548_exterior_3"", ""i_p_anjuman_school_teynampet_chennai_ksm_arc_1034548_exteriors_p_anjuman_school_teynampet_chennai_ksm_arc_1034548_p_anjuman_school_teynampet_chennai_ksm_arc_1034548_exteriors_p_anjuman_school_teynampet_chennai_ksm_arc_1034548_exterior_4"", ""i_p_anjuman_school_teynampet_chennai_ksm_arc_1034548_exteriors_p_anjuman_school_teynampet_chennai_ksm_arc_1034548_p_anjuman_school_teynampet_chennai_ksm_arc_1034548_exteriors_p_anjuman_school_teynampet_chennai_ksm_arc_1034548_exterior_5"", ""i_p_anjuman_school_teynampet_chennai_ksm_arc_1034548_interiors_p_anjuman_school_teynampet_chennai_ksm_arc_1034548_p_anjuman_school_teynampet_chennai_ksm_arc_1034548_interiors_p_anjuman_school_teynampet_chennai_ksm_arc_1034548_interior_1"", ""i_p_anjuman_school_teynampet_chennai_ksm_arc_1034548_interiors_p_anjuman_school_teynampet_chennai_ksm_arc_1034548_p_anjuman_school_teynampet_chennai_ksm_arc_1034548_interiors_p_anjuman_school_teynampet_chennai_ksm_arc_1034548_interior_2"", ""i_p_anjuman_school_teynampet_chennai_ksm_arc_1034548_interiors_p_anjuman_school_teynampet_chennai_ksm_arc_1034548_p_anjuman_school_teynampet_chennai_ksm_arc_1034548_interiors_p_anjuman_school_teynampet_chennai_ksm_arc_1034548_interior_3"", ""i_p_anjuman_school_teynampet_chennai_ksm_arc_1034548_interiors_p_anjuman_school_teynampet_chennai_ksm_arc_1034548_p_anjuman_school_teynampet_chennai_ksm_arc_1034548_interiors_p_anjuman_school_teynampet_chennai_ksm_arc_1034548_interior_4"", ""i_p_anjuman_school_teynampet_chennai_ksm_arc_1034548_interiors_p_anjuman_school_teynampet_chennai_ksm_arc_1034548_p_anjuman_school_teynampet_chennai_ksm_arc_1034548_interiors_p_anjuman_school_teynampet_chennai_ksm_arc_1034548_interior_5""]",13.0843007,80.2704622,"interiors,exteriors",Chennai,Ksm Arc,"Anjuman School is likely an educational institution located in Teynampet, Chennai, designed by Ksm Arc.","Anjuman School,Teynampet,Chennai,education,Ksm Arc,architecture"
p_anren_culture_center_for_sect_of_great_c_1032785,Anren Culture Center For Sect Of Great C,China,subtropical,cultural center,,"[""i_p_anren_culture_center_for_sect_of_great_c_1032785_exteriors_p_anren_culture_center_for_sect_of_great_c_1032785_p_anren_culture_center_for_sect_of_great_c_1032785_exteriors_p_anren_culture_center_for_sect_of_great_c_1032785_exterior_1"", ""i_p_anren_culture_center_for_sect_of_great_c_1032785_exteriors_p_anren_culture_center_for_sect_of_great_c_1032785_p_anren_culture_center_for_sect_of_great_c_1032785_exteriors_p_anren_culture_center_for_sect_of_great_c_1032785_exterior_2"", ""i_p_anren_culture_center_for_sect_of_great_c_1032785_exteriors_p_anren_culture_center_for_sect_of_great_c_1032785_p_anren_culture_center_for_sect_of_great_c_1032785_exteriors_p_anren_culture_center_for_sect_of_great_c_1032785_exterior_3"", ""i_p_anren_culture_center_for_sect_of_great_c_1032785_exteriors_p_anren_culture_center_for_sect_of_great_c_1032785_p_anren_culture_center_for_sect_of_great_c_1032785_exteriors_p_anren_culture_center_for_sect_of_great_c_1032785_exterior_4"", ""i_p_anren_culture_center_for_sect_of_great_c_1032785_exteriors_p_anren_culture_center_for_sect_of_great_c_1032785_p_anren_culture_center_for_sect_of_great_c_1032785_exteriors_p_anren_culture_center_for_sect_of_great_c_1032785_exterior_5"", ""i_p_anren_culture_center_for_sect_of_great_c_1032785_interiors_p_anren_culture_center_for_sect_of_great_c_1032785_p_anren_culture_center_for_sect_of_great_c_1032785_interiors_p_anren_culture_center_for_sect_of_great_c_1032785_interior_1"", ""i_p_anren_culture_center_for_sect_of_great_c_1032785_interiors_p_anren_culture_center_for_sect_of_great_c_1032785_p_anren_culture_center_for_sect_of_great_c_1032785_interiors_p_anren_culture_center_for_sect_of_great_c_1032785_interior_2"", ""i_p_anren_culture_center_for_sect_of_great_c_1032785_interiors_p_anren_culture_center_for_sect_of_great_c_1032785_p_anren_culture_center_for_sect_of_great_c_1032785_interiors_p_anren_culture_center_for_sect_of_great_c_1032785_interior_3""]",26.7094199,113.26948,"interiors,exteriors",Anren,,The Anren Culture Center is likely a facility designed to promote cultural activities and community engagement for the Sect of Great C.,"Anren,Culture Center,cultural activities,community engagement,Sect of Great C"
p_antonio_raimondi_college_library_territo_1030084,Antonio Raimondi College Library Territo,,,library,,"[""i_p_antonio_raimondi_college_library_territo_1030084_diagrams_p_antonio_raimondi_college_library_territo_1030084_p_antonio_raimondi_college_library_territo_1030084_diagrams_p_antonio_raimondi_college_library_territo_1030084_diagram_1"", ""i_p_antonio_raimondi_college_library_territo_1030084_diagrams_p_antonio_raimondi_college_library_territo_1030084_p_antonio_raimondi_college_library_territo_1030084_diagrams_p_antonio_raimondi_college_library_territo_1030084_diagram_2"", ""i_p_antonio_raimondi_college_library_territo_1030084_diagrams_p_antonio_raimondi_college_library_territo_1030084_p_antonio_raimondi_college_library_territo_1030084_diagrams_p_antonio_raimondi_college_library_territo_1030084_diagram_3"", ""i_p_antonio_raimondi_college_library_territo_1030084_exteriors_p_antonio_raimondi_college_library_territo_1030084_p_antonio_raimondi_college_library_territo_1030084_exteriors_p_antonio_raimondi_college_library_territo_1030084_exterior_1"", ""i_p_antonio_raimondi_college_library_territo_1030084_exteriors_p_antonio_raimondi_college_library_territo_1030084_p_antonio_raimondi_college_library_territo_1030084_exteriors_p_antonio_raimondi_college_library_territo_1030084_exterior_2"", ""i_p_antonio_raimondi_college_library_territo_1030084_interiors_p_antonio_raimondi_college_library_territo_1030084_p_antonio_raimondi_college_library_territo_1030084_interiors_p_antonio_raimondi_college_library_territo_1030084_interior_1"", ""i_p_antonio_raimondi_college_library_territo_1030084_interiors_p_antonio_raimondi_college_library_territo_1030084_p_antonio_raimondi_college_library_territo_1030084_interiors_p_antonio_raimondi_college_library_territo_1030084_interior_2"", ""i_p_antonio_raimondi_college_library_territo_1030084_interiors_p_antonio_raimondi_college_library_territo_1030084_p_antonio_raimondi_college_library_territo_1030084_interiors_p_antonio_raimondi_college_library_territo_1030084_interior_3"", ""i_p_antonio_raimondi_college_library_territo_1030084_interiors_p_antonio_raimondi_college_library_territo_1030084_p_antonio_raimondi_college_library_territo_1030084_interiors_p_antonio_raimondi_college_library_territo_1030084_interior_4"", ""i_p_antonio_raimondi_college_library_territo_1030084_interiors_p_antonio_raimondi_college_library_territo_1030084_p_antonio_raimondi_college_library_territo_1030084_interiors_p_antonio_raimondi_college_library_territo_1030084_interior_5""]",,,"diagrams,interiors,exteriors",,Antonio Raimondi,"The Antonio Raimondi College Library Territo is likely a library associated with an educational institution, designed to support academic research and study.","library,Antonio Raimondi,education,college,academic"
p_as_above_so_below_khaa_kuo_huang_and_ass_1035348,As Above So Below Khaa Kuo Huang And Ass,Taiwan,tropical,,,"[""i_p_as_above_so_below_khaa_kuo_huang_and_ass_1035348_diagrams_p_as_above_so_below_khaa_kuo_huang_and_ass_1035348_p_as_above_so_below_khaa_kuo_huang_and_ass_1035348_diagrams_p_as_above_so_below_khaa_kuo_huang_and_ass_1035348_diagram_1"", ""i_p_as_above_so_below_khaa_kuo_huang_and_ass_1035348_diagrams_p_as_above_so_below_khaa_kuo_huang_and_ass_1035348_p_as_above_so_below_khaa_kuo_huang_and_ass_1035348_diagrams_p_as_above_so_below_khaa_kuo_huang_and_ass_1035348_diagram_2"", ""i_p_as_above_so_below_khaa_kuo_huang_and_ass_1035348_diagrams_p_as_above_so_below_khaa_kuo_huang_and_ass_1035348_p_as_above_so_below_khaa_kuo_huang_and_ass_1035348_diagrams_p_as_above_so_below_khaa_kuo_huang_and_ass_1035348_diagram_3"", ""i_p_as_above_so_below_khaa_kuo_huang_and_ass_1035348_exteriors_p_as_above_so_below_khaa_kuo_huang_and_ass_1035348_p_as_above_so_below_khaa_kuo_huang_and_ass_1035348_exteriors_p_as_above_so_below_khaa_kuo_huang_and_ass_1035348_exterior_1"", ""i_p_as_above_so_below_khaa_kuo_huang_and_ass_1035348_exteriors_p_as_above_so_below_khaa_kuo_huang_and_ass_1035348_p_as_above_so_below_khaa_kuo_huang_and_ass_1035348_exteriors_p_as_above_so_below_khaa_kuo_huang_and_ass_1035348_exterior_2"", ""i_p_as_above_so_below_khaa_kuo_huang_and_ass_1035348_interiors_p_as_above_so_below_khaa_kuo_huang_and_ass_1035348_p_as_above_so_below_khaa_kuo_huang_and_ass_1035348_interiors_p_as_above_so_below_khaa_kuo_huang_and_ass_1035348_interior_1"", ""i_p_as_above_so_below_khaa_kuo_huang_and_ass_1035348_interiors_p_as_above_so_below_khaa_kuo_huang_and_ass_1035348_p_as_above_so_below_khaa_kuo_huang_and_ass_1035348_interiors_p_as_above_so_below_khaa_kuo_huang_and_ass_1035348_interior_2""]",24.525396,120.7731331,"diagrams,interiors,exteriors",,Khaa Kuo Huang,"The project titled 'As Above So Below' suggests a conceptual design that may explore themes of duality and reflection in architecture, potentially incorporating natural elements.","architecture,Khaa Kuo Huang,conceptual design,Taiwan,duality,nature"
p_as_salam_mosque_archeground_ltd_1030739,As Salam Mosque Archeground Ltd,Bangladesh,tropical,mosque,,"[""i_p_as_salam_mosque_archeground_ltd_1030739_diagrams_p_as_salam_mosque_archeground_ltd_1030739_p_as_salam_mosque_archeground_ltd_1030739_diagrams_p_as_salam_mosque_archeground_ltd_1030739_diagram_1"", ""i_p_as_salam_mosque_archeground_ltd_1030739_diagrams_p_as_salam_mosque_archeground_ltd_1030739_p_as_salam_mosque_archeground_ltd_1030739_diagrams_p_as_salam_mosque_archeground_ltd_1030739_diagram_2"", ""i_p_as_salam_mosque_archeground_ltd_1030739_diagrams_p_as_salam_mosque_archeground_ltd_1030739_p_as_salam_mosque_archeground_ltd_1030739_diagrams_p_as_salam_mosque_archeground_ltd_1030739_diagram_3"", ""i_p_as_salam_mosque_archeground_ltd_1030739_exteriors_p_as_salam_mosque_archeground_ltd_1030739_p_as_salam_mosque_archeground_ltd_1030739_exteriors_p_as_salam_mosque_archeground_ltd_1030739_exterior_1"", ""i_p_as_salam_mosque_archeground_ltd_1030739_exteriors_p_as_salam_mosque_archeground_ltd_1030739_p_as_salam_mosque_archeground_ltd_1030739_exteriors_p_as_salam_mosque_archeground_ltd_1030739_exterior_2"", ""i_p_as_salam_mosque_archeground_ltd_1030739_interiors_p_as_salam_mosque_archeground_ltd_1030739_p_as_salam_mosque_archeground_ltd_1030739_interiors_p_as_salam_mosque_archeground_ltd_1030739_interior_1"", ""i_p_as_salam_mosque_archeground_ltd_1030739_interiors_p_as_salam_mosque_archeground_ltd_1030739_p_as_salam_mosque_archeground_ltd_1030739_interiors_p_as_salam_mosque_archeground_ltd_1030739_interior_2"", ""i_p_as_salam_mosque_archeground_ltd_1030739_interiors_p_as_salam_mosque_archeground_ltd_1030739_p_as_salam_mosque_archeground_ltd_1030739_interiors_p_as_salam_mosque_archeground_ltd_1030739_interior_3"", ""i_p_as_salam_mosque_archeground_ltd_1030739_interiors_p_as_salam_mosque_archeground_ltd_1030739_p_as_salam_mosque_archeground_ltd_1030739_interiors_p_as_salam_mosque_archeground_ltd_1030739_interior_4"", ""i_p_as_salam_mosque_archeground_ltd_1030739_interiors_p_as_salam_mosque_archeground_ltd_1030739_p_as_salam_mosque_archeground_ltd_1030739_interiors_p_as_salam_mosque_archeground_ltd_1030739_interior_5""]",22.6577315,90.9103517,"diagrams,interiors,exteriors",null,null,"As Salam Mosque Archeground Ltd likely refers to a mosque project in Bangladesh, focusing on religious and community functions.","mosque,Bangladesh,religious architecture,community space"
p_atipografia_threshold_and_treasure_galle_993445,Atipografia Threshold And Treasure Galle,,,,,"[""i_p_atipografia_threshold_and_treasure_galle_993445_diagrams_p_atipografia_threshold_and_treasure_galle_993445_p_atipografia_threshold_and_treasure_galle_993445_diagrams_p_atipografia_threshold_and_treasure_galle_993445_diagram_1"", ""i_p_atipografia_threshold_and_treasure_galle_993445_diagrams_p_atipografia_threshold_and_treasure_galle_993445_p_atipografia_threshold_and_treasure_galle_993445_diagrams_p_atipografia_threshold_and_treasure_galle_993445_diagram_2"", ""i_p_atipografia_threshold_and_treasure_galle_993445_diagrams_p_atipografia_threshold_and_treasure_galle_993445_p_atipografia_threshold_and_treasure_galle_993445_diagrams_p_atipografia_threshold_and_treasure_galle_993445_diagram_3"", ""i_p_atipografia_threshold_and_treasure_galle_993445_exteriors_p_atipografia_threshold_and_treasure_galle_993445_p_atipografia_threshold_and_treasure_galle_993445_exteriors_p_atipografia_threshold_and_treasure_galle_993445_exterior_1"", ""i_p_atipografia_threshold_and_treasure_galle_993445_exteriors_p_atipografia_threshold_and_treasure_galle_993445_p_atipografia_threshold_and_treasure_galle_993445_exteriors_p_atipografia_threshold_and_treasure_galle_993445_exterior_2"", ""i_p_atipografia_threshold_and_treasure_galle_993445_exteriors_p_atipografia_threshold_and_treasure_galle_993445_p_atipografia_threshold_and_treasure_galle_993445_exteriors_p_atipografia_threshold_and_treasure_galle_993445_exterior_3"", ""i_p_atipografia_threshold_and_treasure_galle_993445_interiors_p_atipografia_threshold_and_treasure_galle_993445_p_atipografia_threshold_and_treasure_galle_993445_interiors_p_atipografia_threshold_and_treasure_galle_993445_interior_1"", ""i_p_atipografia_threshold_and_treasure_galle_993445_interiors_p_atipografia_threshold_and_treasure_galle_993445_p_atipografia_threshold_and_treasure_galle_993445_interiors_p_atipografia_threshold_and_treasure_galle_993445_interior_2"", ""i_p_atipografia_threshold_and_treasure_galle_993445_interiors_p_atipografia_threshold_and_treasure_galle_993445_p_atipografia_threshold_and_treasure_galle_993445_interiors_p_atipografia_threshold_and_treasure_galle_993445_interior_3"", ""i_p_atipografia_threshold_and_treasure_galle_993445_interiors_p_atipografia_threshold_and_treasure_galle_993445_p_atipografia_threshold_and_treasure_galle_993445_interiors_p_atipografia_threshold_and_treasure_galle_993445_interior_4"", ""i_p_atipografia_threshold_and_treasure_galle_993445_interiors_p_atipografia_threshold_and_treasure_galle_993445_p_atipografia_threshold_and_treasure_galle_993445_interiors_p_atipografia_threshold_and_treasure_galle_993445_interior_5""]",45.5217777,11.3355291,"diagrams,interiors,exteriors",,,"The project title suggests a conceptual exploration of thresholds and treasures, potentially indicating a space that engages with themes of discovery and transition.","threshold,treasure,galle,architecture,conceptual"
p_barrancos_mortuary_mesa_atelier_1033276,Barrancos Mortuary Mesa Atelier,Spain,arid,mortuary,,"[""i_p_barrancos_mortuary_mesa_atelier_1033276_diagrams_p_barrancos_mortuary_mesa_atelier_1033276_p_barrancos_mortuary_mesa_atelier_1033276_diagrams_p_barrancos_mortuary_mesa_atelier_1033276_diagram_1"", ""i_p_barrancos_mortuary_mesa_atelier_1033276_diagrams_p_barrancos_mortuary_mesa_atelier_1033276_p_barrancos_mortuary_mesa_atelier_1033276_diagrams_p_barrancos_mortuary_mesa_atelier_1033276_diagram_2"", ""i_p_barrancos_mortuary_mesa_atelier_1033276_diagrams_p_barrancos_mortuary_mesa_atelier_1033276_p_barrancos_mortuary_mesa_atelier_1033276_diagrams_p_barrancos_mortuary_mesa_atelier_1033276_diagram_3"", ""i_p_barrancos_mortuary_mesa_atelier_1033276_exteriors_p_barrancos_mortuary_mesa_atelier_1033276_p_barrancos_mortuary_mesa_atelier_1033276_exteriors_p_barrancos_mortuary_mesa_atelier_1033276_exterior_1"", ""i_p_barrancos_mortuary_mesa_atelier_1033276_exteriors_p_barrancos_mortuary_mesa_atelier_1033276_p_barrancos_mortuary_mesa_atelier_1033276_exteriors_p_barrancos_mortuary_mesa_atelier_1033276_exterior_2"", ""i_p_barrancos_mortuary_mesa_atelier_1033276_interiors_p_barrancos_mortuary_mesa_atelier_1033276_p_barrancos_mortuary_mesa_atelier_1033276_interiors_p_barrancos_mortuary_mesa_atelier_1033276_interior_1"", ""i_p_barrancos_mortuary_mesa_atelier_1033276_interiors_p_barrancos_mortuary_mesa_atelier_1033276_p_barrancos_mortuary_mesa_atelier_1033276_interiors_p_barrancos_mortuary_mesa_atelier_1033276_interior_2"", ""i_p_barrancos_mortuary_mesa_atelier_1033276_interiors_p_barrancos_mortuary_mesa_atelier_1033276_p_barrancos_mortuary_mesa_atelier_1033276_interiors_p_barrancos_mortuary_mesa_atelier_1033276_interior_3"", ""i_p_barrancos_mortuary_mesa_atelier_1033276_interiors_p_barrancos_mortuary_mesa_atelier_1033276_p_barrancos_mortuary_mesa_atelier_1033276_interiors_p_barrancos_mortuary_mesa_atelier_1033276_interior_4"", ""i_p_barrancos_mortuary_mesa_atelier_1033276_interiors_p_barrancos_mortuary_mesa_atelier_1033276_p_barrancos_mortuary_mesa_atelier_1033276_interiors_p_barrancos_mortuary_mesa_atelier_1033276_interior_5""]",38.1328809,-6.977312599999999,"diagrams,interiors,exteriors",,Atelier,"The Barrancos Mortuary is likely a facility designed for the purpose of handling funerary services, possibly incorporating elements of local culture and architecture. The term 'Atelier' suggests a focus on craftsmanship and design.","mortuary,funerary,architecture,Atelier,Spain"
p_basilica_di_massenzio_exhibition_pathway_1035088,Basilica Di Massenzio Exhibition Pathway,Italy,temperate,cultural center,,"[""i_p_basilica_di_massenzio_exhibition_pathway_1035088_diagrams_p_basilica_di_massenzio_exhibition_pathway_1035088_p_basilica_di_massenzio_exhibition_pathway_1035088_diagrams_p_basilica_di_massenzio_exhibition_pathway_1035088_diagram_1"", ""i_p_basilica_di_massenzio_exhibition_pathway_1035088_exteriors_p_basilica_di_massenzio_exhibition_pathway_1035088_p_basilica_di_massenzio_exhibition_pathway_1035088_exteriors_p_basilica_di_massenzio_exhibition_pathway_1035088_exterior_1"", ""i_p_basilica_di_massenzio_exhibition_pathway_1035088_exteriors_p_basilica_di_massenzio_exhibition_pathway_1035088_p_basilica_di_massenzio_exhibition_pathway_1035088_exteriors_p_basilica_di_massenzio_exhibition_pathway_1035088_exterior_2"", ""i_p_basilica_di_massenzio_exhibition_pathway_1035088_interiors_p_basilica_di_massenzio_exhibition_pathway_1035088_p_basilica_di_massenzio_exhibition_pathway_1035088_interiors_p_basilica_di_massenzio_exhibition_pathway_1035088_interior_1"", ""i_p_basilica_di_massenzio_exhibition_pathway_1035088_interiors_p_basilica_di_massenzio_exhibition_pathway_1035088_p_basilica_di_massenzio_exhibition_pathway_1035088_interiors_p_basilica_di_massenzio_exhibition_pathway_1035088_interior_2""]",41.8967068,12.4822025,"diagrams,interiors,exteriors",Rome,,"The Basilica Di Massenzio Exhibition Pathway likely refers to a pathway or exhibition space associated with the historical Basilica of Maxentius in Rome, showcasing its architectural significance and historical context.","Basilica Di Massenzio,exhibition,pathway,Rome,cultural heritage,architecture"
p_beijing_751_library_do_union_architectur_1020683,Beijing 751 Library Do Union Architectur,China,temperate,library,,"[""i_p_beijing_751_library_do_union_architectur_1020683_diagrams_p_beijing_751_library_do_union_architectur_1020683_p_beijing_751_library_do_union_architectur_1020683_diagrams_p_beijing_751_library_do_union_architectur_1020683_diagram_1"", ""i_p_beijing_751_library_do_union_architectur_1020683_diagrams_p_beijing_751_library_do_union_architectur_1020683_p_beijing_751_library_do_union_architectur_1020683_diagrams_p_beijing_751_library_do_union_architectur_1020683_diagram_2"", ""i_p_beijing_751_library_do_union_architectur_1020683_diagrams_p_beijing_751_library_do_union_architectur_1020683_p_beijing_751_library_do_union_architectur_1020683_diagrams_p_beijing_751_library_do_union_architectur_1020683_diagram_3"", ""i_p_beijing_751_library_do_union_architectur_1020683_exteriors_p_beijing_751_library_do_union_architectur_1020683_p_beijing_751_library_do_union_architectur_1020683_exteriors_p_beijing_751_library_do_union_architectur_1020683_exterior_1"", ""i_p_beijing_751_library_do_union_architectur_1020683_exteriors_p_beijing_751_library_do_union_architectur_1020683_p_beijing_751_library_do_union_architectur_1020683_exteriors_p_beijing_751_library_do_union_architectur_1020683_exterior_2"", ""i_p_beijing_751_library_do_union_architectur_1020683_interiors_p_beijing_751_library_do_union_architectur_1020683_p_beijing_751_library_do_union_architectur_1020683_interiors_p_beijing_751_library_do_union_architectur_1020683_interior_1"", ""i_p_beijing_751_library_do_union_architectur_1020683_interiors_p_beijing_751_library_do_union_architectur_1020683_p_beijing_751_library_do_union_architectur_1020683_interiors_p_beijing_751_library_do_union_architectur_1020683_interior_2""]",39.904211,116.407395,"diagrams,interiors,exteriors",Beijing,Do Union Architectur,The Beijing 751 Library is likely a public library designed to serve the community with resources for education and information. The project may focus on modern architectural elements and community engagement.,"library,Beijing,architecture,Do Union Architectur,public space"
p_beijing_sub_center_library_sn_hetta_1024024,Beijing Sub Center Library Sn Hetta,China,temperate,library,,"[""i_p_beijing_sub_center_library_sn_hetta_1024024_diagrams_p_beijing_sub_center_library_sn_hetta_1024024_p_beijing_sub_center_library_sn_hetta_1024024_diagrams_p_beijing_sub_center_library_sn_hetta_1024024_diagram_1"", ""i_p_beijing_sub_center_library_sn_hetta_1024024_diagrams_p_beijing_sub_center_library_sn_hetta_1024024_p_beijing_sub_center_library_sn_hetta_1024024_diagrams_p_beijing_sub_center_library_sn_hetta_1024024_diagram_2"", ""i_p_beijing_sub_center_library_sn_hetta_1024024_exteriors_p_beijing_sub_center_library_sn_hetta_1024024_p_beijing_sub_center_library_sn_hetta_1024024_exteriors_p_beijing_sub_center_library_sn_hetta_1024024_exterior_1"", ""i_p_beijing_sub_center_library_sn_hetta_1024024_exteriors_p_beijing_sub_center_library_sn_hetta_1024024_p_beijing_sub_center_library_sn_hetta_1024024_exteriors_p_beijing_sub_center_library_sn_hetta_1024024_exterior_2"", ""i_p_beijing_sub_center_library_sn_hetta_1024024_interiors_p_beijing_sub_center_library_sn_hetta_1024024_p_beijing_sub_center_library_sn_hetta_1024024_interiors_p_beijing_sub_center_library_sn_hetta_1024024_interior_1"", ""i_p_beijing_sub_center_library_sn_hetta_1024024_interiors_p_beijing_sub_center_library_sn_hetta_1024024_p_beijing_sub_center_library_sn_hetta_1024024_interiors_p_beijing_sub_center_library_sn_hetta_1024024_interior_2"", ""i_p_beijing_sub_center_library_sn_hetta_1024024_interiors_p_beijing_sub_center_library_sn_hetta_1024024_p_beijing_sub_center_library_sn_hetta_1024024_interiors_p_beijing_sub_center_library_sn_hetta_1024024_interior_3"", ""i_p_beijing_sub_center_library_sn_hetta_1024024_interiors_p_beijing_sub_center_library_sn_hetta_1024024_p_beijing_sub_center_library_sn_hetta_1024024_interiors_p_beijing_sub_center_library_sn_hetta_1024024_interior_4""]",39.7485799,116.5629299,"diagrams,interiors,exteriors",Beijing,,"The Beijing Sub Center Library is likely a public library designed to serve the local community in the sub-center of Beijing, providing access to books, resources, and study spaces.","library,Beijing,public library,community center,architecture"
p_bloomberg_student_center_big_rockwell_gr_1035127,Bloomberg Student Center Big Rockwell Gr,United States,temperate,student center,,"[""i_p_bloomberg_student_center_big_rockwell_gr_1035127_exteriors_p_bloomberg_student_center_big_rockwell_gr_1035127_p_bloomberg_student_center_big_rockwell_gr_1035127_exteriors_p_bloomberg_student_center_big_rockwell_gr_1035127_exterior_1"", ""i_p_bloomberg_student_center_big_rockwell_gr_1035127_exteriors_p_bloomberg_student_center_big_rockwell_gr_1035127_p_bloomberg_student_center_big_rockwell_gr_1035127_exteriors_p_bloomberg_student_center_big_rockwell_gr_1035127_exterior_2"", ""i_p_bloomberg_student_center_big_rockwell_gr_1035127_exteriors_p_bloomberg_student_center_big_rockwell_gr_1035127_p_bloomberg_student_center_big_rockwell_gr_1035127_exteriors_p_bloomberg_student_center_big_rockwell_gr_1035127_exterior_3"", ""i_p_bloomberg_student_center_big_rockwell_gr_1035127_exteriors_p_bloomberg_student_center_big_rockwell_gr_1035127_p_bloomberg_student_center_big_rockwell_gr_1035127_exteriors_p_bloomberg_student_center_big_rockwell_gr_1035127_exterior_4"", ""i_p_bloomberg_student_center_big_rockwell_gr_1035127_exteriors_p_bloomberg_student_center_big_rockwell_gr_1035127_p_bloomberg_student_center_big_rockwell_gr_1035127_exteriors_p_bloomberg_student_center_big_rockwell_gr_1035127_exterior_5"", ""i_p_bloomberg_student_center_big_rockwell_gr_1035127_interiors_p_bloomberg_student_center_big_rockwell_gr_1035127_p_bloomberg_student_center_big_rockwell_gr_1035127_interiors_p_bloomberg_student_center_big_rockwell_gr_1035127_interior_1"", ""i_p_bloomberg_student_center_big_rockwell_gr_1035127_interiors_p_bloomberg_student_center_big_rockwell_gr_1035127_p_bloomberg_student_center_big_rockwell_gr_1035127_interiors_p_bloomberg_student_center_big_rockwell_gr_1035127_interior_2"", ""i_p_bloomberg_student_center_big_rockwell_gr_1035127_interiors_p_bloomberg_student_center_big_rockwell_gr_1035127_p_bloomberg_student_center_big_rockwell_gr_1035127_interiors_p_bloomberg_student_center_big_rockwell_gr_1035127_interior_3"", ""i_p_bloomberg_student_center_big_rockwell_gr_1035127_interiors_p_bloomberg_student_center_big_rockwell_gr_1035127_p_bloomberg_student_center_big_rockwell_gr_1035127_interiors_p_bloomberg_student_center_big_rockwell_gr_1035127_interior_4""]",39.2905023,-76.6104072,"interiors,exteriors",Baltimore,,"The Bloomberg Student Center is likely a facility designed to support student activities and learning at an educational institution, possibly featuring study spaces, meeting rooms, and social areas.","student center,Bloomberg,education,Baltimore,university"
p_brixen_public_library_carlana_mezzalira_1026833,Brixen Public Library Carlana Mezzalira,Italy,temperate,library,,"[""i_p_brixen_public_library_carlana_mezzalira_1026833_diagrams_p_brixen_public_library_carlana_mezzalira_1026833_p_brixen_public_library_carlana_mezzalira_1026833_diagrams_p_brixen_public_library_carlana_mezzalira_1026833_diagram_1"", ""i_p_brixen_public_library_carlana_mezzalira_1026833_diagrams_p_brixen_public_library_carlana_mezzalira_1026833_p_brixen_public_library_carlana_mezzalira_1026833_diagrams_p_brixen_public_library_carlana_mezzalira_1026833_diagram_2"", ""i_p_brixen_public_library_carlana_mezzalira_1026833_diagrams_p_brixen_public_library_carlana_mezzalira_1026833_p_brixen_public_library_carlana_mezzalira_1026833_diagrams_p_brixen_public_library_carlana_mezzalira_1026833_diagram_3"", ""i_p_brixen_public_library_carlana_mezzalira_1026833_exteriors_p_brixen_public_library_carlana_mezzalira_1026833_p_brixen_public_library_carlana_mezzalira_1026833_exteriors_p_brixen_public_library_carlana_mezzalira_1026833_exterior_1"", ""i_p_brixen_public_library_carlana_mezzalira_1026833_exteriors_p_brixen_public_library_carlana_mezzalira_1026833_p_brixen_public_library_carlana_mezzalira_1026833_exteriors_p_brixen_public_library_carlana_mezzalira_1026833_exterior_2"", ""i_p_brixen_public_library_carlana_mezzalira_1026833_exteriors_p_brixen_public_library_carlana_mezzalira_1026833_p_brixen_public_library_carlana_mezzalira_1026833_exteriors_p_brixen_public_library_carlana_mezzalira_1026833_exterior_3"", ""i_p_brixen_public_library_carlana_mezzalira_1026833_exteriors_p_brixen_public_library_carlana_mezzalira_1026833_p_brixen_public_library_carlana_mezzalira_1026833_exteriors_p_brixen_public_library_carlana_mezzalira_1026833_exterior_4"", ""i_p_brixen_public_library_carlana_mezzalira_1026833_exteriors_p_brixen_public_library_carlana_mezzalira_1026833_p_brixen_public_library_carlana_mezzalira_1026833_exteriors_p_brixen_public_library_carlana_mezzalira_1026833_exterior_5"", ""i_p_brixen_public_library_carlana_mezzalira_1026833_interiors_p_brixen_public_library_carlana_mezzalira_1026833_p_brixen_public_library_carlana_mezzalira_1026833_interiors_p_brixen_public_library_carlana_mezzalira_1026833_interior_1"", ""i_p_brixen_public_library_carlana_mezzalira_1026833_interiors_p_brixen_public_library_carlana_mezzalira_1026833_p_brixen_public_library_carlana_mezzalira_1026833_interiors_p_brixen_public_library_carlana_mezzalira_1026833_interior_2"", ""i_p_brixen_public_library_carlana_mezzalira_1026833_interiors_p_brixen_public_library_carlana_mezzalira_1026833_p_brixen_public_library_carlana_mezzalira_1026833_interiors_p_brixen_public_library_carlana_mezzalira_1026833_interior_3"", ""i_p_brixen_public_library_carlana_mezzalira_1026833_interiors_p_brixen_public_library_carlana_mezzalira_1026833_p_brixen_public_library_carlana_mezzalira_1026833_interiors_p_brixen_public_library_carlana_mezzalira_1026833_interior_4"", ""i_p_brixen_public_library_carlana_mezzalira_1026833_interiors_p_brixen_public_library_carlana_mezzalira_1026833_p_brixen_public_library_carlana_mezzalira_1026833_interiors_p_brixen_public_library_carlana_mezzalira_1026833_interior_5""]",46.7104236,11.6524696,"diagrams,interiors,exteriors",Brixen,Carlana Mezzalira,"The Brixen Public Library, designed by architect Carlana Mezzalira, likely serves as a community resource for reading, learning, and cultural activities in the city of Brixen.","library,public library,Brixen,Carlana Mezzalira,architecture,community resource"
p_calder_gardens_museum_herzog_de_meuron_1034362,Calder Gardens Museum Herzog De Meuron,United States,temperate,museum,,"[""i_p_calder_gardens_museum_herzog_de_meuron_1034362_diagrams_p_calder_gardens_museum_herzog_de_meuron_1034362_p_calder_gardens_museum_herzog_de_meuron_1034362_diagrams_p_calder_gardens_museum_herzog_de_meuron_1034362_diagram_1"", ""i_p_calder_gardens_museum_herzog_de_meuron_1034362_diagrams_p_calder_gardens_museum_herzog_de_meuron_1034362_p_calder_gardens_museum_herzog_de_meuron_1034362_diagrams_p_calder_gardens_museum_herzog_de_meuron_1034362_diagram_2"", ""i_p_calder_gardens_museum_herzog_de_meuron_1034362_diagrams_p_calder_gardens_museum_herzog_de_meuron_1034362_p_calder_gardens_museum_herzog_de_meuron_1034362_diagrams_p_calder_gardens_museum_herzog_de_meuron_1034362_diagram_3"", ""i_p_calder_gardens_museum_herzog_de_meuron_1034362_exteriors_p_calder_gardens_museum_herzog_de_meuron_1034362_p_calder_gardens_museum_herzog_de_meuron_1034362_exteriors_p_calder_gardens_museum_herzog_de_meuron_1034362_exterior_1"", ""i_p_calder_gardens_museum_herzog_de_meuron_1034362_exteriors_p_calder_gardens_museum_herzog_de_meuron_1034362_p_calder_gardens_museum_herzog_de_meuron_1034362_exteriors_p_calder_gardens_museum_herzog_de_meuron_1034362_exterior_2"", ""i_p_calder_gardens_museum_herzog_de_meuron_1034362_exteriors_p_calder_gardens_museum_herzog_de_meuron_1034362_p_calder_gardens_museum_herzog_de_meuron_1034362_exteriors_p_calder_gardens_museum_herzog_de_meuron_1034362_exterior_3"", ""i_p_calder_gardens_museum_herzog_de_meuron_1034362_exteriors_p_calder_gardens_museum_herzog_de_meuron_1034362_p_calder_gardens_museum_herzog_de_meuron_1034362_exteriors_p_calder_gardens_museum_herzog_de_meuron_1034362_exterior_4"", ""i_p_calder_gardens_museum_herzog_de_meuron_1034362_exteriors_p_calder_gardens_museum_herzog_de_meuron_1034362_p_calder_gardens_museum_herzog_de_meuron_1034362_exteriors_p_calder_gardens_museum_herzog_de_meuron_1034362_exterior_5"", ""i_p_calder_gardens_museum_herzog_de_meuron_1034362_interiors_p_calder_gardens_museum_herzog_de_meuron_1034362_p_calder_gardens_museum_herzog_de_meuron_1034362_interiors_p_calder_gardens_museum_herzog_de_meuron_1034362_interior_1"", ""i_p_calder_gardens_museum_herzog_de_meuron_1034362_interiors_p_calder_gardens_museum_herzog_de_meuron_1034362_p_calder_gardens_museum_herzog_de_meuron_1034362_interiors_p_calder_gardens_museum_herzog_de_meuron_1034362_interior_2"", ""i_p_calder_gardens_museum_herzog_de_meuron_1034362_interiors_p_calder_gardens_museum_herzog_de_meuron_1034362_p_calder_gardens_museum_herzog_de_meuron_1034362_interiors_p_calder_gardens_museum_herzog_de_meuron_1034362_interior_3"", ""i_p_calder_gardens_museum_herzog_de_meuron_1034362_interiors_p_calder_gardens_museum_herzog_de_meuron_1034362_p_calder_gardens_museum_herzog_de_meuron_1034362_interiors_p_calder_gardens_museum_herzog_de_meuron_1034362_interior_4"", ""i_p_calder_gardens_museum_herzog_de_meuron_1034362_interiors_p_calder_gardens_museum_herzog_de_meuron_1034362_p_calder_gardens_museum_herzog_de_meuron_1034362_interiors_p_calder_gardens_museum_herzog_de_meuron_1034362_interior_5""]",39.9525839,-75.1652215,"diagrams,interiors,exteriors",Philadelphia,Herzog & de Meuron,"Calder Gardens Museum is likely a cultural institution dedicated to showcasing art and exhibitions, designed by the renowned architectural firm Herzog & de Meuron.","museum,Herzog & de Meuron,Calder Gardens,art,exhibitions,Philadelphia"
p_canopy_blue_temple_1035642,Canopy Blue Temple,,,temple,,"[""i_p_canopy_blue_temple_1035642_diagrams_p_canopy_blue_temple_1035642_p_canopy_blue_temple_1035642_diagrams_p_canopy_blue_temple_1035642_diagram_1"", ""i_p_canopy_blue_temple_1035642_diagrams_p_canopy_blue_temple_1035642_p_canopy_blue_temple_1035642_diagrams_p_canopy_blue_temple_1035642_diagram_2"", ""i_p_canopy_blue_temple_1035642_diagrams_p_canopy_blue_temple_1035642_p_canopy_blue_temple_1035642_diagrams_p_canopy_blue_temple_1035642_diagram_3"", ""i_p_canopy_blue_temple_1035642_exteriors_p_canopy_blue_temple_1035642_p_canopy_blue_temple_1035642_exteriors_p_canopy_blue_temple_1035642_exterior_1"", ""i_p_canopy_blue_temple_1035642_exteriors_p_canopy_blue_temple_1035642_p_canopy_blue_temple_1035642_exteriors_p_canopy_blue_temple_1035642_exterior_2"", ""i_p_canopy_blue_temple_1035642_interiors_p_canopy_blue_temple_1035642_p_canopy_blue_temple_1035642_interiors_p_canopy_blue_temple_1035642_interior_1"", ""i_p_canopy_blue_temple_1035642_interiors_p_canopy_blue_temple_1035642_p_canopy_blue_temple_1035642_interiors_p_canopy_blue_temple_1035642_interior_2"", ""i_p_canopy_blue_temple_1035642_interiors_p_canopy_blue_temple_1035642_p_canopy_blue_temple_1035642_interiors_p_canopy_blue_temple_1035642_interior_3"", ""i_p_canopy_blue_temple_1035642_interiors_p_canopy_blue_temple_1035642_p_canopy_blue_temple_1035642_interiors_p_canopy_blue_temple_1035642_interior_4"", ""i_p_canopy_blue_temple_1035642_interiors_p_canopy_blue_temple_1035642_p_canopy_blue_temple_1035642_interiors_p_canopy_blue_temple_1035642_interior_5""]",,,"diagrams,interiors,exteriors",,,"The Canopy Blue Temple likely serves as a spiritual or religious space, possibly incorporating natural elements and a blue color theme in its design.","temple,spiritual,architecture,canopy,blue"
p_center_for_intangible_cultural_heritage_1035396,Center For Intangible Cultural Heritage,South Korea,temperate,cultural center,,"[""i_p_center_for_intangible_cultural_heritage_1035396_diagrams_p_center_for_intangible_cultural_heritage_1035396_p_center_for_intangible_cultural_heritage_1035396_diagrams_p_center_for_intangible_cultural_heritage_1035396_diagram_1"", ""i_p_center_for_intangible_cultural_heritage_1035396_diagrams_p_center_for_intangible_cultural_heritage_1035396_p_center_for_intangible_cultural_heritage_1035396_diagrams_p_center_for_intangible_cultural_heritage_1035396_diagram_2"", ""i_p_center_for_intangible_cultural_heritage_1035396_diagrams_p_center_for_intangible_cultural_heritage_1035396_p_center_for_intangible_cultural_heritage_1035396_diagrams_p_center_for_intangible_cultural_heritage_1035396_diagram_3"", ""i_p_center_for_intangible_cultural_heritage_1035396_exteriors_p_center_for_intangible_cultural_heritage_1035396_p_center_for_intangible_cultural_heritage_1035396_exteriors_p_center_for_intangible_cultural_heritage_1035396_exterior_1"", ""i_p_center_for_intangible_cultural_heritage_1035396_exteriors_p_center_for_intangible_cultural_heritage_1035396_p_center_for_intangible_cultural_heritage_1035396_exteriors_p_center_for_intangible_cultural_heritage_1035396_exterior_2"", ""i_p_center_for_intangible_cultural_heritage_1035396_exteriors_p_center_for_intangible_cultural_heritage_1035396_p_center_for_intangible_cultural_heritage_1035396_exteriors_p_center_for_intangible_cultural_heritage_1035396_exterior_3"", ""i_p_center_for_intangible_cultural_heritage_1035396_exteriors_p_center_for_intangible_cultural_heritage_1035396_p_center_for_intangible_cultural_heritage_1035396_exteriors_p_center_for_intangible_cultural_heritage_1035396_exterior_4"", ""i_p_center_for_intangible_cultural_heritage_1035396_exteriors_p_center_for_intangible_cultural_heritage_1035396_p_center_for_intangible_cultural_heritage_1035396_exteriors_p_center_for_intangible_cultural_heritage_1035396_exterior_5"", ""i_p_center_for_intangible_cultural_heritage_1035396_interiors_p_center_for_intangible_cultural_heritage_1035396_p_center_for_intangible_cultural_heritage_1035396_interiors_p_center_for_intangible_cultural_heritage_1035396_interior_1"", ""i_p_center_for_intangible_cultural_heritage_1035396_interiors_p_center_for_intangible_cultural_heritage_1035396_p_center_for_intangible_cultural_heritage_1035396_interiors_p_center_for_intangible_cultural_heritage_1035396_interior_2""]",37.4768953,126.8629512,"diagrams,interiors,exteriors",null,null,"The Center For Intangible Cultural Heritage likely serves as a facility dedicated to the preservation and promotion of cultural practices and traditions that are not physically tangible. It may host exhibitions, workshops, and educational programs.","cultural heritage,intangible culture,cultural center,preservation,education"
p_charlotte_william_bloomberg_medford_publ_987376,Charlotte William Bloomberg Medford Publ,null,temperate,null,,"[""i_p_charlotte_william_bloomberg_medford_publ_987376_diagrams_p_charlotte_william_bloomberg_medford_publ_987376_p_charlotte_william_bloomberg_medford_publ_987376_diagrams_p_charlotte_william_bloomberg_medford_publ_987376_diagram_1"", ""i_p_charlotte_william_bloomberg_medford_publ_987376_diagrams_p_charlotte_william_bloomberg_medford_publ_987376_p_charlotte_william_bloomberg_medford_publ_987376_diagrams_p_charlotte_william_bloomberg_medford_publ_987376_diagram_2"", ""i_p_charlotte_william_bloomberg_medford_publ_987376_diagrams_p_charlotte_william_bloomberg_medford_publ_987376_p_charlotte_william_bloomberg_medford_publ_987376_diagrams_p_charlotte_william_bloomberg_medford_publ_987376_diagram_3"", ""i_p_charlotte_william_bloomberg_medford_publ_987376_exteriors_p_charlotte_william_bloomberg_medford_publ_987376_p_charlotte_william_bloomberg_medford_publ_987376_exteriors_p_charlotte_william_bloomberg_medford_publ_987376_exterior_1"", ""i_p_charlotte_william_bloomberg_medford_publ_987376_exteriors_p_charlotte_william_bloomberg_medford_publ_987376_p_charlotte_william_bloomberg_medford_publ_987376_exteriors_p_charlotte_william_bloomberg_medford_publ_987376_exterior_2"", ""i_p_charlotte_william_bloomberg_medford_publ_987376_interiors_p_charlotte_william_bloomberg_medford_publ_987376_p_charlotte_william_bloomberg_medford_publ_987376_interiors_p_charlotte_william_bloomberg_medford_publ_987376_interior_1"", ""i_p_charlotte_william_bloomberg_medford_publ_987376_interiors_p_charlotte_william_bloomberg_medford_publ_987376_p_charlotte_william_bloomberg_medford_publ_987376_interiors_p_charlotte_william_bloomberg_medford_publ_987376_interior_2"", ""i_p_charlotte_william_bloomberg_medford_publ_987376_interiors_p_charlotte_william_bloomberg_medford_publ_987376_p_charlotte_william_bloomberg_medford_publ_987376_interiors_p_charlotte_william_bloomberg_medford_publ_987376_interior_3"", ""i_p_charlotte_william_bloomberg_medford_publ_987376_interiors_p_charlotte_william_bloomberg_medford_publ_987376_p_charlotte_william_bloomberg_medford_publ_987376_interiors_p_charlotte_william_bloomberg_medford_publ_987376_interior_4"", ""i_p_charlotte_william_bloomberg_medford_publ_987376_interiors_p_charlotte_william_bloomberg_medford_publ_987376_p_charlotte_william_bloomberg_medford_publ_987376_interiors_p_charlotte_william_bloomberg_medford_publ_987376_interior_5""]",42.3230112,-122.8767396,"diagrams,interiors,exteriors",Medford,null,"The project likely involves a public building associated with Charlotte William Bloomberg in Medford, potentially serving a community function.","Medford,public building,Charlotte William Bloomberg"
p_chazal_school_renovation_and_playground_1035078,Chazal School Renovation And Playground,Belgium,temperate,school,,"[""i_p_chazal_school_renovation_and_playground_1035078_exteriors_p_chazal_school_renovation_and_playground_1035078_p_chazal_school_renovation_and_playground_1035078_exteriors_p_chazal_school_renovation_and_playground_1035078_exterior_1"", ""i_p_chazal_school_renovation_and_playground_1035078_exteriors_p_chazal_school_renovation_and_playground_1035078_p_chazal_school_renovation_and_playground_1035078_exteriors_p_chazal_school_renovation_and_playground_1035078_exterior_2"", ""i_p_chazal_school_renovation_and_playground_1035078_exteriors_p_chazal_school_renovation_and_playground_1035078_p_chazal_school_renovation_and_playground_1035078_exteriors_p_chazal_school_renovation_and_playground_1035078_exterior_3"", ""i_p_chazal_school_renovation_and_playground_1035078_exteriors_p_chazal_school_renovation_and_playground_1035078_p_chazal_school_renovation_and_playground_1035078_exteriors_p_chazal_school_renovation_and_playground_1035078_exterior_4"", ""i_p_chazal_school_renovation_and_playground_1035078_exteriors_p_chazal_school_renovation_and_playground_1035078_p_chazal_school_renovation_and_playground_1035078_exteriors_p_chazal_school_renovation_and_playground_1035078_exterior_5"", ""i_p_chazal_school_renovation_and_playground_1035078_interiors_p_chazal_school_renovation_and_playground_1035078_p_chazal_school_renovation_and_playground_1035078_interiors_p_chazal_school_renovation_and_playground_1035078_interior_1"", ""i_p_chazal_school_renovation_and_playground_1035078_interiors_p_chazal_school_renovation_and_playground_1035078_p_chazal_school_renovation_and_playground_1035078_interiors_p_chazal_school_renovation_and_playground_1035078_interior_2"", ""i_p_chazal_school_renovation_and_playground_1035078_interiors_p_chazal_school_renovation_and_playground_1035078_p_chazal_school_renovation_and_playground_1035078_interiors_p_chazal_school_renovation_and_playground_1035078_interior_3""]",50.8643377,4.3735116,"interiors,exteriors",Brussels,,The Chazal School Renovation And Playground project likely involves the refurbishment of an educational facility along with the development of a recreational area for students.,"school,renovation,playground,education,Brussels"
p_chieng_ban_kindergarten_1_1_2_architects_1034717,Chieng Ban Kindergarten 1 1 2 Architects,Vietnam,tropical,kindergarten,,"[""i_p_chieng_ban_kindergarten_1_1_2_architects_1034717_diagrams_p_chieng_ban_kindergarten_1_1_2_architects_1034717_p_chieng_ban_kindergarten_1_1_2_architects_1034717_diagrams_p_chieng_ban_kindergarten_1_1_2_architects_1034717_diagram_1"", ""i_p_chieng_ban_kindergarten_1_1_2_architects_1034717_diagrams_p_chieng_ban_kindergarten_1_1_2_architects_1034717_p_chieng_ban_kindergarten_1_1_2_architects_1034717_diagrams_p_chieng_ban_kindergarten_1_1_2_architects_1034717_diagram_2"", ""i_p_chieng_ban_kindergarten_1_1_2_architects_1034717_diagrams_p_chieng_ban_kindergarten_1_1_2_architects_1034717_p_chieng_ban_kindergarten_1_1_2_architects_1034717_diagrams_p_chieng_ban_kindergarten_1_1_2_architects_1034717_diagram_3"", ""i_p_chieng_ban_kindergarten_1_1_2_architects_1034717_exteriors_p_chieng_ban_kindergarten_1_1_2_architects_1034717_p_chieng_ban_kindergarten_1_1_2_architects_1034717_exteriors_p_chieng_ban_kindergarten_1_1_2_architects_1034717_exterior_1"", ""i_p_chieng_ban_kindergarten_1_1_2_architects_1034717_exteriors_p_chieng_ban_kindergarten_1_1_2_architects_1034717_p_chieng_ban_kindergarten_1_1_2_architects_1034717_exteriors_p_chieng_ban_kindergarten_1_1_2_architects_1034717_exterior_2"", ""i_p_chieng_ban_kindergarten_1_1_2_architects_1034717_exteriors_p_chieng_ban_kindergarten_1_1_2_architects_1034717_p_chieng_ban_kindergarten_1_1_2_architects_1034717_exteriors_p_chieng_ban_kindergarten_1_1_2_architects_1034717_exterior_3"", ""i_p_chieng_ban_kindergarten_1_1_2_architects_1034717_exteriors_p_chieng_ban_kindergarten_1_1_2_architects_1034717_p_chieng_ban_kindergarten_1_1_2_architects_1034717_exteriors_p_chieng_ban_kindergarten_1_1_2_architects_1034717_exterior_4"", ""i_p_chieng_ban_kindergarten_1_1_2_architects_1034717_interiors_p_chieng_ban_kindergarten_1_1_2_architects_1034717_p_chieng_ban_kindergarten_1_1_2_architects_1034717_interiors_p_chieng_ban_kindergarten_1_1_2_architects_1034717_interior_1"", ""i_p_chieng_ban_kindergarten_1_1_2_architects_1034717_interiors_p_chieng_ban_kindergarten_1_1_2_architects_1034717_p_chieng_ban_kindergarten_1_1_2_architects_1034717_interiors_p_chieng_ban_kindergarten_1_1_2_architects_1034717_interior_2"", ""i_p_chieng_ban_kindergarten_1_1_2_architects_1034717_interiors_p_chieng_ban_kindergarten_1_1_2_architects_1034717_p_chieng_ban_kindergarten_1_1_2_architects_1034717_interiors_p_chieng_ban_kindergarten_1_1_2_architects_1034717_interior_3""]",21.3269024,103.9143869,"diagrams,interiors,exteriors",Chieng Ban,1 1 2 Architects,"Chieng Ban Kindergarten is likely an educational facility designed for early childhood education, focusing on creating a nurturing environment for young children.","kindergarten,education,Vietnam,architecture,1 1 2 Architects"
p_china_national_convention_center_phase_i_1034910,China National Convention Center Phase I,China,continental,cultural center,,"[""i_p_china_national_convention_center_phase_i_1034910_exteriors_p_china_national_convention_center_phase_i_1034910_p_china_national_convention_center_phase_i_1034910_exteriors_p_china_national_convention_center_phase_i_1034910_exterior_1"", ""i_p_china_national_convention_center_phase_i_1034910_exteriors_p_china_national_convention_center_phase_i_1034910_p_china_national_convention_center_phase_i_1034910_exteriors_p_china_national_convention_center_phase_i_1034910_exterior_2"", ""i_p_china_national_convention_center_phase_i_1034910_exteriors_p_china_national_convention_center_phase_i_1034910_p_china_national_convention_center_phase_i_1034910_exteriors_p_china_national_convention_center_phase_i_1034910_exterior_3"", ""i_p_china_national_convention_center_phase_i_1034910_exteriors_p_china_national_convention_center_phase_i_1034910_p_china_national_convention_center_phase_i_1034910_exteriors_p_china_national_convention_center_phase_i_1034910_exterior_4"", ""i_p_china_national_convention_center_phase_i_1034910_exteriors_p_china_national_convention_center_phase_i_1034910_p_china_national_convention_center_phase_i_1034910_exteriors_p_china_national_convention_center_phase_i_1034910_exterior_5"", ""i_p_china_national_convention_center_phase_i_1034910_interiors_p_china_national_convention_center_phase_i_1034910_p_china_national_convention_center_phase_i_1034910_interiors_p_china_national_convention_center_phase_i_1034910_interior_1"", ""i_p_china_national_convention_center_phase_i_1034910_interiors_p_china_national_convention_center_phase_i_1034910_p_china_national_convention_center_phase_i_1034910_interiors_p_china_national_convention_center_phase_i_1034910_interior_2""]",39.904211,116.407395,"interiors,exteriors",Beijing,,"The China National Convention Center Phase I is likely a large venue designed for hosting conventions, exhibitions, and conferences, serving as a key infrastructure for national and international events.","convention center,China,Beijing,exhibition,conference,Phase I"
p_church_borderouge_studio_aqui_triptyque_1031762,Church Borderouge Studio Aqui Triptyque,France,temperate,church,,"[""i_p_church_borderouge_studio_aqui_triptyque_1031762_diagrams_p_church_borderouge_studio_aqui_triptyque_1031762_p_church_borderouge_studio_aqui_triptyque_1031762_diagrams_p_church_borderouge_studio_aqui_triptyque_1031762_diagram_1"", ""i_p_church_borderouge_studio_aqui_triptyque_1031762_diagrams_p_church_borderouge_studio_aqui_triptyque_1031762_p_church_borderouge_studio_aqui_triptyque_1031762_diagrams_p_church_borderouge_studio_aqui_triptyque_1031762_diagram_2"", ""i_p_church_borderouge_studio_aqui_triptyque_1031762_diagrams_p_church_borderouge_studio_aqui_triptyque_1031762_p_church_borderouge_studio_aqui_triptyque_1031762_diagrams_p_church_borderouge_studio_aqui_triptyque_1031762_diagram_3"", ""i_p_church_borderouge_studio_aqui_triptyque_1031762_exteriors_p_church_borderouge_studio_aqui_triptyque_1031762_p_church_borderouge_studio_aqui_triptyque_1031762_exteriors_p_church_borderouge_studio_aqui_triptyque_1031762_exterior_1"", ""i_p_church_borderouge_studio_aqui_triptyque_1031762_exteriors_p_church_borderouge_studio_aqui_triptyque_1031762_p_church_borderouge_studio_aqui_triptyque_1031762_exteriors_p_church_borderouge_studio_aqui_triptyque_1031762_exterior_2"", ""i_p_church_borderouge_studio_aqui_triptyque_1031762_exteriors_p_church_borderouge_studio_aqui_triptyque_1031762_p_church_borderouge_studio_aqui_triptyque_1031762_exteriors_p_church_borderouge_studio_aqui_triptyque_1031762_exterior_3"", ""i_p_church_borderouge_studio_aqui_triptyque_1031762_interiors_p_church_borderouge_studio_aqui_triptyque_1031762_p_church_borderouge_studio_aqui_triptyque_1031762_interiors_p_church_borderouge_studio_aqui_triptyque_1031762_interior_1"", ""i_p_church_borderouge_studio_aqui_triptyque_1031762_interiors_p_church_borderouge_studio_aqui_triptyque_1031762_p_church_borderouge_studio_aqui_triptyque_1031762_interiors_p_church_borderouge_studio_aqui_triptyque_1031762_interior_2"", ""i_p_church_borderouge_studio_aqui_triptyque_1031762_interiors_p_church_borderouge_studio_aqui_triptyque_1031762_p_church_borderouge_studio_aqui_triptyque_1031762_interiors_p_church_borderouge_studio_aqui_triptyque_1031762_interior_3"", ""i_p_church_borderouge_studio_aqui_triptyque_1031762_interiors_p_church_borderouge_studio_aqui_triptyque_1031762_p_church_borderouge_studio_aqui_triptyque_1031762_interiors_p_church_borderouge_studio_aqui_triptyque_1031762_interior_4""]",43.6048462,1.442848,"diagrams,interiors,exteriors",Toulouse,Triptyque,"The project likely involves the design of a church, possibly incorporating modern architectural elements given the studio's involvement. The title suggests a focus on a triptych concept, which may influence the building's design and layout.","church,architecture,Triptyque,Toulouse,modern design"
p_church_of_joy_department_of_architecture_1026972,Church Of Joy Department Of Architecture,Thailand,tropical,church,,"[""i_p_church_of_joy_department_of_architecture_1026972_diagrams_p_church_of_joy_department_of_architecture_1026972_p_church_of_joy_department_of_architecture_1026972_diagrams_p_church_of_joy_department_of_architecture_1026972_diagram_1"", ""i_p_church_of_joy_department_of_architecture_1026972_diagrams_p_church_of_joy_department_of_architecture_1026972_p_church_of_joy_department_of_architecture_1026972_diagrams_p_church_of_joy_department_of_architecture_1026972_diagram_2"", ""i_p_church_of_joy_department_of_architecture_1026972_exteriors_p_church_of_joy_department_of_architecture_1026972_p_church_of_joy_department_of_architecture_1026972_exteriors_p_church_of_joy_department_of_architecture_1026972_exterior_1"", ""i_p_church_of_joy_department_of_architecture_1026972_exteriors_p_church_of_joy_department_of_architecture_1026972_p_church_of_joy_department_of_architecture_1026972_exteriors_p_church_of_joy_department_of_architecture_1026972_exterior_2"", ""i_p_church_of_joy_department_of_architecture_1026972_exteriors_p_church_of_joy_department_of_architecture_1026972_p_church_of_joy_department_of_architecture_1026972_exteriors_p_church_of_joy_department_of_architecture_1026972_exterior_3"", ""i_p_church_of_joy_department_of_architecture_1026972_exteriors_p_church_of_joy_department_of_architecture_1026972_p_church_of_joy_department_of_architecture_1026972_exteriors_p_church_of_joy_department_of_architecture_1026972_exterior_4"", ""i_p_church_of_joy_department_of_architecture_1026972_exteriors_p_church_of_joy_department_of_architecture_1026972_p_church_of_joy_department_of_architecture_1026972_exteriors_p_church_of_joy_department_of_architecture_1026972_exterior_5"", ""i_p_church_of_joy_department_of_architecture_1026972_interiors_p_church_of_joy_department_of_architecture_1026972_p_church_of_joy_department_of_architecture_1026972_interiors_p_church_of_joy_department_of_architecture_1026972_interior_1"", ""i_p_church_of_joy_department_of_architecture_1026972_interiors_p_church_of_joy_department_of_architecture_1026972_p_church_of_joy_department_of_architecture_1026972_interiors_p_church_of_joy_department_of_architecture_1026972_interior_2""]",13.7189146,100.5671855,"diagrams,interiors,exteriors",Bangkok,,"The Church Of Joy is likely a religious building designed for worship and community gatherings, focusing on joy and spirituality.","church,architecture,religious building,Bangkok,Thailand"
p_claremont_mckenna_college_robert_day_sci_1034623,Claremont Mckenna College Robert Day Sci,United States,temperate,school,,"[""i_p_claremont_mckenna_college_robert_day_sci_1034623_exteriors_p_claremont_mckenna_college_robert_day_sci_1034623_p_claremont_mckenna_college_robert_day_sci_1034623_exteriors_p_claremont_mckenna_college_robert_day_sci_1034623_exterior_1"", ""i_p_claremont_mckenna_college_robert_day_sci_1034623_exteriors_p_claremont_mckenna_college_robert_day_sci_1034623_p_claremont_mckenna_college_robert_day_sci_1034623_exteriors_p_claremont_mckenna_college_robert_day_sci_1034623_exterior_2"", ""i_p_claremont_mckenna_college_robert_day_sci_1034623_exteriors_p_claremont_mckenna_college_robert_day_sci_1034623_p_claremont_mckenna_college_robert_day_sci_1034623_exteriors_p_claremont_mckenna_college_robert_day_sci_1034623_exterior_3"", ""i_p_claremont_mckenna_college_robert_day_sci_1034623_exteriors_p_claremont_mckenna_college_robert_day_sci_1034623_p_claremont_mckenna_college_robert_day_sci_1034623_exteriors_p_claremont_mckenna_college_robert_day_sci_1034623_exterior_4"", ""i_p_claremont_mckenna_college_robert_day_sci_1034623_exteriors_p_claremont_mckenna_college_robert_day_sci_1034623_p_claremont_mckenna_college_robert_day_sci_1034623_exteriors_p_claremont_mckenna_college_robert_day_sci_1034623_exterior_5"", ""i_p_claremont_mckenna_college_robert_day_sci_1034623_interiors_p_claremont_mckenna_college_robert_day_sci_1034623_p_claremont_mckenna_college_robert_day_sci_1034623_interiors_p_claremont_mckenna_college_robert_day_sci_1034623_interior_1"", ""i_p_claremont_mckenna_college_robert_day_sci_1034623_interiors_p_claremont_mckenna_college_robert_day_sci_1034623_p_claremont_mckenna_college_robert_day_sci_1034623_interiors_p_claremont_mckenna_college_robert_day_sci_1034623_interior_2"", ""i_p_claremont_mckenna_college_robert_day_sci_1034623_interiors_p_claremont_mckenna_college_robert_day_sci_1034623_p_claremont_mckenna_college_robert_day_sci_1034623_interiors_p_claremont_mckenna_college_robert_day_sci_1034623_interior_3"", ""i_p_claremont_mckenna_college_robert_day_sci_1034623_interiors_p_claremont_mckenna_college_robert_day_sci_1034623_p_claremont_mckenna_college_robert_day_sci_1034623_interiors_p_claremont_mckenna_college_robert_day_sci_1034623_interior_4"", ""i_p_claremont_mckenna_college_robert_day_sci_1034623_interiors_p_claremont_mckenna_college_robert_day_sci_1034623_p_claremont_mckenna_college_robert_day_sci_1034623_interiors_p_claremont_mckenna_college_robert_day_sci_1034623_interior_5""]",34.0966764,-117.7197785,"interiors,exteriors",Claremont,,"The project likely refers to a science building at Claremont McKenna College, which is part of a liberal arts college in California. It may serve educational purposes focused on scientific disciplines.","Claremont McKenna College,science building,education,California,university"
p_codec_training_centre_kuakata_community_1034720,Codec Training Centre Kuakata Community,Bangladesh,tropical,community center,,"[""i_p_codec_training_centre_kuakata_community_1034720_exteriors_p_codec_training_centre_kuakata_community_1034720_p_codec_training_centre_kuakata_community_1034720_exteriors_p_codec_training_centre_kuakata_community_1034720_exterior_1"", ""i_p_codec_training_centre_kuakata_community_1034720_exteriors_p_codec_training_centre_kuakata_community_1034720_p_codec_training_centre_kuakata_community_1034720_exteriors_p_codec_training_centre_kuakata_community_1034720_exterior_2"", ""i_p_codec_training_centre_kuakata_community_1034720_exteriors_p_codec_training_centre_kuakata_community_1034720_p_codec_training_centre_kuakata_community_1034720_exteriors_p_codec_training_centre_kuakata_community_1034720_exterior_3"", ""i_p_codec_training_centre_kuakata_community_1034720_exteriors_p_codec_training_centre_kuakata_community_1034720_p_codec_training_centre_kuakata_community_1034720_exteriors_p_codec_training_centre_kuakata_community_1034720_exterior_4"", ""i_p_codec_training_centre_kuakata_community_1034720_exteriors_p_codec_training_centre_kuakata_community_1034720_p_codec_training_centre_kuakata_community_1034720_exteriors_p_codec_training_centre_kuakata_community_1034720_exterior_5"", ""i_p_codec_training_centre_kuakata_community_1034720_interiors_p_codec_training_centre_kuakata_community_1034720_p_codec_training_centre_kuakata_community_1034720_interiors_p_codec_training_centre_kuakata_community_1034720_interior_1"", ""i_p_codec_training_centre_kuakata_community_1034720_interiors_p_codec_training_centre_kuakata_community_1034720_p_codec_training_centre_kuakata_community_1034720_interiors_p_codec_training_centre_kuakata_community_1034720_interior_2"", ""i_p_codec_training_centre_kuakata_community_1034720_interiors_p_codec_training_centre_kuakata_community_1034720_p_codec_training_centre_kuakata_community_1034720_interiors_p_codec_training_centre_kuakata_community_1034720_interior_3"", ""i_p_codec_training_centre_kuakata_community_1034720_interiors_p_codec_training_centre_kuakata_community_1034720_p_codec_training_centre_kuakata_community_1034720_interiors_p_codec_training_centre_kuakata_community_1034720_interior_4""]",21.8182277,90.1397812,"interiors,exteriors",Kuakata,,"The Codec Training Centre in Kuakata is likely a facility designed for educational and training purposes, aimed at serving the local community.","Codec,Training Centre,Kuakata,community center,education,Bangladesh"
p_collector_s_house_museum_atelier_data_1024946,Collector S House Museum Atelier Data,,,museum,,"[""i_p_collector_s_house_museum_atelier_data_1024946_diagrams_p_collector_s_house_museum_atelier_data_1024946_p_collector_s_house_museum_atelier_data_1024946_diagrams_p_collector_s_house_museum_atelier_data_1024946_diagram_1"", ""i_p_collector_s_house_museum_atelier_data_1024946_diagrams_p_collector_s_house_museum_atelier_data_1024946_p_collector_s_house_museum_atelier_data_1024946_diagrams_p_collector_s_house_museum_atelier_data_1024946_diagram_2"", ""i_p_collector_s_house_museum_atelier_data_1024946_diagrams_p_collector_s_house_museum_atelier_data_1024946_p_collector_s_house_museum_atelier_data_1024946_diagrams_p_collector_s_house_museum_atelier_data_1024946_diagram_3"", ""i_p_collector_s_house_museum_atelier_data_1024946_exteriors_p_collector_s_house_museum_atelier_data_1024946_p_collector_s_house_museum_atelier_data_1024946_exteriors_p_collector_s_house_museum_atelier_data_1024946_exterior_1"", ""i_p_collector_s_house_museum_atelier_data_1024946_exteriors_p_collector_s_house_museum_atelier_data_1024946_p_collector_s_house_museum_atelier_data_1024946_exteriors_p_collector_s_house_museum_atelier_data_1024946_exterior_2"", ""i_p_collector_s_house_museum_atelier_data_1024946_exteriors_p_collector_s_house_museum_atelier_data_1024946_p_collector_s_house_museum_atelier_data_1024946_exteriors_p_collector_s_house_museum_atelier_data_1024946_exterior_3"", ""i_p_collector_s_house_museum_atelier_data_1024946_exteriors_p_collector_s_house_museum_atelier_data_1024946_p_collector_s_house_museum_atelier_data_1024946_exteriors_p_collector_s_house_museum_atelier_data_1024946_exterior_4"", ""i_p_collector_s_house_museum_atelier_data_1024946_interiors_p_collector_s_house_museum_atelier_data_1024946_p_collector_s_house_museum_atelier_data_1024946_interiors_p_collector_s_house_museum_atelier_data_1024946_interior_1"", ""i_p_collector_s_house_museum_atelier_data_1024946_interiors_p_collector_s_house_museum_atelier_data_1024946_p_collector_s_house_museum_atelier_data_1024946_interiors_p_collector_s_house_museum_atelier_data_1024946_interior_2"", ""i_p_collector_s_house_museum_atelier_data_1024946_interiors_p_collector_s_house_museum_atelier_data_1024946_p_collector_s_house_museum_atelier_data_1024946_interiors_p_collector_s_house_museum_atelier_data_1024946_interior_3"", ""i_p_collector_s_house_museum_atelier_data_1024946_interiors_p_collector_s_house_museum_atelier_data_1024946_p_collector_s_house_museum_atelier_data_1024946_interiors_p_collector_s_house_museum_atelier_data_1024946_interior_4"", ""i_p_collector_s_house_museum_atelier_data_1024946_interiors_p_collector_s_house_museum_atelier_data_1024946_p_collector_s_house_museum_atelier_data_1024946_interiors_p_collector_s_house_museum_atelier_data_1024946_interior_5""]",37.085011,-7.787727099999999,"diagrams,interiors,exteriors",,,"The project likely involves a house that has been converted into a museum, possibly featuring an atelier or workspace for artistic activities.","museum,atelier,collector,house,data"
p_coonawarra_willam_aquatic_centre_ivanhoe_1035598,Coonawarra Willam Aquatic Centre Ivanhoe,Australia,temperate,aquatic center,,"[""i_p_coonawarra_willam_aquatic_centre_ivanhoe_1035598_diagrams_p_coonawarra_willam_aquatic_centre_ivanhoe_1035598_p_coonawarra_willam_aquatic_centre_ivanhoe_1035598_diagrams_p_coonawarra_willam_aquatic_centre_ivanhoe_1035598_diagram_1"", ""i_p_coonawarra_willam_aquatic_centre_ivanhoe_1035598_diagrams_p_coonawarra_willam_aquatic_centre_ivanhoe_1035598_p_coonawarra_willam_aquatic_centre_ivanhoe_1035598_diagrams_p_coonawarra_willam_aquatic_centre_ivanhoe_1035598_diagram_2"", ""i_p_coonawarra_willam_aquatic_centre_ivanhoe_1035598_diagrams_p_coonawarra_willam_aquatic_centre_ivanhoe_1035598_p_coonawarra_willam_aquatic_centre_ivanhoe_1035598_diagrams_p_coonawarra_willam_aquatic_centre_ivanhoe_1035598_diagram_3"", ""i_p_coonawarra_willam_aquatic_centre_ivanhoe_1035598_exteriors_p_coonawarra_willam_aquatic_centre_ivanhoe_1035598_p_coonawarra_willam_aquatic_centre_ivanhoe_1035598_exteriors_p_coonawarra_willam_aquatic_centre_ivanhoe_1035598_exterior_1"", ""i_p_coonawarra_willam_aquatic_centre_ivanhoe_1035598_exteriors_p_coonawarra_willam_aquatic_centre_ivanhoe_1035598_p_coonawarra_willam_aquatic_centre_ivanhoe_1035598_exteriors_p_coonawarra_willam_aquatic_centre_ivanhoe_1035598_exterior_2"", ""i_p_coonawarra_willam_aquatic_centre_ivanhoe_1035598_exteriors_p_coonawarra_willam_aquatic_centre_ivanhoe_1035598_p_coonawarra_willam_aquatic_centre_ivanhoe_1035598_exteriors_p_coonawarra_willam_aquatic_centre_ivanhoe_1035598_exterior_3"", ""i_p_coonawarra_willam_aquatic_centre_ivanhoe_1035598_exteriors_p_coonawarra_willam_aquatic_centre_ivanhoe_1035598_p_coonawarra_willam_aquatic_centre_ivanhoe_1035598_exteriors_p_coonawarra_willam_aquatic_centre_ivanhoe_1035598_exterior_4"", ""i_p_coonawarra_willam_aquatic_centre_ivanhoe_1035598_exteriors_p_coonawarra_willam_aquatic_centre_ivanhoe_1035598_p_coonawarra_willam_aquatic_centre_ivanhoe_1035598_exteriors_p_coonawarra_willam_aquatic_centre_ivanhoe_1035598_exterior_5"", ""i_p_coonawarra_willam_aquatic_centre_ivanhoe_1035598_interiors_p_coonawarra_willam_aquatic_centre_ivanhoe_1035598_p_coonawarra_willam_aquatic_centre_ivanhoe_1035598_interiors_p_coonawarra_willam_aquatic_centre_ivanhoe_1035598_interior_1"", ""i_p_coonawarra_willam_aquatic_centre_ivanhoe_1035598_interiors_p_coonawarra_willam_aquatic_centre_ivanhoe_1035598_p_coonawarra_willam_aquatic_centre_ivanhoe_1035598_interiors_p_coonawarra_willam_aquatic_centre_ivanhoe_1035598_interior_2"", ""i_p_coonawarra_willam_aquatic_centre_ivanhoe_1035598_interiors_p_coonawarra_willam_aquatic_centre_ivanhoe_1035598_p_coonawarra_willam_aquatic_centre_ivanhoe_1035598_interiors_p_coonawarra_willam_aquatic_centre_ivanhoe_1035598_interior_3"", ""i_p_coonawarra_willam_aquatic_centre_ivanhoe_1035598_interiors_p_coonawarra_willam_aquatic_centre_ivanhoe_1035598_p_coonawarra_willam_aquatic_centre_ivanhoe_1035598_interiors_p_coonawarra_willam_aquatic_centre_ivanhoe_1035598_interior_4"", ""i_p_coonawarra_willam_aquatic_centre_ivanhoe_1035598_interiors_p_coonawarra_willam_aquatic_centre_ivanhoe_1035598_p_coonawarra_willam_aquatic_centre_ivanhoe_1035598_interiors_p_coonawarra_willam_aquatic_centre_ivanhoe_1035598_interior_5""]",-36.9847807,143.3906074,"diagrams,interiors,exteriors",Ivanhoe,,"The Coonawarra Willam Aquatic Centre in Ivanhoe is likely a facility designed for swimming and water-related activities, serving the local community.","aquatic center,swimming,community facility,Ivanhoe,Coonawarra Willam"
p_cube_workshop_building_civic_architects_1034679,Cube Workshop Building Civic Architects,Netherlands,temperate,community center,,"[""i_p_cube_workshop_building_civic_architects_1034679_diagrams_p_cube_workshop_building_civic_architects_1034679_p_cube_workshop_building_civic_architects_1034679_diagrams_p_cube_workshop_building_civic_architects_1034679_diagram_1"", ""i_p_cube_workshop_building_civic_architects_1034679_diagrams_p_cube_workshop_building_civic_architects_1034679_p_cube_workshop_building_civic_architects_1034679_diagrams_p_cube_workshop_building_civic_architects_1034679_diagram_2"", ""i_p_cube_workshop_building_civic_architects_1034679_diagrams_p_cube_workshop_building_civic_architects_1034679_p_cube_workshop_building_civic_architects_1034679_diagrams_p_cube_workshop_building_civic_architects_1034679_diagram_3"", ""i_p_cube_workshop_building_civic_architects_1034679_exteriors_p_cube_workshop_building_civic_architects_1034679_p_cube_workshop_building_civic_architects_1034679_exteriors_p_cube_workshop_building_civic_architects_1034679_exterior_1"", ""i_p_cube_workshop_building_civic_architects_1034679_exteriors_p_cube_workshop_building_civic_architects_1034679_p_cube_workshop_building_civic_architects_1034679_exteriors_p_cube_workshop_building_civic_architects_1034679_exterior_2"", ""i_p_cube_workshop_building_civic_architects_1034679_exteriors_p_cube_workshop_building_civic_architects_1034679_p_cube_workshop_building_civic_architects_1034679_exteriors_p_cube_workshop_building_civic_architects_1034679_exterior_3"", ""i_p_cube_workshop_building_civic_architects_1034679_exteriors_p_cube_workshop_building_civic_architects_1034679_p_cube_workshop_building_civic_architects_1034679_exteriors_p_cube_workshop_building_civic_architects_1034679_exterior_4"", ""i_p_cube_workshop_building_civic_architects_1034679_exteriors_p_cube_workshop_building_civic_architects_1034679_p_cube_workshop_building_civic_architects_1034679_exteriors_p_cube_workshop_building_civic_architects_1034679_exterior_5"", ""i_p_cube_workshop_building_civic_architects_1034679_interiors_p_cube_workshop_building_civic_architects_1034679_p_cube_workshop_building_civic_architects_1034679_interiors_p_cube_workshop_building_civic_architects_1034679_interior_1"", ""i_p_cube_workshop_building_civic_architects_1034679_interiors_p_cube_workshop_building_civic_architects_1034679_p_cube_workshop_building_civic_architects_1034679_interiors_p_cube_workshop_building_civic_architects_1034679_interior_2"", ""i_p_cube_workshop_building_civic_architects_1034679_interiors_p_cube_workshop_building_civic_architects_1034679_p_cube_workshop_building_civic_architects_1034679_interiors_p_cube_workshop_building_civic_architects_1034679_interior_3"", ""i_p_cube_workshop_building_civic_architects_1034679_interiors_p_cube_workshop_building_civic_architects_1034679_p_cube_workshop_building_civic_architects_1034679_interiors_p_cube_workshop_building_civic_architects_1034679_interior_4"", ""i_p_cube_workshop_building_civic_architects_1034679_interiors_p_cube_workshop_building_civic_architects_1034679_p_cube_workshop_building_civic_architects_1034679_interiors_p_cube_workshop_building_civic_architects_1034679_interior_5""]",52.3942887,4.8368666,"diagrams,interiors,exteriors",Amsterdam,Civic Architects,"The Cube Workshop Building likely serves as a community center designed by Civic Architects, focusing on collaborative spaces and workshops for local engagement.","Cube Workshop,Civic Architects,community center,Amsterdam,architecture"
p_datta_vihara_shrine_karan_darda_architec_1029737,Datta Vihara Shrine Karan Darda Architec,India,tropical,shrine,,"[""i_p_datta_vihara_shrine_karan_darda_architec_1029737_diagrams_p_datta_vihara_shrine_karan_darda_architec_1029737_p_datta_vihara_shrine_karan_darda_architec_1029737_diagrams_p_datta_vihara_shrine_karan_darda_architec_1029737_diagram_1"", ""i_p_datta_vihara_shrine_karan_darda_architec_1029737_diagrams_p_datta_vihara_shrine_karan_darda_architec_1029737_p_datta_vihara_shrine_karan_darda_architec_1029737_diagrams_p_datta_vihara_shrine_karan_darda_architec_1029737_diagram_2"", ""i_p_datta_vihara_shrine_karan_darda_architec_1029737_diagrams_p_datta_vihara_shrine_karan_darda_architec_1029737_p_datta_vihara_shrine_karan_darda_architec_1029737_diagrams_p_datta_vihara_shrine_karan_darda_architec_1029737_diagram_3"", ""i_p_datta_vihara_shrine_karan_darda_architec_1029737_exteriors_p_datta_vihara_shrine_karan_darda_architec_1029737_p_datta_vihara_shrine_karan_darda_architec_1029737_exteriors_p_datta_vihara_shrine_karan_darda_architec_1029737_exterior_1"", ""i_p_datta_vihara_shrine_karan_darda_architec_1029737_exteriors_p_datta_vihara_shrine_karan_darda_architec_1029737_p_datta_vihara_shrine_karan_darda_architec_1029737_exteriors_p_datta_vihara_shrine_karan_darda_architec_1029737_exterior_2"", ""i_p_datta_vihara_shrine_karan_darda_architec_1029737_exteriors_p_datta_vihara_shrine_karan_darda_architec_1029737_p_datta_vihara_shrine_karan_darda_architec_1029737_exteriors_p_datta_vihara_shrine_karan_darda_architec_1029737_exterior_3"", ""i_p_datta_vihara_shrine_karan_darda_architec_1029737_exteriors_p_datta_vihara_shrine_karan_darda_architec_1029737_p_datta_vihara_shrine_karan_darda_architec_1029737_exteriors_p_datta_vihara_shrine_karan_darda_architec_1029737_exterior_4"", ""i_p_datta_vihara_shrine_karan_darda_architec_1029737_exteriors_p_datta_vihara_shrine_karan_darda_architec_1029737_p_datta_vihara_shrine_karan_darda_architec_1029737_exteriors_p_datta_vihara_shrine_karan_darda_architec_1029737_exterior_5"", ""i_p_datta_vihara_shrine_karan_darda_architec_1029737_interiors_p_datta_vihara_shrine_karan_darda_architec_1029737_p_datta_vihara_shrine_karan_darda_architec_1029737_interiors_p_datta_vihara_shrine_karan_darda_architec_1029737_interior_1"", ""i_p_datta_vihara_shrine_karan_darda_architec_1029737_interiors_p_datta_vihara_shrine_karan_darda_architec_1029737_p_datta_vihara_shrine_karan_darda_architec_1029737_interiors_p_datta_vihara_shrine_karan_darda_architec_1029737_interior_2"", ""i_p_datta_vihara_shrine_karan_darda_architec_1029737_interiors_p_datta_vihara_shrine_karan_darda_architec_1029737_p_datta_vihara_shrine_karan_darda_architec_1029737_interiors_p_datta_vihara_shrine_karan_darda_architec_1029737_interior_3"", ""i_p_datta_vihara_shrine_karan_darda_architec_1029737_interiors_p_datta_vihara_shrine_karan_darda_architec_1029737_p_datta_vihara_shrine_karan_darda_architec_1029737_interiors_p_datta_vihara_shrine_karan_darda_architec_1029737_interior_4"", ""i_p_datta_vihara_shrine_karan_darda_architec_1029737_interiors_p_datta_vihara_shrine_karan_darda_architec_1029737_p_datta_vihara_shrine_karan_darda_architec_1029737_interiors_p_datta_vihara_shrine_karan_darda_architec_1029737_interior_5""]",18.5246091,73.8786239,"diagrams,interiors,exteriors",,Karan Darda,"The Datta Vihara Shrine is likely a religious structure dedicated to the worship of the deity Datta, designed by architect Karan Darda.","shrine,Datta Vihara,Karan Darda,religious architecture,India"
p_david_rubenstein_treehouse_harvard_unive_1035475,David Rubenstein Treehouse Harvard Unive,United States,temperate,cultural center,,"[""i_p_david_rubenstein_treehouse_harvard_unive_1035475_diagrams_p_david_rubenstein_treehouse_harvard_unive_1035475_p_david_rubenstein_treehouse_harvard_unive_1035475_diagrams_p_david_rubenstein_treehouse_harvard_unive_1035475_diagram_1"", ""i_p_david_rubenstein_treehouse_harvard_unive_1035475_diagrams_p_david_rubenstein_treehouse_harvard_unive_1035475_p_david_rubenstein_treehouse_harvard_unive_1035475_diagrams_p_david_rubenstein_treehouse_harvard_unive_1035475_diagram_2"", ""i_p_david_rubenstein_treehouse_harvard_unive_1035475_diagrams_p_david_rubenstein_treehouse_harvard_unive_1035475_p_david_rubenstein_treehouse_harvard_unive_1035475_diagrams_p_david_rubenstein_treehouse_harvard_unive_1035475_diagram_3"", ""i_p_david_rubenstein_treehouse_harvard_unive_1035475_exteriors_p_david_rubenstein_treehouse_harvard_unive_1035475_p_david_rubenstein_treehouse_harvard_unive_1035475_exteriors_p_david_rubenstein_treehouse_harvard_unive_1035475_exterior_1"", ""i_p_david_rubenstein_treehouse_harvard_unive_1035475_exteriors_p_david_rubenstein_treehouse_harvard_unive_1035475_p_david_rubenstein_treehouse_harvard_unive_1035475_exteriors_p_david_rubenstein_treehouse_harvard_unive_1035475_exterior_2"", ""i_p_david_rubenstein_treehouse_harvard_unive_1035475_exteriors_p_david_rubenstein_treehouse_harvard_unive_1035475_p_david_rubenstein_treehouse_harvard_unive_1035475_exteriors_p_david_rubenstein_treehouse_harvard_unive_1035475_exterior_3"", ""i_p_david_rubenstein_treehouse_harvard_unive_1035475_interiors_p_david_rubenstein_treehouse_harvard_unive_1035475_p_david_rubenstein_treehouse_harvard_unive_1035475_interiors_p_david_rubenstein_treehouse_harvard_unive_1035475_interior_1"", ""i_p_david_rubenstein_treehouse_harvard_unive_1035475_interiors_p_david_rubenstein_treehouse_harvard_unive_1035475_p_david_rubenstein_treehouse_harvard_unive_1035475_interiors_p_david_rubenstein_treehouse_harvard_unive_1035475_interior_2"", ""i_p_david_rubenstein_treehouse_harvard_unive_1035475_interiors_p_david_rubenstein_treehouse_harvard_unive_1035475_p_david_rubenstein_treehouse_harvard_unive_1035475_interiors_p_david_rubenstein_treehouse_harvard_unive_1035475_interior_3"", ""i_p_david_rubenstein_treehouse_harvard_unive_1035475_interiors_p_david_rubenstein_treehouse_harvard_unive_1035475_p_david_rubenstein_treehouse_harvard_unive_1035475_interiors_p_david_rubenstein_treehouse_harvard_unive_1035475_interior_4"", ""i_p_david_rubenstein_treehouse_harvard_unive_1035475_interiors_p_david_rubenstein_treehouse_harvard_unive_1035475_p_david_rubenstein_treehouse_harvard_unive_1035475_interiors_p_david_rubenstein_treehouse_harvard_unive_1035475_interior_5""]",42.3555076,-71.0565364,"diagrams,interiors,exteriors",Cambridge,null,"The David Rubenstein Treehouse is likely a unique architectural structure designed for educational and community engagement, situated within Harvard University.","treehouse,Harvard,cultural center,education,architecture"
p_devalera_library_and_suil_gallery_keith_1029820,Devalera Library And Suil Gallery Keith,Ireland,temperate,library,,"[""i_p_devalera_library_and_suil_gallery_keith_1029820_diagrams_p_devalera_library_and_suil_gallery_keith_1029820_p_devalera_library_and_suil_gallery_keith_1029820_diagrams_p_devalera_library_and_suil_gallery_keith_1029820_diagram_1"", ""i_p_devalera_library_and_suil_gallery_keith_1029820_diagrams_p_devalera_library_and_suil_gallery_keith_1029820_p_devalera_library_and_suil_gallery_keith_1029820_diagrams_p_devalera_library_and_suil_gallery_keith_1029820_diagram_2"", ""i_p_devalera_library_and_suil_gallery_keith_1029820_exteriors_p_devalera_library_and_suil_gallery_keith_1029820_p_devalera_library_and_suil_gallery_keith_1029820_exteriors_p_devalera_library_and_suil_gallery_keith_1029820_exterior_1"", ""i_p_devalera_library_and_suil_gallery_keith_1029820_exteriors_p_devalera_library_and_suil_gallery_keith_1029820_p_devalera_library_and_suil_gallery_keith_1029820_exteriors_p_devalera_library_and_suil_gallery_keith_1029820_exterior_2"", ""i_p_devalera_library_and_suil_gallery_keith_1029820_exteriors_p_devalera_library_and_suil_gallery_keith_1029820_p_devalera_library_and_suil_gallery_keith_1029820_exteriors_p_devalera_library_and_suil_gallery_keith_1029820_exterior_3"", ""i_p_devalera_library_and_suil_gallery_keith_1029820_exteriors_p_devalera_library_and_suil_gallery_keith_1029820_p_devalera_library_and_suil_gallery_keith_1029820_exteriors_p_devalera_library_and_suil_gallery_keith_1029820_exterior_4"", ""i_p_devalera_library_and_suil_gallery_keith_1029820_exteriors_p_devalera_library_and_suil_gallery_keith_1029820_p_devalera_library_and_suil_gallery_keith_1029820_exteriors_p_devalera_library_and_suil_gallery_keith_1029820_exterior_5"", ""i_p_devalera_library_and_suil_gallery_keith_1029820_interiors_p_devalera_library_and_suil_gallery_keith_1029820_p_devalera_library_and_suil_gallery_keith_1029820_interiors_p_devalera_library_and_suil_gallery_keith_1029820_interior_1"", ""i_p_devalera_library_and_suil_gallery_keith_1029820_interiors_p_devalera_library_and_suil_gallery_keith_1029820_p_devalera_library_and_suil_gallery_keith_1029820_interiors_p_devalera_library_and_suil_gallery_keith_1029820_interior_2""]",52.8470321,-8.9883123,"diagrams,interiors,exteriors",null,null,"The Devalera Library and Suil Gallery likely serves as a public library and art gallery, providing community access to literature and cultural exhibitions.","library,gallery,cultural center,community,Devalera"
p_diriyah_art_futures_contemporary_art_hub_1023785,Diriyah Art Futures Contemporary Art Hub,Saudi Arabia,arid,cultural center,,"[""i_p_diriyah_art_futures_contemporary_art_hub_1023785_diagrams_p_diriyah_art_futures_contemporary_art_hub_1023785_p_diriyah_art_futures_contemporary_art_hub_1023785_diagrams_p_diriyah_art_futures_contemporary_art_hub_1023785_diagram_1"", ""i_p_diriyah_art_futures_contemporary_art_hub_1023785_diagrams_p_diriyah_art_futures_contemporary_art_hub_1023785_p_diriyah_art_futures_contemporary_art_hub_1023785_diagrams_p_diriyah_art_futures_contemporary_art_hub_1023785_diagram_2"", ""i_p_diriyah_art_futures_contemporary_art_hub_1023785_diagrams_p_diriyah_art_futures_contemporary_art_hub_1023785_p_diriyah_art_futures_contemporary_art_hub_1023785_diagrams_p_diriyah_art_futures_contemporary_art_hub_1023785_diagram_3"", ""i_p_diriyah_art_futures_contemporary_art_hub_1023785_exteriors_p_diriyah_art_futures_contemporary_art_hub_1023785_p_diriyah_art_futures_contemporary_art_hub_1023785_exteriors_p_diriyah_art_futures_contemporary_art_hub_1023785_exterior_1"", ""i_p_diriyah_art_futures_contemporary_art_hub_1023785_exteriors_p_diriyah_art_futures_contemporary_art_hub_1023785_p_diriyah_art_futures_contemporary_art_hub_1023785_exteriors_p_diriyah_art_futures_contemporary_art_hub_1023785_exterior_2"", ""i_p_diriyah_art_futures_contemporary_art_hub_1023785_exteriors_p_diriyah_art_futures_contemporary_art_hub_1023785_p_diriyah_art_futures_contemporary_art_hub_1023785_exteriors_p_diriyah_art_futures_contemporary_art_hub_1023785_exterior_3"", ""i_p_diriyah_art_futures_contemporary_art_hub_1023785_exteriors_p_diriyah_art_futures_contemporary_art_hub_1023785_p_diriyah_art_futures_contemporary_art_hub_1023785_exteriors_p_diriyah_art_futures_contemporary_art_hub_1023785_exterior_4"", ""i_p_diriyah_art_futures_contemporary_art_hub_1023785_interiors_p_diriyah_art_futures_contemporary_art_hub_1023785_p_diriyah_art_futures_contemporary_art_hub_1023785_interiors_p_diriyah_art_futures_contemporary_art_hub_1023785_interior_1"", ""i_p_diriyah_art_futures_contemporary_art_hub_1023785_interiors_p_diriyah_art_futures_contemporary_art_hub_1023785_p_diriyah_art_futures_contemporary_art_hub_1023785_interiors_p_diriyah_art_futures_contemporary_art_hub_1023785_interior_2"", ""i_p_diriyah_art_futures_contemporary_art_hub_1023785_interiors_p_diriyah_art_futures_contemporary_art_hub_1023785_p_diriyah_art_futures_contemporary_art_hub_1023785_interiors_p_diriyah_art_futures_contemporary_art_hub_1023785_interior_3"", ""i_p_diriyah_art_futures_contemporary_art_hub_1023785_interiors_p_diriyah_art_futures_contemporary_art_hub_1023785_p_diriyah_art_futures_contemporary_art_hub_1023785_interiors_p_diriyah_art_futures_contemporary_art_hub_1023785_interior_4"", ""i_p_diriyah_art_futures_contemporary_art_hub_1023785_interiors_p_diriyah_art_futures_contemporary_art_hub_1023785_p_diriyah_art_futures_contemporary_art_hub_1023785_interiors_p_diriyah_art_futures_contemporary_art_hub_1023785_interior_5""]",24.7479649,46.5363683,"diagrams,interiors,exteriors",Diriyah,,"The Diriyah Art Futures Contemporary Art Hub is likely a cultural center focused on contemporary art, aimed at promoting artistic expression and engagement within the community.","Diriyah,art hub,contemporary art,cultural center,Saudi Arabia"
p_dom_turka_house_of_remembrance_tremend_1032509,Dom Turka House Of Remembrance Tremend,Poland,temperate,cultural center,,"[""i_p_dom_turka_house_of_remembrance_tremend_1032509_exteriors_p_dom_turka_house_of_remembrance_tremend_1032509_p_dom_turka_house_of_remembrance_tremend_1032509_exteriors_p_dom_turka_house_of_remembrance_tremend_1032509_exterior_1"", ""i_p_dom_turka_house_of_remembrance_tremend_1032509_exteriors_p_dom_turka_house_of_remembrance_tremend_1032509_p_dom_turka_house_of_remembrance_tremend_1032509_exteriors_p_dom_turka_house_of_remembrance_tremend_1032509_exterior_2"", ""i_p_dom_turka_house_of_remembrance_tremend_1032509_exteriors_p_dom_turka_house_of_remembrance_tremend_1032509_p_dom_turka_house_of_remembrance_tremend_1032509_exteriors_p_dom_turka_house_of_remembrance_tremend_1032509_exterior_3"", ""i_p_dom_turka_house_of_remembrance_tremend_1032509_exteriors_p_dom_turka_house_of_remembrance_tremend_1032509_p_dom_turka_house_of_remembrance_tremend_1032509_exteriors_p_dom_turka_house_of_remembrance_tremend_1032509_exterior_4"", ""i_p_dom_turka_house_of_remembrance_tremend_1032509_exteriors_p_dom_turka_house_of_remembrance_tremend_1032509_p_dom_turka_house_of_remembrance_tremend_1032509_exteriors_p_dom_turka_house_of_remembrance_tremend_1032509_exterior_5"", ""i_p_dom_turka_house_of_remembrance_tremend_1032509_interiors_p_dom_turka_house_of_remembrance_tremend_1032509_p_dom_turka_house_of_remembrance_tremend_1032509_interiors_p_dom_turka_house_of_remembrance_tremend_1032509_interior_1"", ""i_p_dom_turka_house_of_remembrance_tremend_1032509_interiors_p_dom_turka_house_of_remembrance_tremend_1032509_p_dom_turka_house_of_remembrance_tremend_1032509_interiors_p_dom_turka_house_of_remembrance_tremend_1032509_interior_2"", ""i_p_dom_turka_house_of_remembrance_tremend_1032509_interiors_p_dom_turka_house_of_remembrance_tremend_1032509_p_dom_turka_house_of_remembrance_tremend_1032509_interiors_p_dom_turka_house_of_remembrance_tremend_1032509_interior_3"", ""i_p_dom_turka_house_of_remembrance_tremend_1032509_interiors_p_dom_turka_house_of_remembrance_tremend_1032509_p_dom_turka_house_of_remembrance_tremend_1032509_interiors_p_dom_turka_house_of_remembrance_tremend_1032509_interior_4"", ""i_p_dom_turka_house_of_remembrance_tremend_1032509_interiors_p_dom_turka_house_of_remembrance_tremend_1032509_p_dom_turka_house_of_remembrance_tremend_1032509_interiors_p_dom_turka_house_of_remembrance_tremend_1032509_interior_5""]",53.84344309999999,22.9796023,"interiors,exteriors",Tremend,,"The Dom Turka House Of Remembrance is likely a cultural center dedicated to honoring and preserving the memory of significant events or individuals, situated in Tremend, Poland.","remembrance,cultural center,Poland,Tremend,architecture"
p_educational_area_of_the_exhibition_a_riv_1035308,Educational Area Of The Exhibition A Riv,,,cultural center,,"[""i_p_educational_area_of_the_exhibition_a_riv_1035308_diagrams_p_educational_area_of_the_exhibition_a_riv_1035308_p_educational_area_of_the_exhibition_a_riv_1035308_diagrams_p_educational_area_of_the_exhibition_a_riv_1035308_diagram_1"", ""i_p_educational_area_of_the_exhibition_a_riv_1035308_exteriors_p_educational_area_of_the_exhibition_a_riv_1035308_p_educational_area_of_the_exhibition_a_riv_1035308_exteriors_p_educational_area_of_the_exhibition_a_riv_1035308_exterior_1"", ""i_p_educational_area_of_the_exhibition_a_riv_1035308_exteriors_p_educational_area_of_the_exhibition_a_riv_1035308_p_educational_area_of_the_exhibition_a_riv_1035308_exteriors_p_educational_area_of_the_exhibition_a_riv_1035308_exterior_2"", ""i_p_educational_area_of_the_exhibition_a_riv_1035308_interiors_p_educational_area_of_the_exhibition_a_riv_1035308_p_educational_area_of_the_exhibition_a_riv_1035308_interiors_p_educational_area_of_the_exhibition_a_riv_1035308_interior_1"", ""i_p_educational_area_of_the_exhibition_a_riv_1035308_interiors_p_educational_area_of_the_exhibition_a_riv_1035308_p_educational_area_of_the_exhibition_a_riv_1035308_interiors_p_educational_area_of_the_exhibition_a_riv_1035308_interior_2""]",,,"diagrams,interiors,exteriors",,,"The project likely involves a space dedicated to educational activities within an exhibition context, possibly focusing on interactive learning or community engagement.","educational,exhibition,cultural center,community engagement,interactive learning"
p_elementary_school_at_le_grand_lemps_fran_935357,Elementary School At Le Grand Lemps Fran,France,temperate,school,,"[""i_p_elementary_school_at_le_grand_lemps_fran_935357_diagrams_p_elementary_school_at_le_grand_lemps_fran_935357_p_elementary_school_at_le_grand_lemps_fran_935357_diagrams_p_elementary_school_at_le_grand_lemps_fran_935357_diagram_1"", ""i_p_elementary_school_at_le_grand_lemps_fran_935357_diagrams_p_elementary_school_at_le_grand_lemps_fran_935357_p_elementary_school_at_le_grand_lemps_fran_935357_diagrams_p_elementary_school_at_le_grand_lemps_fran_935357_diagram_2"", ""i_p_elementary_school_at_le_grand_lemps_fran_935357_diagrams_p_elementary_school_at_le_grand_lemps_fran_935357_p_elementary_school_at_le_grand_lemps_fran_935357_diagrams_p_elementary_school_at_le_grand_lemps_fran_935357_diagram_3"", ""i_p_elementary_school_at_le_grand_lemps_fran_935357_exteriors_p_elementary_school_at_le_grand_lemps_fran_935357_p_elementary_school_at_le_grand_lemps_fran_935357_exteriors_p_elementary_school_at_le_grand_lemps_fran_935357_exterior_1"", ""i_p_elementary_school_at_le_grand_lemps_fran_935357_exteriors_p_elementary_school_at_le_grand_lemps_fran_935357_p_elementary_school_at_le_grand_lemps_fran_935357_exteriors_p_elementary_school_at_le_grand_lemps_fran_935357_exterior_2"", ""i_p_elementary_school_at_le_grand_lemps_fran_935357_exteriors_p_elementary_school_at_le_grand_lemps_fran_935357_p_elementary_school_at_le_grand_lemps_fran_935357_exteriors_p_elementary_school_at_le_grand_lemps_fran_935357_exterior_3"", ""i_p_elementary_school_at_le_grand_lemps_fran_935357_interiors_p_elementary_school_at_le_grand_lemps_fran_935357_p_elementary_school_at_le_grand_lemps_fran_935357_interiors_p_elementary_school_at_le_grand_lemps_fran_935357_interior_1"", ""i_p_elementary_school_at_le_grand_lemps_fran_935357_interiors_p_elementary_school_at_le_grand_lemps_fran_935357_p_elementary_school_at_le_grand_lemps_fran_935357_interiors_p_elementary_school_at_le_grand_lemps_fran_935357_interior_2""]",45.3982622,5.4205185,"diagrams,interiors,exteriors",Le Grand Lemps,,"This project is likely an elementary school located in Le Grand Lemps, France, designed to serve the educational needs of young children in the community.","elementary school,education,Le Grand Lemps,France,public building"
p_elisabeth_and_robert_badinter_elementary_1034682,Elisabeth And Robert Badinter Elementary,France,temperate,school,,"[""i_p_elisabeth_and_robert_badinter_elementary_1034682_diagrams_p_elisabeth_and_robert_badinter_elementary_1034682_p_elisabeth_and_robert_badinter_elementary_1034682_diagrams_p_elisabeth_and_robert_badinter_elementary_1034682_diagram_1"", ""i_p_elisabeth_and_robert_badinter_elementary_1034682_diagrams_p_elisabeth_and_robert_badinter_elementary_1034682_p_elisabeth_and_robert_badinter_elementary_1034682_diagrams_p_elisabeth_and_robert_badinter_elementary_1034682_diagram_2"", ""i_p_elisabeth_and_robert_badinter_elementary_1034682_diagrams_p_elisabeth_and_robert_badinter_elementary_1034682_p_elisabeth_and_robert_badinter_elementary_1034682_diagrams_p_elisabeth_and_robert_badinter_elementary_1034682_diagram_3"", ""i_p_elisabeth_and_robert_badinter_elementary_1034682_exteriors_p_elisabeth_and_robert_badinter_elementary_1034682_p_elisabeth_and_robert_badinter_elementary_1034682_exteriors_p_elisabeth_and_robert_badinter_elementary_1034682_exterior_1"", ""i_p_elisabeth_and_robert_badinter_elementary_1034682_exteriors_p_elisabeth_and_robert_badinter_elementary_1034682_p_elisabeth_and_robert_badinter_elementary_1034682_exteriors_p_elisabeth_and_robert_badinter_elementary_1034682_exterior_2"", ""i_p_elisabeth_and_robert_badinter_elementary_1034682_exteriors_p_elisabeth_and_robert_badinter_elementary_1034682_p_elisabeth_and_robert_badinter_elementary_1034682_exteriors_p_elisabeth_and_robert_badinter_elementary_1034682_exterior_3"", ""i_p_elisabeth_and_robert_badinter_elementary_1034682_exteriors_p_elisabeth_and_robert_badinter_elementary_1034682_p_elisabeth_and_robert_badinter_elementary_1034682_exteriors_p_elisabeth_and_robert_badinter_elementary_1034682_exterior_4"", ""i_p_elisabeth_and_robert_badinter_elementary_1034682_exteriors_p_elisabeth_and_robert_badinter_elementary_1034682_p_elisabeth_and_robert_badinter_elementary_1034682_exteriors_p_elisabeth_and_robert_badinter_elementary_1034682_exterior_5"", ""i_p_elisabeth_and_robert_badinter_elementary_1034682_interiors_p_elisabeth_and_robert_badinter_elementary_1034682_p_elisabeth_and_robert_badinter_elementary_1034682_interiors_p_elisabeth_and_robert_badinter_elementary_1034682_interior_1"", ""i_p_elisabeth_and_robert_badinter_elementary_1034682_interiors_p_elisabeth_and_robert_badinter_elementary_1034682_p_elisabeth_and_robert_badinter_elementary_1034682_interiors_p_elisabeth_and_robert_badinter_elementary_1034682_interior_2"", ""i_p_elisabeth_and_robert_badinter_elementary_1034682_interiors_p_elisabeth_and_robert_badinter_elementary_1034682_p_elisabeth_and_robert_badinter_elementary_1034682_interiors_p_elisabeth_and_robert_badinter_elementary_1034682_interior_3"", ""i_p_elisabeth_and_robert_badinter_elementary_1034682_interiors_p_elisabeth_and_robert_badinter_elementary_1034682_p_elisabeth_and_robert_badinter_elementary_1034682_interiors_p_elisabeth_and_robert_badinter_elementary_1034682_interior_4"", ""i_p_elisabeth_and_robert_badinter_elementary_1034682_interiors_p_elisabeth_and_robert_badinter_elementary_1034682_p_elisabeth_and_robert_badinter_elementary_1034682_interiors_p_elisabeth_and_robert_badinter_elementary_1034682_interior_5""]",44.683992,-1.015512,"diagrams,interiors,exteriors",,,"Elisabeth And Robert Badinter Elementary is likely an educational institution designed for young children, focusing on elementary education.","elementary school,education,children,France"
p_event_hall_l_agora_and_ernest_hemingway_1029943,Event Hall L Agora And Ernest Hemingway,France,temperate,cultural center,,"[""i_p_event_hall_l_agora_and_ernest_hemingway_1029943_diagrams_p_event_hall_l_agora_and_ernest_hemingway_1029943_p_event_hall_l_agora_and_ernest_hemingway_1029943_diagrams_p_event_hall_l_agora_and_ernest_hemingway_1029943_diagram_1"", ""i_p_event_hall_l_agora_and_ernest_hemingway_1029943_exteriors_p_event_hall_l_agora_and_ernest_hemingway_1029943_p_event_hall_l_agora_and_ernest_hemingway_1029943_exteriors_p_event_hall_l_agora_and_ernest_hemingway_1029943_exterior_1"", ""i_p_event_hall_l_agora_and_ernest_hemingway_1029943_exteriors_p_event_hall_l_agora_and_ernest_hemingway_1029943_p_event_hall_l_agora_and_ernest_hemingway_1029943_exteriors_p_event_hall_l_agora_and_ernest_hemingway_1029943_exterior_2"", ""i_p_event_hall_l_agora_and_ernest_hemingway_1029943_exteriors_p_event_hall_l_agora_and_ernest_hemingway_1029943_p_event_hall_l_agora_and_ernest_hemingway_1029943_exteriors_p_event_hall_l_agora_and_ernest_hemingway_1029943_exterior_3"", ""i_p_event_hall_l_agora_and_ernest_hemingway_1029943_exteriors_p_event_hall_l_agora_and_ernest_hemingway_1029943_p_event_hall_l_agora_and_ernest_hemingway_1029943_exteriors_p_event_hall_l_agora_and_ernest_hemingway_1029943_exterior_4"", ""i_p_event_hall_l_agora_and_ernest_hemingway_1029943_exteriors_p_event_hall_l_agora_and_ernest_hemingway_1029943_p_event_hall_l_agora_and_ernest_hemingway_1029943_exteriors_p_event_hall_l_agora_and_ernest_hemingway_1029943_exterior_5"", ""i_p_event_hall_l_agora_and_ernest_hemingway_1029943_interiors_p_event_hall_l_agora_and_ernest_hemingway_1029943_p_event_hall_l_agora_and_ernest_hemingway_1029943_interiors_p_event_hall_l_agora_and_ernest_hemingway_1029943_interior_1"", ""i_p_event_hall_l_agora_and_ernest_hemingway_1029943_interiors_p_event_hall_l_agora_and_ernest_hemingway_1029943_p_event_hall_l_agora_and_ernest_hemingway_1029943_interiors_p_event_hall_l_agora_and_ernest_hemingway_1029943_interior_2"", ""i_p_event_hall_l_agora_and_ernest_hemingway_1029943_interiors_p_event_hall_l_agora_and_ernest_hemingway_1029943_p_event_hall_l_agora_and_ernest_hemingway_1029943_interiors_p_event_hall_l_agora_and_ernest_hemingway_1029943_interior_3"", ""i_p_event_hall_l_agora_and_ernest_hemingway_1029943_interiors_p_event_hall_l_agora_and_ernest_hemingway_1029943_p_event_hall_l_agora_and_ernest_hemingway_1029943_interiors_p_event_hall_l_agora_and_ernest_hemingway_1029943_interior_4"", ""i_p_event_hall_l_agora_and_ernest_hemingway_1029943_interiors_p_event_hall_l_agora_and_ernest_hemingway_1029943_p_event_hall_l_agora_and_ernest_hemingway_1029943_interiors_p_event_hall_l_agora_and_ernest_hemingway_1029943_interior_5""]",43.537476,4.137918,"diagrams,interiors,exteriors",null,null,"The project likely involves the design of an event hall that serves as a cultural gathering space, possibly inspired by the works of Ernest Hemingway.","event hall,cultural center,Ernest Hemingway,gathering space,architecture"
p_far_rockaway_library_sn_hetta_1022953,Far Rockaway Library Sn Hetta,United States,temperate,library,,"[""i_p_far_rockaway_library_sn_hetta_1022953_diagrams_p_far_rockaway_library_sn_hetta_1022953_p_far_rockaway_library_sn_hetta_1022953_diagrams_p_far_rockaway_library_sn_hetta_1022953_diagram_1"", ""i_p_far_rockaway_library_sn_hetta_1022953_diagrams_p_far_rockaway_library_sn_hetta_1022953_p_far_rockaway_library_sn_hetta_1022953_diagrams_p_far_rockaway_library_sn_hetta_1022953_diagram_2"", ""i_p_far_rockaway_library_sn_hetta_1022953_exteriors_p_far_rockaway_library_sn_hetta_1022953_p_far_rockaway_library_sn_hetta_1022953_exteriors_p_far_rockaway_library_sn_hetta_1022953_exterior_1"", ""i_p_far_rockaway_library_sn_hetta_1022953_exteriors_p_far_rockaway_library_sn_hetta_1022953_p_far_rockaway_library_sn_hetta_1022953_exteriors_p_far_rockaway_library_sn_hetta_1022953_exterior_2"", ""i_p_far_rockaway_library_sn_hetta_1022953_interiors_p_far_rockaway_library_sn_hetta_1022953_p_far_rockaway_library_sn_hetta_1022953_interiors_p_far_rockaway_library_sn_hetta_1022953_interior_1"", ""i_p_far_rockaway_library_sn_hetta_1022953_interiors_p_far_rockaway_library_sn_hetta_1022953_p_far_rockaway_library_sn_hetta_1022953_interiors_p_far_rockaway_library_sn_hetta_1022953_interior_2"", ""i_p_far_rockaway_library_sn_hetta_1022953_interiors_p_far_rockaway_library_sn_hetta_1022953_p_far_rockaway_library_sn_hetta_1022953_interiors_p_far_rockaway_library_sn_hetta_1022953_interior_3"", ""i_p_far_rockaway_library_sn_hetta_1022953_interiors_p_far_rockaway_library_sn_hetta_1022953_p_far_rockaway_library_sn_hetta_1022953_interiors_p_far_rockaway_library_sn_hetta_1022953_interior_4"", ""i_p_far_rockaway_library_sn_hetta_1022953_interiors_p_far_rockaway_library_sn_hetta_1022953_p_far_rockaway_library_sn_hetta_1022953_interiors_p_far_rockaway_library_sn_hetta_1022953_interior_5""]",40.7282239,-73.7948516,"diagrams,interiors,exteriors",Far Rockaway,,"The Far Rockaway Library is likely a public library serving the local community, providing access to books, resources, and various programs.","library,Far Rockaway,public library,community resource"
p_fenix_art_museum_mad_architects_1030328,Fenix Art Museum Mad Architects,Netherlands,temperate,museum,,"[""i_p_fenix_art_museum_mad_architects_1030328_exteriors_p_fenix_art_museum_mad_architects_1030328_p_fenix_art_museum_mad_architects_1030328_exteriors_p_fenix_art_museum_mad_architects_1030328_exterior_1"", ""i_p_fenix_art_museum_mad_architects_1030328_exteriors_p_fenix_art_museum_mad_architects_1030328_p_fenix_art_museum_mad_architects_1030328_exteriors_p_fenix_art_museum_mad_architects_1030328_exterior_2"", ""i_p_fenix_art_museum_mad_architects_1030328_exteriors_p_fenix_art_museum_mad_architects_1030328_p_fenix_art_museum_mad_architects_1030328_exteriors_p_fenix_art_museum_mad_architects_1030328_exterior_3"", ""i_p_fenix_art_museum_mad_architects_1030328_exteriors_p_fenix_art_museum_mad_architects_1030328_p_fenix_art_museum_mad_architects_1030328_exteriors_p_fenix_art_museum_mad_architects_1030328_exterior_4"", ""i_p_fenix_art_museum_mad_architects_1030328_exteriors_p_fenix_art_museum_mad_architects_1030328_p_fenix_art_museum_mad_architects_1030328_exteriors_p_fenix_art_museum_mad_architects_1030328_exterior_5"", ""i_p_fenix_art_museum_mad_architects_1030328_interiors_p_fenix_art_museum_mad_architects_1030328_p_fenix_art_museum_mad_architects_1030328_interiors_p_fenix_art_museum_mad_architects_1030328_interior_1"", ""i_p_fenix_art_museum_mad_architects_1030328_interiors_p_fenix_art_museum_mad_architects_1030328_p_fenix_art_museum_mad_architects_1030328_interiors_p_fenix_art_museum_mad_architects_1030328_interior_2"", ""i_p_fenix_art_museum_mad_architects_1030328_interiors_p_fenix_art_museum_mad_architects_1030328_p_fenix_art_museum_mad_architects_1030328_interiors_p_fenix_art_museum_mad_architects_1030328_interior_3""]",51.9244201,4.4777325,"interiors,exteriors",Rotterdam,Mad Architects,"The Fenix Art Museum is likely a cultural institution designed to showcase art and exhibitions, reflecting contemporary architectural practices by Mad Architects.","Fenix Art Museum,Mad Architects,museum,art,Rotterdam,contemporary architecture"
p_five_finger_pavilion_yxdesigners_1034978,Five Finger Pavilion Yxdesigners,,,cultural center,,"[""i_p_five_finger_pavilion_yxdesigners_1034978_exteriors_p_five_finger_pavilion_yxdesigners_1034978_p_five_finger_pavilion_yxdesigners_1034978_exteriors_p_five_finger_pavilion_yxdesigners_1034978_exterior_1"", ""i_p_five_finger_pavilion_yxdesigners_1034978_exteriors_p_five_finger_pavilion_yxdesigners_1034978_p_five_finger_pavilion_yxdesigners_1034978_exteriors_p_five_finger_pavilion_yxdesigners_1034978_exterior_2"", ""i_p_five_finger_pavilion_yxdesigners_1034978_exteriors_p_five_finger_pavilion_yxdesigners_1034978_p_five_finger_pavilion_yxdesigners_1034978_exteriors_p_five_finger_pavilion_yxdesigners_1034978_exterior_3"", ""i_p_five_finger_pavilion_yxdesigners_1034978_exteriors_p_five_finger_pavilion_yxdesigners_1034978_p_five_finger_pavilion_yxdesigners_1034978_exteriors_p_five_finger_pavilion_yxdesigners_1034978_exterior_4"", ""i_p_five_finger_pavilion_yxdesigners_1034978_exteriors_p_five_finger_pavilion_yxdesigners_1034978_p_five_finger_pavilion_yxdesigners_1034978_exteriors_p_five_finger_pavilion_yxdesigners_1034978_exterior_5"", ""i_p_five_finger_pavilion_yxdesigners_1034978_interiors_p_five_finger_pavilion_yxdesigners_1034978_p_five_finger_pavilion_yxdesigners_1034978_interiors_p_five_finger_pavilion_yxdesigners_1034978_interior_1"", ""i_p_five_finger_pavilion_yxdesigners_1034978_interiors_p_five_finger_pavilion_yxdesigners_1034978_p_five_finger_pavilion_yxdesigners_1034978_interiors_p_five_finger_pavilion_yxdesigners_1034978_interior_2"", ""i_p_five_finger_pavilion_yxdesigners_1034978_interiors_p_five_finger_pavilion_yxdesigners_1034978_p_five_finger_pavilion_yxdesigners_1034978_interiors_p_five_finger_pavilion_yxdesigners_1034978_interior_3"", ""i_p_five_finger_pavilion_yxdesigners_1034978_interiors_p_five_finger_pavilion_yxdesigners_1034978_p_five_finger_pavilion_yxdesigners_1034978_interiors_p_five_finger_pavilion_yxdesigners_1034978_interior_4"", ""i_p_five_finger_pavilion_yxdesigners_1034978_interiors_p_five_finger_pavilion_yxdesigners_1034978_p_five_finger_pavilion_yxdesigners_1034978_interiors_p_five_finger_pavilion_yxdesigners_1034978_interior_5""]",,,"interiors,exteriors",,Yxdesigners,"The Five Finger Pavilion likely serves as a cultural or community space, designed to engage visitors with its unique architectural features.","Five Finger Pavilion,Yxdesigners,cultural center,architecture"
p_flower_on_hillside_community_library_st_1027318,Flower On Hillside Community Library St,,,library,,"[""i_p_flower_on_hillside_community_library_st_1027318_exteriors_p_flower_on_hillside_community_library_st_1027318_p_flower_on_hillside_community_library_st_1027318_exteriors_p_flower_on_hillside_community_library_st_1027318_exterior_1"", ""i_p_flower_on_hillside_community_library_st_1027318_exteriors_p_flower_on_hillside_community_library_st_1027318_p_flower_on_hillside_community_library_st_1027318_exteriors_p_flower_on_hillside_community_library_st_1027318_exterior_2"", ""i_p_flower_on_hillside_community_library_st_1027318_exteriors_p_flower_on_hillside_community_library_st_1027318_p_flower_on_hillside_community_library_st_1027318_exteriors_p_flower_on_hillside_community_library_st_1027318_exterior_3"", ""i_p_flower_on_hillside_community_library_st_1027318_exteriors_p_flower_on_hillside_community_library_st_1027318_p_flower_on_hillside_community_library_st_1027318_exteriors_p_flower_on_hillside_community_library_st_1027318_exterior_4"", ""i_p_flower_on_hillside_community_library_st_1027318_interiors_p_flower_on_hillside_community_library_st_1027318_p_flower_on_hillside_community_library_st_1027318_interiors_p_flower_on_hillside_community_library_st_1027318_interior_1"", ""i_p_flower_on_hillside_community_library_st_1027318_interiors_p_flower_on_hillside_community_library_st_1027318_p_flower_on_hillside_community_library_st_1027318_interiors_p_flower_on_hillside_community_library_st_1027318_interior_2"", ""i_p_flower_on_hillside_community_library_st_1027318_interiors_p_flower_on_hillside_community_library_st_1027318_p_flower_on_hillside_community_library_st_1027318_interiors_p_flower_on_hillside_community_library_st_1027318_interior_3"", ""i_p_flower_on_hillside_community_library_st_1027318_interiors_p_flower_on_hillside_community_library_st_1027318_p_flower_on_hillside_community_library_st_1027318_interiors_p_flower_on_hillside_community_library_st_1027318_interior_4"", ""i_p_flower_on_hillside_community_library_st_1027318_interiors_p_flower_on_hillside_community_library_st_1027318_p_flower_on_hillside_community_library_st_1027318_interiors_p_flower_on_hillside_community_library_st_1027318_interior_5""]",25.8176299,98.8567,"interiors,exteriors",,,"The project is likely a community library situated on a hillside, suggesting a focus on accessibility and integration with the natural landscape.","library,community,hillside,architecture,public building"
p_frihamnskyrkan_church_elding_oscarson_1025436,Frihamnskyrkan Church Elding Oscarson,Sweden,temperate,church,,"[""i_p_frihamnskyrkan_church_elding_oscarson_1025436_diagrams_p_frihamnskyrkan_church_elding_oscarson_1025436_p_frihamnskyrkan_church_elding_oscarson_1025436_diagrams_p_frihamnskyrkan_church_elding_oscarson_1025436_diagram_1"", ""i_p_frihamnskyrkan_church_elding_oscarson_1025436_diagrams_p_frihamnskyrkan_church_elding_oscarson_1025436_p_frihamnskyrkan_church_elding_oscarson_1025436_diagrams_p_frihamnskyrkan_church_elding_oscarson_1025436_diagram_2"", ""i_p_frihamnskyrkan_church_elding_oscarson_1025436_diagrams_p_frihamnskyrkan_church_elding_oscarson_1025436_p_frihamnskyrkan_church_elding_oscarson_1025436_diagrams_p_frihamnskyrkan_church_elding_oscarson_1025436_diagram_3"", ""i_p_frihamnskyrkan_church_elding_oscarson_1025436_exteriors_p_frihamnskyrkan_church_elding_oscarson_1025436_p_frihamnskyrkan_church_elding_oscarson_1025436_exteriors_p_frihamnskyrkan_church_elding_oscarson_1025436_exterior_1"", ""i_p_frihamnskyrkan_church_elding_oscarson_1025436_exteriors_p_frihamnskyrkan_church_elding_oscarson_1025436_p_frihamnskyrkan_church_elding_oscarson_1025436_exteriors_p_frihamnskyrkan_church_elding_oscarson_1025436_exterior_2"", ""i_p_frihamnskyrkan_church_elding_oscarson_1025436_exteriors_p_frihamnskyrkan_church_elding_oscarson_1025436_p_frihamnskyrkan_church_elding_oscarson_1025436_exteriors_p_frihamnskyrkan_church_elding_oscarson_1025436_exterior_3"", ""i_p_frihamnskyrkan_church_elding_oscarson_1025436_exteriors_p_frihamnskyrkan_church_elding_oscarson_1025436_p_frihamnskyrkan_church_elding_oscarson_1025436_exteriors_p_frihamnskyrkan_church_elding_oscarson_1025436_exterior_4"", ""i_p_frihamnskyrkan_church_elding_oscarson_1025436_exteriors_p_frihamnskyrkan_church_elding_oscarson_1025436_p_frihamnskyrkan_church_elding_oscarson_1025436_exteriors_p_frihamnskyrkan_church_elding_oscarson_1025436_exterior_5"", ""i_p_frihamnskyrkan_church_elding_oscarson_1025436_interiors_p_frihamnskyrkan_church_elding_oscarson_1025436_p_frihamnskyrkan_church_elding_oscarson_1025436_interiors_p_frihamnskyrkan_church_elding_oscarson_1025436_interior_1"", ""i_p_frihamnskyrkan_church_elding_oscarson_1025436_interiors_p_frihamnskyrkan_church_elding_oscarson_1025436_p_frihamnskyrkan_church_elding_oscarson_1025436_interiors_p_frihamnskyrkan_church_elding_oscarson_1025436_interior_2""]",57.70887,11.97456,"diagrams,interiors,exteriors",Gothenburg,Elding Oscarson,"Frihamnskyrkan is likely a church designed by the architectural firm Elding Oscarson, located in Gothenburg, Sweden.","church,Elding Oscarson,Gothenburg,Sweden,architecture"
p_gabrielle_roy_library_saucier_perrotte_a_1028861,Gabrielle Roy Library Saucier Perrotte A,Canada,continental,library,,"[""i_p_gabrielle_roy_library_saucier_perrotte_a_1028861_exteriors_p_gabrielle_roy_library_saucier_perrotte_a_1028861_p_gabrielle_roy_library_saucier_perrotte_a_1028861_exteriors_p_gabrielle_roy_library_saucier_perrotte_a_1028861_exterior_1"", ""i_p_gabrielle_roy_library_saucier_perrotte_a_1028861_exteriors_p_gabrielle_roy_library_saucier_perrotte_a_1028861_p_gabrielle_roy_library_saucier_perrotte_a_1028861_exteriors_p_gabrielle_roy_library_saucier_perrotte_a_1028861_exterior_2"", ""i_p_gabrielle_roy_library_saucier_perrotte_a_1028861_exteriors_p_gabrielle_roy_library_saucier_perrotte_a_1028861_p_gabrielle_roy_library_saucier_perrotte_a_1028861_exteriors_p_gabrielle_roy_library_saucier_perrotte_a_1028861_exterior_3"", ""i_p_gabrielle_roy_library_saucier_perrotte_a_1028861_exteriors_p_gabrielle_roy_library_saucier_perrotte_a_1028861_p_gabrielle_roy_library_saucier_perrotte_a_1028861_exteriors_p_gabrielle_roy_library_saucier_perrotte_a_1028861_exterior_4"", ""i_p_gabrielle_roy_library_saucier_perrotte_a_1028861_interiors_p_gabrielle_roy_library_saucier_perrotte_a_1028861_p_gabrielle_roy_library_saucier_perrotte_a_1028861_interiors_p_gabrielle_roy_library_saucier_perrotte_a_1028861_interior_1"", ""i_p_gabrielle_roy_library_saucier_perrotte_a_1028861_interiors_p_gabrielle_roy_library_saucier_perrotte_a_1028861_p_gabrielle_roy_library_saucier_perrotte_a_1028861_interiors_p_gabrielle_roy_library_saucier_perrotte_a_1028861_interior_2"", ""i_p_gabrielle_roy_library_saucier_perrotte_a_1028861_interiors_p_gabrielle_roy_library_saucier_perrotte_a_1028861_p_gabrielle_roy_library_saucier_perrotte_a_1028861_interiors_p_gabrielle_roy_library_saucier_perrotte_a_1028861_interior_3"", ""i_p_gabrielle_roy_library_saucier_perrotte_a_1028861_interiors_p_gabrielle_roy_library_saucier_perrotte_a_1028861_p_gabrielle_roy_library_saucier_perrotte_a_1028861_interiors_p_gabrielle_roy_library_saucier_perrotte_a_1028861_interior_4"", ""i_p_gabrielle_roy_library_saucier_perrotte_a_1028861_interiors_p_gabrielle_roy_library_saucier_perrotte_a_1028861_p_gabrielle_roy_library_saucier_perrotte_a_1028861_interiors_p_gabrielle_roy_library_saucier_perrotte_a_1028861_interior_5""]",46.8130816,-71.20745959999999,"interiors,exteriors",Quebec City,Saucier Perrotte,"The Gabrielle Roy Library is likely a public library designed by the architectural firm Saucier Perrotte, serving the community of Quebec City.","library,Saucier Perrotte,Gabrielle Roy,Quebec City,public library"
p_ganga_leheri_temple_abin_design_studio_1030472,Ganga Leheri Temple Abin Design Studio,India,tropical,temple,,"[""i_p_ganga_leheri_temple_abin_design_studio_1030472_diagrams_p_ganga_leheri_temple_abin_design_studio_1030472_p_ganga_leheri_temple_abin_design_studio_1030472_diagrams_p_ganga_leheri_temple_abin_design_studio_1030472_diagram_1"", ""i_p_ganga_leheri_temple_abin_design_studio_1030472_diagrams_p_ganga_leheri_temple_abin_design_studio_1030472_p_ganga_leheri_temple_abin_design_studio_1030472_diagrams_p_ganga_leheri_temple_abin_design_studio_1030472_diagram_2"", ""i_p_ganga_leheri_temple_abin_design_studio_1030472_diagrams_p_ganga_leheri_temple_abin_design_studio_1030472_p_ganga_leheri_temple_abin_design_studio_1030472_diagrams_p_ganga_leheri_temple_abin_design_studio_1030472_diagram_3"", ""i_p_ganga_leheri_temple_abin_design_studio_1030472_exteriors_p_ganga_leheri_temple_abin_design_studio_1030472_p_ganga_leheri_temple_abin_design_studio_1030472_exteriors_p_ganga_leheri_temple_abin_design_studio_1030472_exterior_1"", ""i_p_ganga_leheri_temple_abin_design_studio_1030472_exteriors_p_ganga_leheri_temple_abin_design_studio_1030472_p_ganga_leheri_temple_abin_design_studio_1030472_exteriors_p_ganga_leheri_temple_abin_design_studio_1030472_exterior_2"", ""i_p_ganga_leheri_temple_abin_design_studio_1030472_exteriors_p_ganga_leheri_temple_abin_design_studio_1030472_p_ganga_leheri_temple_abin_design_studio_1030472_exteriors_p_ganga_leheri_temple_abin_design_studio_1030472_exterior_3"", ""i_p_ganga_leheri_temple_abin_design_studio_1030472_exteriors_p_ganga_leheri_temple_abin_design_studio_1030472_p_ganga_leheri_temple_abin_design_studio_1030472_exteriors_p_ganga_leheri_temple_abin_design_studio_1030472_exterior_4"", ""i_p_ganga_leheri_temple_abin_design_studio_1030472_exteriors_p_ganga_leheri_temple_abin_design_studio_1030472_p_ganga_leheri_temple_abin_design_studio_1030472_exteriors_p_ganga_leheri_temple_abin_design_studio_1030472_exterior_5"", ""i_p_ganga_leheri_temple_abin_design_studio_1030472_interiors_p_ganga_leheri_temple_abin_design_studio_1030472_p_ganga_leheri_temple_abin_design_studio_1030472_interiors_p_ganga_leheri_temple_abin_design_studio_1030472_interior_1"", ""i_p_ganga_leheri_temple_abin_design_studio_1030472_interiors_p_ganga_leheri_temple_abin_design_studio_1030472_p_ganga_leheri_temple_abin_design_studio_1030472_interiors_p_ganga_leheri_temple_abin_design_studio_1030472_interior_2""]",22.2186797,88.12181710000002,"diagrams,interiors,exteriors",null,Abin Design Studio,"The Ganga Leheri Temple is likely a religious structure designed by Abin Design Studio, situated in a region influenced by the Ganges River.","temple,Ganga Leheri,Abin Design Studio,religious architecture,India"
p_gersthof_model_school_renovation_and_con_1034672,Gersthof Model School Renovation And Con,Austria,temperate,school,,"[""i_p_gersthof_model_school_renovation_and_con_1034672_diagrams_p_gersthof_model_school_renovation_and_con_1034672_p_gersthof_model_school_renovation_and_con_1034672_diagrams_p_gersthof_model_school_renovation_and_con_1034672_diagram_1"", ""i_p_gersthof_model_school_renovation_and_con_1034672_diagrams_p_gersthof_model_school_renovation_and_con_1034672_p_gersthof_model_school_renovation_and_con_1034672_diagrams_p_gersthof_model_school_renovation_and_con_1034672_diagram_2"", ""i_p_gersthof_model_school_renovation_and_con_1034672_diagrams_p_gersthof_model_school_renovation_and_con_1034672_p_gersthof_model_school_renovation_and_con_1034672_diagrams_p_gersthof_model_school_renovation_and_con_1034672_diagram_3"", ""i_p_gersthof_model_school_renovation_and_con_1034672_exteriors_p_gersthof_model_school_renovation_and_con_1034672_p_gersthof_model_school_renovation_and_con_1034672_exteriors_p_gersthof_model_school_renovation_and_con_1034672_exterior_1"", ""i_p_gersthof_model_school_renovation_and_con_1034672_exteriors_p_gersthof_model_school_renovation_and_con_1034672_p_gersthof_model_school_renovation_and_con_1034672_exteriors_p_gersthof_model_school_renovation_and_con_1034672_exterior_2"", ""i_p_gersthof_model_school_renovation_and_con_1034672_interiors_p_gersthof_model_school_renovation_and_con_1034672_p_gersthof_model_school_renovation_and_con_1034672_interiors_p_gersthof_model_school_renovation_and_con_1034672_interior_1"", ""i_p_gersthof_model_school_renovation_and_con_1034672_interiors_p_gersthof_model_school_renovation_and_con_1034672_p_gersthof_model_school_renovation_and_con_1034672_interiors_p_gersthof_model_school_renovation_and_con_1034672_interior_2"", ""i_p_gersthof_model_school_renovation_and_con_1034672_interiors_p_gersthof_model_school_renovation_and_con_1034672_p_gersthof_model_school_renovation_and_con_1034672_interiors_p_gersthof_model_school_renovation_and_con_1034672_interior_3"", ""i_p_gersthof_model_school_renovation_and_con_1034672_interiors_p_gersthof_model_school_renovation_and_con_1034672_p_gersthof_model_school_renovation_and_con_1034672_interiors_p_gersthof_model_school_renovation_and_con_1034672_interior_4"", ""i_p_gersthof_model_school_renovation_and_con_1034672_interiors_p_gersthof_model_school_renovation_and_con_1034672_p_gersthof_model_school_renovation_and_con_1034672_interiors_p_gersthof_model_school_renovation_and_con_1034672_interior_5""]",48.20806959999999,16.3713095,"diagrams,interiors,exteriors",Vienna,,"The Gersthof Model School Renovation project likely involves the refurbishment and modernization of an educational facility in Vienna, Austria.","school,renovation,education,Vienna,Austria"
p_gimle_4_student_housing_code_arkitektur_1034566,Gimle 4 Student Housing Code Arkitektur,Norway,temperate,housing,,"[""i_p_gimle_4_student_housing_code_arkitektur_1034566_diagrams_p_gimle_4_student_housing_code_arkitektur_1034566_p_gimle_4_student_housing_code_arkitektur_1034566_diagrams_p_gimle_4_student_housing_code_arkitektur_1034566_diagram_1"", ""i_p_gimle_4_student_housing_code_arkitektur_1034566_exteriors_p_gimle_4_student_housing_code_arkitektur_1034566_p_gimle_4_student_housing_code_arkitektur_1034566_exteriors_p_gimle_4_student_housing_code_arkitektur_1034566_exterior_1"", ""i_p_gimle_4_student_housing_code_arkitektur_1034566_exteriors_p_gimle_4_student_housing_code_arkitektur_1034566_p_gimle_4_student_housing_code_arkitektur_1034566_exteriors_p_gimle_4_student_housing_code_arkitektur_1034566_exterior_2"", ""i_p_gimle_4_student_housing_code_arkitektur_1034566_exteriors_p_gimle_4_student_housing_code_arkitektur_1034566_p_gimle_4_student_housing_code_arkitektur_1034566_exteriors_p_gimle_4_student_housing_code_arkitektur_1034566_exterior_3"", ""i_p_gimle_4_student_housing_code_arkitektur_1034566_exteriors_p_gimle_4_student_housing_code_arkitektur_1034566_p_gimle_4_student_housing_code_arkitektur_1034566_exteriors_p_gimle_4_student_housing_code_arkitektur_1034566_exterior_4"", ""i_p_gimle_4_student_housing_code_arkitektur_1034566_exteriors_p_gimle_4_student_housing_code_arkitektur_1034566_p_gimle_4_student_housing_code_arkitektur_1034566_exteriors_p_gimle_4_student_housing_code_arkitektur_1034566_exterior_5"", ""i_p_gimle_4_student_housing_code_arkitektur_1034566_interiors_p_gimle_4_student_housing_code_arkitektur_1034566_p_gimle_4_student_housing_code_arkitektur_1034566_interiors_p_gimle_4_student_housing_code_arkitektur_1034566_interior_1"", ""i_p_gimle_4_student_housing_code_arkitektur_1034566_interiors_p_gimle_4_student_housing_code_arkitektur_1034566_p_gimle_4_student_housing_code_arkitektur_1034566_interiors_p_gimle_4_student_housing_code_arkitektur_1034566_interior_2""]",59.9121746,10.7312704,"diagrams,interiors,exteriors",Oslo,Arkitektur,"Gimle 4 Student Housing is likely a residential building designed to accommodate students, focusing on functionality and community living.","student housing,residential,architecture,Oslo,Norway"
p_grentschel_school_extension_ahaa_1034558,Grentschel School Extension Ahaa,,,school,,"[""i_p_grentschel_school_extension_ahaa_1034558_exteriors_p_grentschel_school_extension_ahaa_1034558_p_grentschel_school_extension_ahaa_1034558_exteriors_p_grentschel_school_extension_ahaa_1034558_exterior_1"", ""i_p_grentschel_school_extension_ahaa_1034558_exteriors_p_grentschel_school_extension_ahaa_1034558_p_grentschel_school_extension_ahaa_1034558_exteriors_p_grentschel_school_extension_ahaa_1034558_exterior_2"", ""i_p_grentschel_school_extension_ahaa_1034558_exteriors_p_grentschel_school_extension_ahaa_1034558_p_grentschel_school_extension_ahaa_1034558_exteriors_p_grentschel_school_extension_ahaa_1034558_exterior_3"", ""i_p_grentschel_school_extension_ahaa_1034558_exteriors_p_grentschel_school_extension_ahaa_1034558_p_grentschel_school_extension_ahaa_1034558_exteriors_p_grentschel_school_extension_ahaa_1034558_exterior_4"", ""i_p_grentschel_school_extension_ahaa_1034558_exteriors_p_grentschel_school_extension_ahaa_1034558_p_grentschel_school_extension_ahaa_1034558_exteriors_p_grentschel_school_extension_ahaa_1034558_exterior_5"", ""i_p_grentschel_school_extension_ahaa_1034558_interiors_p_grentschel_school_extension_ahaa_1034558_p_grentschel_school_extension_ahaa_1034558_interiors_p_grentschel_school_extension_ahaa_1034558_interior_1"", ""i_p_grentschel_school_extension_ahaa_1034558_interiors_p_grentschel_school_extension_ahaa_1034558_p_grentschel_school_extension_ahaa_1034558_interiors_p_grentschel_school_extension_ahaa_1034558_interior_2"", ""i_p_grentschel_school_extension_ahaa_1034558_interiors_p_grentschel_school_extension_ahaa_1034558_p_grentschel_school_extension_ahaa_1034558_interiors_p_grentschel_school_extension_ahaa_1034558_interior_3"", ""i_p_grentschel_school_extension_ahaa_1034558_interiors_p_grentschel_school_extension_ahaa_1034558_p_grentschel_school_extension_ahaa_1034558_interiors_p_grentschel_school_extension_ahaa_1034558_interior_4"", ""i_p_grentschel_school_extension_ahaa_1034558_interiors_p_grentschel_school_extension_ahaa_1034558_p_grentschel_school_extension_ahaa_1034558_interiors_p_grentschel_school_extension_ahaa_1034558_interior_5""]",47.0746504,7.3077022,"interiors,exteriors",,,"The Grentschel School Extension Ahaa likely refers to an addition or expansion to an existing educational facility, aimed at accommodating more students or providing additional resources.","school,extension,education,building,Grentschel"
p_guir_y_ro_bocar_library_croixmariebourdo_1023026,Guir Y Ro Bocar Library Croixmariebourdo,,,library,,"[""i_p_guir_y_ro_bocar_library_croixmariebourdo_1023026_exteriors_p_guir_y_ro_bocar_library_croixmariebourdo_1023026_p_guir_y_ro_bocar_library_croixmariebourdo_1023026_exteriors_p_guir_y_ro_bocar_library_croixmariebourdo_1023026_exterior_1"", ""i_p_guir_y_ro_bocar_library_croixmariebourdo_1023026_exteriors_p_guir_y_ro_bocar_library_croixmariebourdo_1023026_p_guir_y_ro_bocar_library_croixmariebourdo_1023026_exteriors_p_guir_y_ro_bocar_library_croixmariebourdo_1023026_exterior_2"", ""i_p_guir_y_ro_bocar_library_croixmariebourdo_1023026_interiors_p_guir_y_ro_bocar_library_croixmariebourdo_1023026_p_guir_y_ro_bocar_library_croixmariebourdo_1023026_interiors_p_guir_y_ro_bocar_library_croixmariebourdo_1023026_interior_1"", ""i_p_guir_y_ro_bocar_library_croixmariebourdo_1023026_interiors_p_guir_y_ro_bocar_library_croixmariebourdo_1023026_p_guir_y_ro_bocar_library_croixmariebourdo_1023026_interiors_p_guir_y_ro_bocar_library_croixmariebourdo_1023026_interior_2""]",26.7734927,27.8139243,"interiors,exteriors",,,"The Guir Y Ro Bocar Library Croixmariebourdo is likely a public library designed to serve the local community, providing access to books, resources, and spaces for learning.","library,public space,community resource,education"
p_h_jvangen_church_henning_larsen_espen_su_1031123,H Jvangen Church Henning Larsen Espen Su,Denmark,temperate,church,,"[""i_p_h_jvangen_church_henning_larsen_espen_su_1031123_diagrams_p_h_jvangen_church_henning_larsen_espen_su_1031123_p_h_jvangen_church_henning_larsen_espen_su_1031123_diagrams_p_h_jvangen_church_henning_larsen_espen_su_1031123_diagram_1"", ""i_p_h_jvangen_church_henning_larsen_espen_su_1031123_exteriors_p_h_jvangen_church_henning_larsen_espen_su_1031123_p_h_jvangen_church_henning_larsen_espen_su_1031123_exteriors_p_h_jvangen_church_henning_larsen_espen_su_1031123_exterior_1"", ""i_p_h_jvangen_church_henning_larsen_espen_su_1031123_exteriors_p_h_jvangen_church_henning_larsen_espen_su_1031123_p_h_jvangen_church_henning_larsen_espen_su_1031123_exteriors_p_h_jvangen_church_henning_larsen_espen_su_1031123_exterior_2"", ""i_p_h_jvangen_church_henning_larsen_espen_su_1031123_exteriors_p_h_jvangen_church_henning_larsen_espen_su_1031123_p_h_jvangen_church_henning_larsen_espen_su_1031123_exteriors_p_h_jvangen_church_henning_larsen_espen_su_1031123_exterior_3"", ""i_p_h_jvangen_church_henning_larsen_espen_su_1031123_exteriors_p_h_jvangen_church_henning_larsen_espen_su_1031123_p_h_jvangen_church_henning_larsen_espen_su_1031123_exteriors_p_h_jvangen_church_henning_larsen_espen_su_1031123_exterior_4"", ""i_p_h_jvangen_church_henning_larsen_espen_su_1031123_exteriors_p_h_jvangen_church_henning_larsen_espen_su_1031123_p_h_jvangen_church_henning_larsen_espen_su_1031123_exteriors_p_h_jvangen_church_henning_larsen_espen_su_1031123_exterior_5"", ""i_p_h_jvangen_church_henning_larsen_espen_su_1031123_interiors_p_h_jvangen_church_henning_larsen_espen_su_1031123_p_h_jvangen_church_henning_larsen_espen_su_1031123_interiors_p_h_jvangen_church_henning_larsen_espen_su_1031123_interior_1"", ""i_p_h_jvangen_church_henning_larsen_espen_su_1031123_interiors_p_h_jvangen_church_henning_larsen_espen_su_1031123_p_h_jvangen_church_henning_larsen_espen_su_1031123_interiors_p_h_jvangen_church_henning_larsen_espen_su_1031123_interior_2"", ""i_p_h_jvangen_church_henning_larsen_espen_su_1031123_interiors_p_h_jvangen_church_henning_larsen_espen_su_1031123_p_h_jvangen_church_henning_larsen_espen_su_1031123_interiors_p_h_jvangen_church_henning_larsen_espen_su_1031123_interior_3"", ""i_p_h_jvangen_church_henning_larsen_espen_su_1031123_interiors_p_h_jvangen_church_henning_larsen_espen_su_1031123_p_h_jvangen_church_henning_larsen_espen_su_1031123_interiors_p_h_jvangen_church_henning_larsen_espen_su_1031123_interior_4"", ""i_p_h_jvangen_church_henning_larsen_espen_su_1031123_interiors_p_h_jvangen_church_henning_larsen_espen_su_1031123_p_h_jvangen_church_henning_larsen_espen_su_1031123_interiors_p_h_jvangen_church_henning_larsen_espen_su_1031123_interior_5""]",56.037247,9.9297989,"diagrams,interiors,exteriors",Henning,Henning Larsen,"H Jvangen Church is likely a religious building designed by the renowned architect Henning Larsen, potentially reflecting modern architectural principles.","church,Henning Larsen,architecture,Denmark,religious building"
p_h_l_ne_carr_re_d_encausse_school_archi5_1035464,H L Ne Carr Re D Encausse School Archi5,,,school,,"[""i_p_h_l_ne_carr_re_d_encausse_school_archi5_1035464_diagrams_p_h_l_ne_carr_re_d_encausse_school_archi5_1035464_p_h_l_ne_carr_re_d_encausse_school_archi5_1035464_diagrams_p_h_l_ne_carr_re_d_encausse_school_archi5_1035464_diagram_1"", ""i_p_h_l_ne_carr_re_d_encausse_school_archi5_1035464_diagrams_p_h_l_ne_carr_re_d_encausse_school_archi5_1035464_p_h_l_ne_carr_re_d_encausse_school_archi5_1035464_diagrams_p_h_l_ne_carr_re_d_encausse_school_archi5_1035464_diagram_2"", ""i_p_h_l_ne_carr_re_d_encausse_school_archi5_1035464_diagrams_p_h_l_ne_carr_re_d_encausse_school_archi5_1035464_p_h_l_ne_carr_re_d_encausse_school_archi5_1035464_diagrams_p_h_l_ne_carr_re_d_encausse_school_archi5_1035464_diagram_3"", ""i_p_h_l_ne_carr_re_d_encausse_school_archi5_1035464_exteriors_p_h_l_ne_carr_re_d_encausse_school_archi5_1035464_p_h_l_ne_carr_re_d_encausse_school_archi5_1035464_exteriors_p_h_l_ne_carr_re_d_encausse_school_archi5_1035464_exterior_1"", ""i_p_h_l_ne_carr_re_d_encausse_school_archi5_1035464_exteriors_p_h_l_ne_carr_re_d_encausse_school_archi5_1035464_p_h_l_ne_carr_re_d_encausse_school_archi5_1035464_exteriors_p_h_l_ne_carr_re_d_encausse_school_archi5_1035464_exterior_2"", ""i_p_h_l_ne_carr_re_d_encausse_school_archi5_1035464_exteriors_p_h_l_ne_carr_re_d_encausse_school_archi5_1035464_p_h_l_ne_carr_re_d_encausse_school_archi5_1035464_exteriors_p_h_l_ne_carr_re_d_encausse_school_archi5_1035464_exterior_3"", ""i_p_h_l_ne_carr_re_d_encausse_school_archi5_1035464_exteriors_p_h_l_ne_carr_re_d_encausse_school_archi5_1035464_p_h_l_ne_carr_re_d_encausse_school_archi5_1035464_exteriors_p_h_l_ne_carr_re_d_encausse_school_archi5_1035464_exterior_4"", ""i_p_h_l_ne_carr_re_d_encausse_school_archi5_1035464_exteriors_p_h_l_ne_carr_re_d_encausse_school_archi5_1035464_p_h_l_ne_carr_re_d_encausse_school_archi5_1035464_exteriors_p_h_l_ne_carr_re_d_encausse_school_archi5_1035464_exterior_5"", ""i_p_h_l_ne_carr_re_d_encausse_school_archi5_1035464_interiors_p_h_l_ne_carr_re_d_encausse_school_archi5_1035464_p_h_l_ne_carr_re_d_encausse_school_archi5_1035464_interiors_p_h_l_ne_carr_re_d_encausse_school_archi5_1035464_interior_1"", ""i_p_h_l_ne_carr_re_d_encausse_school_archi5_1035464_interiors_p_h_l_ne_carr_re_d_encausse_school_archi5_1035464_p_h_l_ne_carr_re_d_encausse_school_archi5_1035464_interiors_p_h_l_ne_carr_re_d_encausse_school_archi5_1035464_interior_2""]",50.3415759,3.5492228,"diagrams,interiors,exteriors",,,This project likely refers to a school building designed for educational purposes.,"school,education,architecture"
p_hadrovi_a_mosque_arhingin_enjering_1026861,Hadrovi A Mosque Arhingin Enjering,,,mosque,,"[""i_p_hadrovi_a_mosque_arhingin_enjering_1026861_diagrams_p_hadrovi_a_mosque_arhingin_enjering_1026861_p_hadrovi_a_mosque_arhingin_enjering_1026861_diagrams_p_hadrovi_a_mosque_arhingin_enjering_1026861_diagram_1"", ""i_p_hadrovi_a_mosque_arhingin_enjering_1026861_diagrams_p_hadrovi_a_mosque_arhingin_enjering_1026861_p_hadrovi_a_mosque_arhingin_enjering_1026861_diagrams_p_hadrovi_a_mosque_arhingin_enjering_1026861_diagram_2"", ""i_p_hadrovi_a_mosque_arhingin_enjering_1026861_diagrams_p_hadrovi_a_mosque_arhingin_enjering_1026861_p_hadrovi_a_mosque_arhingin_enjering_1026861_diagrams_p_hadrovi_a_mosque_arhingin_enjering_1026861_diagram_3"", ""i_p_hadrovi_a_mosque_arhingin_enjering_1026861_exteriors_p_hadrovi_a_mosque_arhingin_enjering_1026861_p_hadrovi_a_mosque_arhingin_enjering_1026861_exteriors_p_hadrovi_a_mosque_arhingin_enjering_1026861_exterior_1"", ""i_p_hadrovi_a_mosque_arhingin_enjering_1026861_exteriors_p_hadrovi_a_mosque_arhingin_enjering_1026861_p_hadrovi_a_mosque_arhingin_enjering_1026861_exteriors_p_hadrovi_a_mosque_arhingin_enjering_1026861_exterior_2"", ""i_p_hadrovi_a_mosque_arhingin_enjering_1026861_exteriors_p_hadrovi_a_mosque_arhingin_enjering_1026861_p_hadrovi_a_mosque_arhingin_enjering_1026861_exteriors_p_hadrovi_a_mosque_arhingin_enjering_1026861_exterior_3"", ""i_p_hadrovi_a_mosque_arhingin_enjering_1026861_exteriors_p_hadrovi_a_mosque_arhingin_enjering_1026861_p_hadrovi_a_mosque_arhingin_enjering_1026861_exteriors_p_hadrovi_a_mosque_arhingin_enjering_1026861_exterior_4"", ""i_p_hadrovi_a_mosque_arhingin_enjering_1026861_exteriors_p_hadrovi_a_mosque_arhingin_enjering_1026861_p_hadrovi_a_mosque_arhingin_enjering_1026861_exteriors_p_hadrovi_a_mosque_arhingin_enjering_1026861_exterior_5"", ""i_p_hadrovi_a_mosque_arhingin_enjering_1026861_interiors_p_hadrovi_a_mosque_arhingin_enjering_1026861_p_hadrovi_a_mosque_arhingin_enjering_1026861_interiors_p_hadrovi_a_mosque_arhingin_enjering_1026861_interior_1"", ""i_p_hadrovi_a_mosque_arhingin_enjering_1026861_interiors_p_hadrovi_a_mosque_arhingin_enjering_1026861_p_hadrovi_a_mosque_arhingin_enjering_1026861_interiors_p_hadrovi_a_mosque_arhingin_enjering_1026861_interior_2"", ""i_p_hadrovi_a_mosque_arhingin_enjering_1026861_interiors_p_hadrovi_a_mosque_arhingin_enjering_1026861_p_hadrovi_a_mosque_arhingin_enjering_1026861_interiors_p_hadrovi_a_mosque_arhingin_enjering_1026861_interior_3"", ""i_p_hadrovi_a_mosque_arhingin_enjering_1026861_interiors_p_hadrovi_a_mosque_arhingin_enjering_1026861_p_hadrovi_a_mosque_arhingin_enjering_1026861_interiors_p_hadrovi_a_mosque_arhingin_enjering_1026861_interior_4"", ""i_p_hadrovi_a_mosque_arhingin_enjering_1026861_interiors_p_hadrovi_a_mosque_arhingin_enjering_1026861_p_hadrovi_a_mosque_arhingin_enjering_1026861_interiors_p_hadrovi_a_mosque_arhingin_enjering_1026861_interior_5""]",42.4304196,19.2593642,"diagrams,interiors,exteriors",,,"The project likely involves the design or construction of a mosque, focusing on architectural engineering aspects.","mosque,architecture,engineering,Hadrovi A"
p_hagen_house_nendeln_cukrowicz_nachbaur_a_1034624,Hagen House Nendeln Cukrowicz Nachbaur A,Liechtenstein,temperate,housing,,"[""i_p_hagen_house_nendeln_cukrowicz_nachbaur_a_1034624_exteriors_p_hagen_house_nendeln_cukrowicz_nachbaur_a_1034624_p_hagen_house_nendeln_cukrowicz_nachbaur_a_1034624_exteriors_p_hagen_house_nendeln_cukrowicz_nachbaur_a_1034624_exterior_1"", ""i_p_hagen_house_nendeln_cukrowicz_nachbaur_a_1034624_exteriors_p_hagen_house_nendeln_cukrowicz_nachbaur_a_1034624_p_hagen_house_nendeln_cukrowicz_nachbaur_a_1034624_exteriors_p_hagen_house_nendeln_cukrowicz_nachbaur_a_1034624_exterior_2"", ""i_p_hagen_house_nendeln_cukrowicz_nachbaur_a_1034624_exteriors_p_hagen_house_nendeln_cukrowicz_nachbaur_a_1034624_p_hagen_house_nendeln_cukrowicz_nachbaur_a_1034624_exteriors_p_hagen_house_nendeln_cukrowicz_nachbaur_a_1034624_exterior_3"", ""i_p_hagen_house_nendeln_cukrowicz_nachbaur_a_1034624_exteriors_p_hagen_house_nendeln_cukrowicz_nachbaur_a_1034624_p_hagen_house_nendeln_cukrowicz_nachbaur_a_1034624_exteriors_p_hagen_house_nendeln_cukrowicz_nachbaur_a_1034624_exterior_4"", ""i_p_hagen_house_nendeln_cukrowicz_nachbaur_a_1034624_exteriors_p_hagen_house_nendeln_cukrowicz_nachbaur_a_1034624_p_hagen_house_nendeln_cukrowicz_nachbaur_a_1034624_exteriors_p_hagen_house_nendeln_cukrowicz_nachbaur_a_1034624_exterior_5"", ""i_p_hagen_house_nendeln_cukrowicz_nachbaur_a_1034624_interiors_p_hagen_house_nendeln_cukrowicz_nachbaur_a_1034624_p_hagen_house_nendeln_cukrowicz_nachbaur_a_1034624_interiors_p_hagen_house_nendeln_cukrowicz_nachbaur_a_1034624_interior_1"", ""i_p_hagen_house_nendeln_cukrowicz_nachbaur_a_1034624_interiors_p_hagen_house_nendeln_cukrowicz_nachbaur_a_1034624_p_hagen_house_nendeln_cukrowicz_nachbaur_a_1034624_interiors_p_hagen_house_nendeln_cukrowicz_nachbaur_a_1034624_interior_2"", ""i_p_hagen_house_nendeln_cukrowicz_nachbaur_a_1034624_interiors_p_hagen_house_nendeln_cukrowicz_nachbaur_a_1034624_p_hagen_house_nendeln_cukrowicz_nachbaur_a_1034624_interiors_p_hagen_house_nendeln_cukrowicz_nachbaur_a_1034624_interior_3"", ""i_p_hagen_house_nendeln_cukrowicz_nachbaur_a_1034624_interiors_p_hagen_house_nendeln_cukrowicz_nachbaur_a_1034624_p_hagen_house_nendeln_cukrowicz_nachbaur_a_1034624_interiors_p_hagen_house_nendeln_cukrowicz_nachbaur_a_1034624_interior_4"", ""i_p_hagen_house_nendeln_cukrowicz_nachbaur_a_1034624_interiors_p_hagen_house_nendeln_cukrowicz_nachbaur_a_1034624_p_hagen_house_nendeln_cukrowicz_nachbaur_a_1034624_interiors_p_hagen_house_nendeln_cukrowicz_nachbaur_a_1034624_interior_5""]",47.198561,9.5430598,"interiors,exteriors",Nendeln,Cukrowicz Nachbaur,"The Hagen House is likely a residential building designed by the architectural firm Cukrowicz Nachbaur, situated in Nendeln, Liechtenstein.","Hagen House,residential,Cukrowicz Nachbaur,Nendeln,architecture"
p_haksanjae_private_library_and_residence_1032024,Haksanjae Private Library And Residence,South Korea,temperate,library,,"[""i_p_haksanjae_private_library_and_residence_1032024_diagrams_p_haksanjae_private_library_and_residence_1032024_p_haksanjae_private_library_and_residence_1032024_diagrams_p_haksanjae_private_library_and_residence_1032024_diagram_1"", ""i_p_haksanjae_private_library_and_residence_1032024_diagrams_p_haksanjae_private_library_and_residence_1032024_p_haksanjae_private_library_and_residence_1032024_diagrams_p_haksanjae_private_library_and_residence_1032024_diagram_2"", ""i_p_haksanjae_private_library_and_residence_1032024_diagrams_p_haksanjae_private_library_and_residence_1032024_p_haksanjae_private_library_and_residence_1032024_diagrams_p_haksanjae_private_library_and_residence_1032024_diagram_3"", ""i_p_haksanjae_private_library_and_residence_1032024_exteriors_p_haksanjae_private_library_and_residence_1032024_p_haksanjae_private_library_and_residence_1032024_exteriors_p_haksanjae_private_library_and_residence_1032024_exterior_1"", ""i_p_haksanjae_private_library_and_residence_1032024_exteriors_p_haksanjae_private_library_and_residence_1032024_p_haksanjae_private_library_and_residence_1032024_exteriors_p_haksanjae_private_library_and_residence_1032024_exterior_2"", ""i_p_haksanjae_private_library_and_residence_1032024_exteriors_p_haksanjae_private_library_and_residence_1032024_p_haksanjae_private_library_and_residence_1032024_exteriors_p_haksanjae_private_library_and_residence_1032024_exterior_3"", ""i_p_haksanjae_private_library_and_residence_1032024_exteriors_p_haksanjae_private_library_and_residence_1032024_p_haksanjae_private_library_and_residence_1032024_exteriors_p_haksanjae_private_library_and_residence_1032024_exterior_4"", ""i_p_haksanjae_private_library_and_residence_1032024_exteriors_p_haksanjae_private_library_and_residence_1032024_p_haksanjae_private_library_and_residence_1032024_exteriors_p_haksanjae_private_library_and_residence_1032024_exterior_5"", ""i_p_haksanjae_private_library_and_residence_1032024_interiors_p_haksanjae_private_library_and_residence_1032024_p_haksanjae_private_library_and_residence_1032024_interiors_p_haksanjae_private_library_and_residence_1032024_interior_1"", ""i_p_haksanjae_private_library_and_residence_1032024_interiors_p_haksanjae_private_library_and_residence_1032024_p_haksanjae_private_library_and_residence_1032024_interiors_p_haksanjae_private_library_and_residence_1032024_interior_2"", ""i_p_haksanjae_private_library_and_residence_1032024_interiors_p_haksanjae_private_library_and_residence_1032024_p_haksanjae_private_library_and_residence_1032024_interiors_p_haksanjae_private_library_and_residence_1032024_interior_3"", ""i_p_haksanjae_private_library_and_residence_1032024_interiors_p_haksanjae_private_library_and_residence_1032024_p_haksanjae_private_library_and_residence_1032024_interiors_p_haksanjae_private_library_and_residence_1032024_interior_4"", ""i_p_haksanjae_private_library_and_residence_1032024_interiors_p_haksanjae_private_library_and_residence_1032024_p_haksanjae_private_library_and_residence_1032024_interiors_p_haksanjae_private_library_and_residence_1032024_interior_5""]",37.7563022,128.8990843,"diagrams,interiors,exteriors",,,"Haksanjae Private Library And Residence likely serves as a personal library integrated with a living space, emphasizing a blend of private and public reading areas.","library,residence,private,Haksanjae,architecture"
p_haus_der_digitalisierung_tulln_kronaus_m_1022449,Haus Der Digitalisierung Tulln Kronaus M,Austria,temperate,cultural center,,"[""i_p_haus_der_digitalisierung_tulln_kronaus_m_1022449_diagrams_p_haus_der_digitalisierung_tulln_kronaus_m_1022449_p_haus_der_digitalisierung_tulln_kronaus_m_1022449_diagrams_p_haus_der_digitalisierung_tulln_kronaus_m_1022449_diagram_1"", ""i_p_haus_der_digitalisierung_tulln_kronaus_m_1022449_diagrams_p_haus_der_digitalisierung_tulln_kronaus_m_1022449_p_haus_der_digitalisierung_tulln_kronaus_m_1022449_diagrams_p_haus_der_digitalisierung_tulln_kronaus_m_1022449_diagram_2"", ""i_p_haus_der_digitalisierung_tulln_kronaus_m_1022449_diagrams_p_haus_der_digitalisierung_tulln_kronaus_m_1022449_p_haus_der_digitalisierung_tulln_kronaus_m_1022449_diagrams_p_haus_der_digitalisierung_tulln_kronaus_m_1022449_diagram_3"", ""i_p_haus_der_digitalisierung_tulln_kronaus_m_1022449_exteriors_p_haus_der_digitalisierung_tulln_kronaus_m_1022449_p_haus_der_digitalisierung_tulln_kronaus_m_1022449_exteriors_p_haus_der_digitalisierung_tulln_kronaus_m_1022449_exterior_1"", ""i_p_haus_der_digitalisierung_tulln_kronaus_m_1022449_exteriors_p_haus_der_digitalisierung_tulln_kronaus_m_1022449_p_haus_der_digitalisierung_tulln_kronaus_m_1022449_exteriors_p_haus_der_digitalisierung_tulln_kronaus_m_1022449_exterior_2"", ""i_p_haus_der_digitalisierung_tulln_kronaus_m_1022449_exteriors_p_haus_der_digitalisierung_tulln_kronaus_m_1022449_p_haus_der_digitalisierung_tulln_kronaus_m_1022449_exteriors_p_haus_der_digitalisierung_tulln_kronaus_m_1022449_exterior_3"", ""i_p_haus_der_digitalisierung_tulln_kronaus_m_1022449_exteriors_p_haus_der_digitalisierung_tulln_kronaus_m_1022449_p_haus_der_digitalisierung_tulln_kronaus_m_1022449_exteriors_p_haus_der_digitalisierung_tulln_kronaus_m_1022449_exterior_4"", ""i_p_haus_der_digitalisierung_tulln_kronaus_m_1022449_exteriors_p_haus_der_digitalisierung_tulln_kronaus_m_1022449_p_haus_der_digitalisierung_tulln_kronaus_m_1022449_exteriors_p_haus_der_digitalisierung_tulln_kronaus_m_1022449_exterior_5"", ""i_p_haus_der_digitalisierung_tulln_kronaus_m_1022449_interiors_p_haus_der_digitalisierung_tulln_kronaus_m_1022449_p_haus_der_digitalisierung_tulln_kronaus_m_1022449_interiors_p_haus_der_digitalisierung_tulln_kronaus_m_1022449_interior_1"", ""i_p_haus_der_digitalisierung_tulln_kronaus_m_1022449_interiors_p_haus_der_digitalisierung_tulln_kronaus_m_1022449_p_haus_der_digitalisierung_tulln_kronaus_m_1022449_interiors_p_haus_der_digitalisierung_tulln_kronaus_m_1022449_interior_2""]",48.3314949,16.060737,"diagrams,interiors,exteriors",Tulln,Kronaus M,"Haus Der Digitalisierung likely serves as a cultural center focused on digital innovation and technology in Tulln, Austria.","Haus Der Digitalisierung,Tulln,cultural center,digitalization,Austria"
p_hiraya_pavilion_in_sapporo_ykaa_1035509,Hiraya Pavilion In Sapporo Ykaa,Japan,continental,cultural center,,"[""i_p_hiraya_pavilion_in_sapporo_ykaa_1035509_diagrams_p_hiraya_pavilion_in_sapporo_ykaa_1035509_p_hiraya_pavilion_in_sapporo_ykaa_1035509_diagrams_p_hiraya_pavilion_in_sapporo_ykaa_1035509_diagram_1"", ""i_p_hiraya_pavilion_in_sapporo_ykaa_1035509_exteriors_p_hiraya_pavilion_in_sapporo_ykaa_1035509_p_hiraya_pavilion_in_sapporo_ykaa_1035509_exteriors_p_hiraya_pavilion_in_sapporo_ykaa_1035509_exterior_1"", ""i_p_hiraya_pavilion_in_sapporo_ykaa_1035509_exteriors_p_hiraya_pavilion_in_sapporo_ykaa_1035509_p_hiraya_pavilion_in_sapporo_ykaa_1035509_exteriors_p_hiraya_pavilion_in_sapporo_ykaa_1035509_exterior_2"", ""i_p_hiraya_pavilion_in_sapporo_ykaa_1035509_interiors_p_hiraya_pavilion_in_sapporo_ykaa_1035509_p_hiraya_pavilion_in_sapporo_ykaa_1035509_interiors_p_hiraya_pavilion_in_sapporo_ykaa_1035509_interior_1"", ""i_p_hiraya_pavilion_in_sapporo_ykaa_1035509_interiors_p_hiraya_pavilion_in_sapporo_ykaa_1035509_p_hiraya_pavilion_in_sapporo_ykaa_1035509_interiors_p_hiraya_pavilion_in_sapporo_ykaa_1035509_interior_2"", ""i_p_hiraya_pavilion_in_sapporo_ykaa_1035509_interiors_p_hiraya_pavilion_in_sapporo_ykaa_1035509_p_hiraya_pavilion_in_sapporo_ykaa_1035509_interiors_p_hiraya_pavilion_in_sapporo_ykaa_1035509_interior_3"", ""i_p_hiraya_pavilion_in_sapporo_ykaa_1035509_interiors_p_hiraya_pavilion_in_sapporo_ykaa_1035509_p_hiraya_pavilion_in_sapporo_ykaa_1035509_interiors_p_hiraya_pavilion_in_sapporo_ykaa_1035509_interior_4"", ""i_p_hiraya_pavilion_in_sapporo_ykaa_1035509_interiors_p_hiraya_pavilion_in_sapporo_ykaa_1035509_p_hiraya_pavilion_in_sapporo_ykaa_1035509_interiors_p_hiraya_pavilion_in_sapporo_ykaa_1035509_interior_5""]",43.0617713,141.3544506,"diagrams,interiors,exteriors",Sapporo,,"Hiraya Pavilion is likely a cultural space or exhibition area located in Sapporo, Japan, designed to engage the community and showcase local culture.","Hiraya Pavilion,Sapporo,cultural center,architecture,Japan"
p_hortensia_herrero_art_center_erre_1013611,Hortensia Herrero Art Center Erre,Spain,temperate,cultural center,,"[""i_p_hortensia_herrero_art_center_erre_1013611_diagrams_p_hortensia_herrero_art_center_erre_1013611_p_hortensia_herrero_art_center_erre_1013611_diagrams_p_hortensia_herrero_art_center_erre_1013611_diagram_1"", ""i_p_hortensia_herrero_art_center_erre_1013611_diagrams_p_hortensia_herrero_art_center_erre_1013611_p_hortensia_herrero_art_center_erre_1013611_diagrams_p_hortensia_herrero_art_center_erre_1013611_diagram_2"", ""i_p_hortensia_herrero_art_center_erre_1013611_diagrams_p_hortensia_herrero_art_center_erre_1013611_p_hortensia_herrero_art_center_erre_1013611_diagrams_p_hortensia_herrero_art_center_erre_1013611_diagram_3"", ""i_p_hortensia_herrero_art_center_erre_1013611_exteriors_p_hortensia_herrero_art_center_erre_1013611_p_hortensia_herrero_art_center_erre_1013611_exteriors_p_hortensia_herrero_art_center_erre_1013611_exterior_1"", ""i_p_hortensia_herrero_art_center_erre_1013611_exteriors_p_hortensia_herrero_art_center_erre_1013611_p_hortensia_herrero_art_center_erre_1013611_exteriors_p_hortensia_herrero_art_center_erre_1013611_exterior_2"", ""i_p_hortensia_herrero_art_center_erre_1013611_interiors_p_hortensia_herrero_art_center_erre_1013611_p_hortensia_herrero_art_center_erre_1013611_interiors_p_hortensia_herrero_art_center_erre_1013611_interior_1"", ""i_p_hortensia_herrero_art_center_erre_1013611_interiors_p_hortensia_herrero_art_center_erre_1013611_p_hortensia_herrero_art_center_erre_1013611_interiors_p_hortensia_herrero_art_center_erre_1013611_interior_2"", ""i_p_hortensia_herrero_art_center_erre_1013611_interiors_p_hortensia_herrero_art_center_erre_1013611_p_hortensia_herrero_art_center_erre_1013611_interiors_p_hortensia_herrero_art_center_erre_1013611_interior_3"", ""i_p_hortensia_herrero_art_center_erre_1013611_interiors_p_hortensia_herrero_art_center_erre_1013611_p_hortensia_herrero_art_center_erre_1013611_interiors_p_hortensia_herrero_art_center_erre_1013611_interior_4"", ""i_p_hortensia_herrero_art_center_erre_1013611_interiors_p_hortensia_herrero_art_center_erre_1013611_p_hortensia_herrero_art_center_erre_1013611_interiors_p_hortensia_herrero_art_center_erre_1013611_interior_5""]",39.4738338,-0.3756348,"diagrams,interiors,exteriors",Valencia,Hortensia Herrero,"The Hortensia Herrero Art Center Erre is likely a cultural center dedicated to the arts, named after its architect or benefactor, Hortensia Herrero.","art center,cultural center,Hortensia Herrero,Valencia,Spain"
p_huanglong_mountain_zisha_mineral_source_1023799,Huanglong Mountain Zisha Mineral Source,China,temperate,,,"[""i_p_huanglong_mountain_zisha_mineral_source_1023799_diagrams_p_huanglong_mountain_zisha_mineral_source_1023799_p_huanglong_mountain_zisha_mineral_source_1023799_diagrams_p_huanglong_mountain_zisha_mineral_source_1023799_diagram_1"", ""i_p_huanglong_mountain_zisha_mineral_source_1023799_diagrams_p_huanglong_mountain_zisha_mineral_source_1023799_p_huanglong_mountain_zisha_mineral_source_1023799_diagrams_p_huanglong_mountain_zisha_mineral_source_1023799_diagram_2"", ""i_p_huanglong_mountain_zisha_mineral_source_1023799_diagrams_p_huanglong_mountain_zisha_mineral_source_1023799_p_huanglong_mountain_zisha_mineral_source_1023799_diagrams_p_huanglong_mountain_zisha_mineral_source_1023799_diagram_3"", ""i_p_huanglong_mountain_zisha_mineral_source_1023799_exteriors_p_huanglong_mountain_zisha_mineral_source_1023799_p_huanglong_mountain_zisha_mineral_source_1023799_exteriors_p_huanglong_mountain_zisha_mineral_source_1023799_exterior_1"", ""i_p_huanglong_mountain_zisha_mineral_source_1023799_exteriors_p_huanglong_mountain_zisha_mineral_source_1023799_p_huanglong_mountain_zisha_mineral_source_1023799_exteriors_p_huanglong_mountain_zisha_mineral_source_1023799_exterior_2"", ""i_p_huanglong_mountain_zisha_mineral_source_1023799_exteriors_p_huanglong_mountain_zisha_mineral_source_1023799_p_huanglong_mountain_zisha_mineral_source_1023799_exteriors_p_huanglong_mountain_zisha_mineral_source_1023799_exterior_3"", ""i_p_huanglong_mountain_zisha_mineral_source_1023799_exteriors_p_huanglong_mountain_zisha_mineral_source_1023799_p_huanglong_mountain_zisha_mineral_source_1023799_exteriors_p_huanglong_mountain_zisha_mineral_source_1023799_exterior_4"", ""i_p_huanglong_mountain_zisha_mineral_source_1023799_exteriors_p_huanglong_mountain_zisha_mineral_source_1023799_p_huanglong_mountain_zisha_mineral_source_1023799_exteriors_p_huanglong_mountain_zisha_mineral_source_1023799_exterior_5"", ""i_p_huanglong_mountain_zisha_mineral_source_1023799_interiors_p_huanglong_mountain_zisha_mineral_source_1023799_p_huanglong_mountain_zisha_mineral_source_1023799_interiors_p_huanglong_mountain_zisha_mineral_source_1023799_interior_1"", ""i_p_huanglong_mountain_zisha_mineral_source_1023799_interiors_p_huanglong_mountain_zisha_mineral_source_1023799_p_huanglong_mountain_zisha_mineral_source_1023799_interiors_p_huanglong_mountain_zisha_mineral_source_1023799_interior_2"", ""i_p_huanglong_mountain_zisha_mineral_source_1023799_interiors_p_huanglong_mountain_zisha_mineral_source_1023799_p_huanglong_mountain_zisha_mineral_source_1023799_interiors_p_huanglong_mountain_zisha_mineral_source_1023799_interior_3""]",31.4909899,120.31237,"diagrams,interiors,exteriors",,,"The Huanglong Mountain Zisha Mineral Source likely refers to a facility or site related to the extraction or processing of Zisha mineral resources, possibly incorporating elements of natural landscape and mineralogy.","Huanglong Mountain,Zisha,mineral source,China,natural resources"
p_iljuk_presbyterian_church_oh_jongsang_1027121,Iljuk Presbyterian Church Oh Jongsang,South Korea,temperate,church,,"[""i_p_iljuk_presbyterian_church_oh_jongsang_1027121_diagrams_p_iljuk_presbyterian_church_oh_jongsang_1027121_p_iljuk_presbyterian_church_oh_jongsang_1027121_diagrams_p_iljuk_presbyterian_church_oh_jongsang_1027121_diagram_1"", ""i_p_iljuk_presbyterian_church_oh_jongsang_1027121_diagrams_p_iljuk_presbyterian_church_oh_jongsang_1027121_p_iljuk_presbyterian_church_oh_jongsang_1027121_diagrams_p_iljuk_presbyterian_church_oh_jongsang_1027121_diagram_2"", ""i_p_iljuk_presbyterian_church_oh_jongsang_1027121_diagrams_p_iljuk_presbyterian_church_oh_jongsang_1027121_p_iljuk_presbyterian_church_oh_jongsang_1027121_diagrams_p_iljuk_presbyterian_church_oh_jongsang_1027121_diagram_3"", ""i_p_iljuk_presbyterian_church_oh_jongsang_1027121_exteriors_p_iljuk_presbyterian_church_oh_jongsang_1027121_p_iljuk_presbyterian_church_oh_jongsang_1027121_exteriors_p_iljuk_presbyterian_church_oh_jongsang_1027121_exterior_1"", ""i_p_iljuk_presbyterian_church_oh_jongsang_1027121_exteriors_p_iljuk_presbyterian_church_oh_jongsang_1027121_p_iljuk_presbyterian_church_oh_jongsang_1027121_exteriors_p_iljuk_presbyterian_church_oh_jongsang_1027121_exterior_2"", ""i_p_iljuk_presbyterian_church_oh_jongsang_1027121_exteriors_p_iljuk_presbyterian_church_oh_jongsang_1027121_p_iljuk_presbyterian_church_oh_jongsang_1027121_exteriors_p_iljuk_presbyterian_church_oh_jongsang_1027121_exterior_3"", ""i_p_iljuk_presbyterian_church_oh_jongsang_1027121_exteriors_p_iljuk_presbyterian_church_oh_jongsang_1027121_p_iljuk_presbyterian_church_oh_jongsang_1027121_exteriors_p_iljuk_presbyterian_church_oh_jongsang_1027121_exterior_4"", ""i_p_iljuk_presbyterian_church_oh_jongsang_1027121_exteriors_p_iljuk_presbyterian_church_oh_jongsang_1027121_p_iljuk_presbyterian_church_oh_jongsang_1027121_exteriors_p_iljuk_presbyterian_church_oh_jongsang_1027121_exterior_5"", ""i_p_iljuk_presbyterian_church_oh_jongsang_1027121_interiors_p_iljuk_presbyterian_church_oh_jongsang_1027121_p_iljuk_presbyterian_church_oh_jongsang_1027121_interiors_p_iljuk_presbyterian_church_oh_jongsang_1027121_interior_1"", ""i_p_iljuk_presbyterian_church_oh_jongsang_1027121_interiors_p_iljuk_presbyterian_church_oh_jongsang_1027121_p_iljuk_presbyterian_church_oh_jongsang_1027121_interiors_p_iljuk_presbyterian_church_oh_jongsang_1027121_interior_2"", ""i_p_iljuk_presbyterian_church_oh_jongsang_1027121_interiors_p_iljuk_presbyterian_church_oh_jongsang_1027121_p_iljuk_presbyterian_church_oh_jongsang_1027121_interiors_p_iljuk_presbyterian_church_oh_jongsang_1027121_interior_3""]",35.907757,127.766922,"diagrams,interiors,exteriors",,Oh Jongsang,"Iljuk Presbyterian Church is likely a place of worship designed for the Presbyterian community, reflecting the architectural style and cultural significance of churches in South Korea.","church,Presbyterian,architecture,Oh Jongsang,South Korea"
p_inglewood_bird_sanctuary_expansion_the_m_1035158,Inglewood Bird Sanctuary Expansion The M,Canada,continental,cultural center,,"[""i_p_inglewood_bird_sanctuary_expansion_the_m_1035158_exteriors_p_inglewood_bird_sanctuary_expansion_the_m_1035158_p_inglewood_bird_sanctuary_expansion_the_m_1035158_exteriors_p_inglewood_bird_sanctuary_expansion_the_m_1035158_exterior_1"", ""i_p_inglewood_bird_sanctuary_expansion_the_m_1035158_exteriors_p_inglewood_bird_sanctuary_expansion_the_m_1035158_p_inglewood_bird_sanctuary_expansion_the_m_1035158_exteriors_p_inglewood_bird_sanctuary_expansion_the_m_1035158_exterior_2"", ""i_p_inglewood_bird_sanctuary_expansion_the_m_1035158_interiors_p_inglewood_bird_sanctuary_expansion_the_m_1035158_p_inglewood_bird_sanctuary_expansion_the_m_1035158_interiors_p_inglewood_bird_sanctuary_expansion_the_m_1035158_interior_1"", ""i_p_inglewood_bird_sanctuary_expansion_the_m_1035158_interiors_p_inglewood_bird_sanctuary_expansion_the_m_1035158_p_inglewood_bird_sanctuary_expansion_the_m_1035158_interiors_p_inglewood_bird_sanctuary_expansion_the_m_1035158_interior_2""]",51.04473309999999,-114.0718831,"interiors,exteriors",Inglewood,,The Inglewood Bird Sanctuary Expansion likely involves the development of additional facilities or enhancements to an existing sanctuary dedicated to bird conservation and education.,"Inglewood,bird sanctuary,expansion,wildlife,conservation"
p_intervention_of_the_yulin_courtyard_hous_1021229,Intervention Of The Yulin Courtyard Hous,China,tropical,housing,,"[""i_p_intervention_of_the_yulin_courtyard_hous_1021229_diagrams_p_intervention_of_the_yulin_courtyard_hous_1021229_p_intervention_of_the_yulin_courtyard_hous_1021229_diagrams_p_intervention_of_the_yulin_courtyard_hous_1021229_diagram_1"", ""i_p_intervention_of_the_yulin_courtyard_hous_1021229_diagrams_p_intervention_of_the_yulin_courtyard_hous_1021229_p_intervention_of_the_yulin_courtyard_hous_1021229_diagrams_p_intervention_of_the_yulin_courtyard_hous_1021229_diagram_2"", ""i_p_intervention_of_the_yulin_courtyard_hous_1021229_diagrams_p_intervention_of_the_yulin_courtyard_hous_1021229_p_intervention_of_the_yulin_courtyard_hous_1021229_diagrams_p_intervention_of_the_yulin_courtyard_hous_1021229_diagram_3"", ""i_p_intervention_of_the_yulin_courtyard_hous_1021229_exteriors_p_intervention_of_the_yulin_courtyard_hous_1021229_p_intervention_of_the_yulin_courtyard_hous_1021229_exteriors_p_intervention_of_the_yulin_courtyard_hous_1021229_exterior_1"", ""i_p_intervention_of_the_yulin_courtyard_hous_1021229_exteriors_p_intervention_of_the_yulin_courtyard_hous_1021229_p_intervention_of_the_yulin_courtyard_hous_1021229_exteriors_p_intervention_of_the_yulin_courtyard_hous_1021229_exterior_2"", ""i_p_intervention_of_the_yulin_courtyard_hous_1021229_exteriors_p_intervention_of_the_yulin_courtyard_hous_1021229_p_intervention_of_the_yulin_courtyard_hous_1021229_exteriors_p_intervention_of_the_yulin_courtyard_hous_1021229_exterior_3"", ""i_p_intervention_of_the_yulin_courtyard_hous_1021229_exteriors_p_intervention_of_the_yulin_courtyard_hous_1021229_p_intervention_of_the_yulin_courtyard_hous_1021229_exteriors_p_intervention_of_the_yulin_courtyard_hous_1021229_exterior_4"", ""i_p_intervention_of_the_yulin_courtyard_hous_1021229_exteriors_p_intervention_of_the_yulin_courtyard_hous_1021229_p_intervention_of_the_yulin_courtyard_hous_1021229_exteriors_p_intervention_of_the_yulin_courtyard_hous_1021229_exterior_5"", ""i_p_intervention_of_the_yulin_courtyard_hous_1021229_interiors_p_intervention_of_the_yulin_courtyard_hous_1021229_p_intervention_of_the_yulin_courtyard_hous_1021229_interiors_p_intervention_of_the_yulin_courtyard_hous_1021229_interior_1"", ""i_p_intervention_of_the_yulin_courtyard_hous_1021229_interiors_p_intervention_of_the_yulin_courtyard_hous_1021229_p_intervention_of_the_yulin_courtyard_hous_1021229_interiors_p_intervention_of_the_yulin_courtyard_hous_1021229_interior_2"", ""i_p_intervention_of_the_yulin_courtyard_hous_1021229_interiors_p_intervention_of_the_yulin_courtyard_hous_1021229_p_intervention_of_the_yulin_courtyard_hous_1021229_interiors_p_intervention_of_the_yulin_courtyard_hous_1021229_interior_3"", ""i_p_intervention_of_the_yulin_courtyard_hous_1021229_interiors_p_intervention_of_the_yulin_courtyard_hous_1021229_p_intervention_of_the_yulin_courtyard_hous_1021229_interiors_p_intervention_of_the_yulin_courtyard_hous_1021229_interior_4"", ""i_p_intervention_of_the_yulin_courtyard_hous_1021229_interiors_p_intervention_of_the_yulin_courtyard_hous_1021229_p_intervention_of_the_yulin_courtyard_hous_1021229_interiors_p_intervention_of_the_yulin_courtyard_hous_1021229_interior_5""]",22.6545099,110.18098,"diagrams,interiors,exteriors",Yulin,,"The project likely involves the renovation or redesign of traditional courtyard houses in Yulin, focusing on cultural and functional aspects.","Yulin,courtyard house,intervention,renovation,architecture,China"
p_ixcampus_design_school_same_architectes_1035289,Ixcampus Design School Same Architectes,France,temperate,school,,"[""i_p_ixcampus_design_school_same_architectes_1035289_exteriors_p_ixcampus_design_school_same_architectes_1035289_p_ixcampus_design_school_same_architectes_1035289_exteriors_p_ixcampus_design_school_same_architectes_1035289_exterior_1"", ""i_p_ixcampus_design_school_same_architectes_1035289_exteriors_p_ixcampus_design_school_same_architectes_1035289_p_ixcampus_design_school_same_architectes_1035289_exteriors_p_ixcampus_design_school_same_architectes_1035289_exterior_2"", ""i_p_ixcampus_design_school_same_architectes_1035289_exteriors_p_ixcampus_design_school_same_architectes_1035289_p_ixcampus_design_school_same_architectes_1035289_exteriors_p_ixcampus_design_school_same_architectes_1035289_exterior_3"", ""i_p_ixcampus_design_school_same_architectes_1035289_exteriors_p_ixcampus_design_school_same_architectes_1035289_p_ixcampus_design_school_same_architectes_1035289_exteriors_p_ixcampus_design_school_same_architectes_1035289_exterior_4"", ""i_p_ixcampus_design_school_same_architectes_1035289_exteriors_p_ixcampus_design_school_same_architectes_1035289_p_ixcampus_design_school_same_architectes_1035289_exteriors_p_ixcampus_design_school_same_architectes_1035289_exterior_5"", ""i_p_ixcampus_design_school_same_architectes_1035289_interiors_p_ixcampus_design_school_same_architectes_1035289_p_ixcampus_design_school_same_architectes_1035289_interiors_p_ixcampus_design_school_same_architectes_1035289_interior_1"", ""i_p_ixcampus_design_school_same_architectes_1035289_interiors_p_ixcampus_design_school_same_architectes_1035289_p_ixcampus_design_school_same_architectes_1035289_interiors_p_ixcampus_design_school_same_architectes_1035289_interior_2"", ""i_p_ixcampus_design_school_same_architectes_1035289_interiors_p_ixcampus_design_school_same_architectes_1035289_p_ixcampus_design_school_same_architectes_1035289_interiors_p_ixcampus_design_school_same_architectes_1035289_interior_3"", ""i_p_ixcampus_design_school_same_architectes_1035289_interiors_p_ixcampus_design_school_same_architectes_1035289_p_ixcampus_design_school_same_architectes_1035289_interiors_p_ixcampus_design_school_same_architectes_1035289_interior_4"", ""i_p_ixcampus_design_school_same_architectes_1035289_interiors_p_ixcampus_design_school_same_architectes_1035289_p_ixcampus_design_school_same_architectes_1035289_interiors_p_ixcampus_design_school_same_architectes_1035289_interior_5""]",48.8999714,2.0885134,"interiors,exteriors",Paris,Same Architectes,"The Ixcampus Design School is likely an educational facility focused on design, possibly incorporating innovative teaching methods and collaborative spaces.","design school,education,architecture,Same Architectes,Ixcampus"
p_jackson_hole_history_museum_hga_1027334,Jackson Hole History Museum Hga,United States,continental,museum,,"[""i_p_jackson_hole_history_museum_hga_1027334_diagrams_p_jackson_hole_history_museum_hga_1027334_p_jackson_hole_history_museum_hga_1027334_diagrams_p_jackson_hole_history_museum_hga_1027334_diagram_1"", ""i_p_jackson_hole_history_museum_hga_1027334_diagrams_p_jackson_hole_history_museum_hga_1027334_p_jackson_hole_history_museum_hga_1027334_diagrams_p_jackson_hole_history_museum_hga_1027334_diagram_2"", ""i_p_jackson_hole_history_museum_hga_1027334_diagrams_p_jackson_hole_history_museum_hga_1027334_p_jackson_hole_history_museum_hga_1027334_diagrams_p_jackson_hole_history_museum_hga_1027334_diagram_3"", ""i_p_jackson_hole_history_museum_hga_1027334_exteriors_p_jackson_hole_history_museum_hga_1027334_p_jackson_hole_history_museum_hga_1027334_exteriors_p_jackson_hole_history_museum_hga_1027334_exterior_1"", ""i_p_jackson_hole_history_museum_hga_1027334_exteriors_p_jackson_hole_history_museum_hga_1027334_p_jackson_hole_history_museum_hga_1027334_exteriors_p_jackson_hole_history_museum_hga_1027334_exterior_2"", ""i_p_jackson_hole_history_museum_hga_1027334_exteriors_p_jackson_hole_history_museum_hga_1027334_p_jackson_hole_history_museum_hga_1027334_exteriors_p_jackson_hole_history_museum_hga_1027334_exterior_3"", ""i_p_jackson_hole_history_museum_hga_1027334_interiors_p_jackson_hole_history_museum_hga_1027334_p_jackson_hole_history_museum_hga_1027334_interiors_p_jackson_hole_history_museum_hga_1027334_interior_1"", ""i_p_jackson_hole_history_museum_hga_1027334_interiors_p_jackson_hole_history_museum_hga_1027334_p_jackson_hole_history_museum_hga_1027334_interiors_p_jackson_hole_history_museum_hga_1027334_interior_2"", ""i_p_jackson_hole_history_museum_hga_1027334_interiors_p_jackson_hole_history_museum_hga_1027334_p_jackson_hole_history_museum_hga_1027334_interiors_p_jackson_hole_history_museum_hga_1027334_interior_3"", ""i_p_jackson_hole_history_museum_hga_1027334_interiors_p_jackson_hole_history_museum_hga_1027334_p_jackson_hole_history_museum_hga_1027334_interiors_p_jackson_hole_history_museum_hga_1027334_interior_4"", ""i_p_jackson_hole_history_museum_hga_1027334_interiors_p_jackson_hole_history_museum_hga_1027334_p_jackson_hole_history_museum_hga_1027334_interiors_p_jackson_hole_history_museum_hga_1027334_interior_5""]",43.612255,-110.7054295,"diagrams,interiors,exteriors",Jackson Hole,Hga,"The Jackson Hole History Museum is likely a cultural institution dedicated to preserving and showcasing the history of the Jackson Hole area. Designed by Hga, it may feature exhibits and educational programs.","Jackson Hole,History Museum,Hga,cultural institution,architecture"
p_james_baldwin_media_library_and_refugee_1030349,James Baldwin Media Library And Refugee,France,temperate,library,,"[""i_p_james_baldwin_media_library_and_refugee_1030349_diagrams_p_james_baldwin_media_library_and_refugee_1030349_p_james_baldwin_media_library_and_refugee_1030349_diagrams_p_james_baldwin_media_library_and_refugee_1030349_diagram_1"", ""i_p_james_baldwin_media_library_and_refugee_1030349_diagrams_p_james_baldwin_media_library_and_refugee_1030349_p_james_baldwin_media_library_and_refugee_1030349_diagrams_p_james_baldwin_media_library_and_refugee_1030349_diagram_2"", ""i_p_james_baldwin_media_library_and_refugee_1030349_diagrams_p_james_baldwin_media_library_and_refugee_1030349_p_james_baldwin_media_library_and_refugee_1030349_diagrams_p_james_baldwin_media_library_and_refugee_1030349_diagram_3"", ""i_p_james_baldwin_media_library_and_refugee_1030349_exteriors_p_james_baldwin_media_library_and_refugee_1030349_p_james_baldwin_media_library_and_refugee_1030349_exteriors_p_james_baldwin_media_library_and_refugee_1030349_exterior_1"", ""i_p_james_baldwin_media_library_and_refugee_1030349_exteriors_p_james_baldwin_media_library_and_refugee_1030349_p_james_baldwin_media_library_and_refugee_1030349_exteriors_p_james_baldwin_media_library_and_refugee_1030349_exterior_2"", ""i_p_james_baldwin_media_library_and_refugee_1030349_exteriors_p_james_baldwin_media_library_and_refugee_1030349_p_james_baldwin_media_library_and_refugee_1030349_exteriors_p_james_baldwin_media_library_and_refugee_1030349_exterior_3"", ""i_p_james_baldwin_media_library_and_refugee_1030349_exteriors_p_james_baldwin_media_library_and_refugee_1030349_p_james_baldwin_media_library_and_refugee_1030349_exteriors_p_james_baldwin_media_library_and_refugee_1030349_exterior_4"", ""i_p_james_baldwin_media_library_and_refugee_1030349_interiors_p_james_baldwin_media_library_and_refugee_1030349_p_james_baldwin_media_library_and_refugee_1030349_interiors_p_james_baldwin_media_library_and_refugee_1030349_interior_1"", ""i_p_james_baldwin_media_library_and_refugee_1030349_interiors_p_james_baldwin_media_library_and_refugee_1030349_p_james_baldwin_media_library_and_refugee_1030349_interiors_p_james_baldwin_media_library_and_refugee_1030349_interior_2"", ""i_p_james_baldwin_media_library_and_refugee_1030349_interiors_p_james_baldwin_media_library_and_refugee_1030349_p_james_baldwin_media_library_and_refugee_1030349_interiors_p_james_baldwin_media_library_and_refugee_1030349_interior_3"", ""i_p_james_baldwin_media_library_and_refugee_1030349_interiors_p_james_baldwin_media_library_and_refugee_1030349_p_james_baldwin_media_library_and_refugee_1030349_interiors_p_james_baldwin_media_library_and_refugee_1030349_interior_4"", ""i_p_james_baldwin_media_library_and_refugee_1030349_interiors_p_james_baldwin_media_library_and_refugee_1030349_p_james_baldwin_media_library_and_refugee_1030349_interiors_p_james_baldwin_media_library_and_refugee_1030349_interior_5""]",48.8575475,2.3513765,"diagrams,interiors,exteriors",Paris,,"The James Baldwin Media Library and Refugee likely serves as a community resource center focused on media access and support for refugees, promoting cultural exchange and education.","library,media,refugee,community center,cultural exchange"
p_jami_at_taqwa_mosque_cibinong_ismail_sol_1034505,Jami At Taqwa Mosque Cibinong Ismail Sol,Indonesia,tropical,mosque,,"[""i_p_jami_at_taqwa_mosque_cibinong_ismail_sol_1034505_diagrams_p_jami_at_taqwa_mosque_cibinong_ismail_sol_1034505_p_jami_at_taqwa_mosque_cibinong_ismail_sol_1034505_diagrams_p_jami_at_taqwa_mosque_cibinong_ismail_sol_1034505_diagram_1"", ""i_p_jami_at_taqwa_mosque_cibinong_ismail_sol_1034505_diagrams_p_jami_at_taqwa_mosque_cibinong_ismail_sol_1034505_p_jami_at_taqwa_mosque_cibinong_ismail_sol_1034505_diagrams_p_jami_at_taqwa_mosque_cibinong_ismail_sol_1034505_diagram_2"", ""i_p_jami_at_taqwa_mosque_cibinong_ismail_sol_1034505_exteriors_p_jami_at_taqwa_mosque_cibinong_ismail_sol_1034505_p_jami_at_taqwa_mosque_cibinong_ismail_sol_1034505_exteriors_p_jami_at_taqwa_mosque_cibinong_ismail_sol_1034505_exterior_1"", ""i_p_jami_at_taqwa_mosque_cibinong_ismail_sol_1034505_exteriors_p_jami_at_taqwa_mosque_cibinong_ismail_sol_1034505_p_jami_at_taqwa_mosque_cibinong_ismail_sol_1034505_exteriors_p_jami_at_taqwa_mosque_cibinong_ismail_sol_1034505_exterior_2"", ""i_p_jami_at_taqwa_mosque_cibinong_ismail_sol_1034505_exteriors_p_jami_at_taqwa_mosque_cibinong_ismail_sol_1034505_p_jami_at_taqwa_mosque_cibinong_ismail_sol_1034505_exteriors_p_jami_at_taqwa_mosque_cibinong_ismail_sol_1034505_exterior_3"", ""i_p_jami_at_taqwa_mosque_cibinong_ismail_sol_1034505_exteriors_p_jami_at_taqwa_mosque_cibinong_ismail_sol_1034505_p_jami_at_taqwa_mosque_cibinong_ismail_sol_1034505_exteriors_p_jami_at_taqwa_mosque_cibinong_ismail_sol_1034505_exterior_4"", ""i_p_jami_at_taqwa_mosque_cibinong_ismail_sol_1034505_exteriors_p_jami_at_taqwa_mosque_cibinong_ismail_sol_1034505_p_jami_at_taqwa_mosque_cibinong_ismail_sol_1034505_exteriors_p_jami_at_taqwa_mosque_cibinong_ismail_sol_1034505_exterior_5"", ""i_p_jami_at_taqwa_mosque_cibinong_ismail_sol_1034505_interiors_p_jami_at_taqwa_mosque_cibinong_ismail_sol_1034505_p_jami_at_taqwa_mosque_cibinong_ismail_sol_1034505_interiors_p_jami_at_taqwa_mosque_cibinong_ismail_sol_1034505_interior_1"", ""i_p_jami_at_taqwa_mosque_cibinong_ismail_sol_1034505_interiors_p_jami_at_taqwa_mosque_cibinong_ismail_sol_1034505_p_jami_at_taqwa_mosque_cibinong_ismail_sol_1034505_interiors_p_jami_at_taqwa_mosque_cibinong_ismail_sol_1034505_interior_2"", ""i_p_jami_at_taqwa_mosque_cibinong_ismail_sol_1034505_interiors_p_jami_at_taqwa_mosque_cibinong_ismail_sol_1034505_p_jami_at_taqwa_mosque_cibinong_ismail_sol_1034505_interiors_p_jami_at_taqwa_mosque_cibinong_ismail_sol_1034505_interior_3"", ""i_p_jami_at_taqwa_mosque_cibinong_ismail_sol_1034505_interiors_p_jami_at_taqwa_mosque_cibinong_ismail_sol_1034505_p_jami_at_taqwa_mosque_cibinong_ismail_sol_1034505_interiors_p_jami_at_taqwa_mosque_cibinong_ismail_sol_1034505_interior_4"", ""i_p_jami_at_taqwa_mosque_cibinong_ismail_sol_1034505_interiors_p_jami_at_taqwa_mosque_cibinong_ismail_sol_1034505_p_jami_at_taqwa_mosque_cibinong_ismail_sol_1034505_interiors_p_jami_at_taqwa_mosque_cibinong_ismail_sol_1034505_interior_5""]",-6.478888599999999,106.8569676,"diagrams,interiors,exteriors",Cibinong,Ismail Sol,"The Jami At Taqwa Mosque is likely a place of worship located in Cibinong, Indonesia, designed to serve the local Muslim community.","mosque,Islamic architecture,Cibinong,Indonesia,Jami At Taqwa"
p_jean_ric_edelman_fossil_park_museum_enne_1029467,Jean Ric Edelman Fossil Park Museum Enne,,,museum,,"[""i_p_jean_ric_edelman_fossil_park_museum_enne_1029467_exteriors_p_jean_ric_edelman_fossil_park_museum_enne_1029467_p_jean_ric_edelman_fossil_park_museum_enne_1029467_exteriors_p_jean_ric_edelman_fossil_park_museum_enne_1029467_exterior_1"", ""i_p_jean_ric_edelman_fossil_park_museum_enne_1029467_exteriors_p_jean_ric_edelman_fossil_park_museum_enne_1029467_p_jean_ric_edelman_fossil_park_museum_enne_1029467_exteriors_p_jean_ric_edelman_fossil_park_museum_enne_1029467_exterior_2"", ""i_p_jean_ric_edelman_fossil_park_museum_enne_1029467_interiors_p_jean_ric_edelman_fossil_park_museum_enne_1029467_p_jean_ric_edelman_fossil_park_museum_enne_1029467_interiors_p_jean_ric_edelman_fossil_park_museum_enne_1029467_interior_1"", ""i_p_jean_ric_edelman_fossil_park_museum_enne_1029467_interiors_p_jean_ric_edelman_fossil_park_museum_enne_1029467_p_jean_ric_edelman_fossil_park_museum_enne_1029467_interiors_p_jean_ric_edelman_fossil_park_museum_enne_1029467_interior_2""]",,,"interiors,exteriors",,,"The Jean Ric Edelman Fossil Park Museum is likely a facility dedicated to the exhibition and education of fossil-related artifacts and research, possibly featuring interactive exhibits and educational programs.","museum,fossil park,education,exhibition"
p_judicial_morgue_for_the_city_of_ver_ofic_1030759,Judicial Morgue For The City Of Ver Ofic,,,morgue,,"[""i_p_judicial_morgue_for_the_city_of_ver_ofic_1030759_diagrams_p_judicial_morgue_for_the_city_of_ver_ofic_1030759_p_judicial_morgue_for_the_city_of_ver_ofic_1030759_diagrams_p_judicial_morgue_for_the_city_of_ver_ofic_1030759_diagram_1"", ""i_p_judicial_morgue_for_the_city_of_ver_ofic_1030759_diagrams_p_judicial_morgue_for_the_city_of_ver_ofic_1030759_p_judicial_morgue_for_the_city_of_ver_ofic_1030759_diagrams_p_judicial_morgue_for_the_city_of_ver_ofic_1030759_diagram_2"", ""i_p_judicial_morgue_for_the_city_of_ver_ofic_1030759_diagrams_p_judicial_morgue_for_the_city_of_ver_ofic_1030759_p_judicial_morgue_for_the_city_of_ver_ofic_1030759_diagrams_p_judicial_morgue_for_the_city_of_ver_ofic_1030759_diagram_3"", ""i_p_judicial_morgue_for_the_city_of_ver_ofic_1030759_exteriors_p_judicial_morgue_for_the_city_of_ver_ofic_1030759_p_judicial_morgue_for_the_city_of_ver_ofic_1030759_exteriors_p_judicial_morgue_for_the_city_of_ver_ofic_1030759_exterior_1"", ""i_p_judicial_morgue_for_the_city_of_ver_ofic_1030759_exteriors_p_judicial_morgue_for_the_city_of_ver_ofic_1030759_p_judicial_morgue_for_the_city_of_ver_ofic_1030759_exteriors_p_judicial_morgue_for_the_city_of_ver_ofic_1030759_exterior_2"", ""i_p_judicial_morgue_for_the_city_of_ver_ofic_1030759_exteriors_p_judicial_morgue_for_the_city_of_ver_ofic_1030759_p_judicial_morgue_for_the_city_of_ver_ofic_1030759_exteriors_p_judicial_morgue_for_the_city_of_ver_ofic_1030759_exterior_3"", ""i_p_judicial_morgue_for_the_city_of_ver_ofic_1030759_exteriors_p_judicial_morgue_for_the_city_of_ver_ofic_1030759_p_judicial_morgue_for_the_city_of_ver_ofic_1030759_exteriors_p_judicial_morgue_for_the_city_of_ver_ofic_1030759_exterior_4"", ""i_p_judicial_morgue_for_the_city_of_ver_ofic_1030759_exteriors_p_judicial_morgue_for_the_city_of_ver_ofic_1030759_p_judicial_morgue_for_the_city_of_ver_ofic_1030759_exteriors_p_judicial_morgue_for_the_city_of_ver_ofic_1030759_exterior_5"", ""i_p_judicial_morgue_for_the_city_of_ver_ofic_1030759_interiors_p_judicial_morgue_for_the_city_of_ver_ofic_1030759_p_judicial_morgue_for_the_city_of_ver_ofic_1030759_interiors_p_judicial_morgue_for_the_city_of_ver_ofic_1030759_interior_1"", ""i_p_judicial_morgue_for_the_city_of_ver_ofic_1030759_interiors_p_judicial_morgue_for_the_city_of_ver_ofic_1030759_p_judicial_morgue_for_the_city_of_ver_ofic_1030759_interiors_p_judicial_morgue_for_the_city_of_ver_ofic_1030759_interior_2"", ""i_p_judicial_morgue_for_the_city_of_ver_ofic_1030759_interiors_p_judicial_morgue_for_the_city_of_ver_ofic_1030759_p_judicial_morgue_for_the_city_of_ver_ofic_1030759_interiors_p_judicial_morgue_for_the_city_of_ver_ofic_1030759_interior_3"", ""i_p_judicial_morgue_for_the_city_of_ver_ofic_1030759_interiors_p_judicial_morgue_for_the_city_of_ver_ofic_1030759_p_judicial_morgue_for_the_city_of_ver_ofic_1030759_interiors_p_judicial_morgue_for_the_city_of_ver_ofic_1030759_interior_4"", ""i_p_judicial_morgue_for_the_city_of_ver_ofic_1030759_interiors_p_judicial_morgue_for_the_city_of_ver_ofic_1030759_p_judicial_morgue_for_the_city_of_ver_ofic_1030759_interiors_p_judicial_morgue_for_the_city_of_ver_ofic_1030759_interior_5""]",-31.6106578,-60.697294,"diagrams,interiors,exteriors",Ver Ofic,,"The Judicial Morgue for the City of Ver Ofic is likely a facility designed for the examination and storage of deceased individuals, particularly in relation to legal investigations.","morgue,judicial,forensic,city,Ver Ofic"
p_jules_verne_school_barr_lambot_architect_1035346,Jules Verne School Barr Lambot Architect,France,temperate,school,,"[""i_p_jules_verne_school_barr_lambot_architect_1035346_diagrams_p_jules_verne_school_barr_lambot_architect_1035346_p_jules_verne_school_barr_lambot_architect_1035346_diagrams_p_jules_verne_school_barr_lambot_architect_1035346_diagram_1"", ""i_p_jules_verne_school_barr_lambot_architect_1035346_diagrams_p_jules_verne_school_barr_lambot_architect_1035346_p_jules_verne_school_barr_lambot_architect_1035346_diagrams_p_jules_verne_school_barr_lambot_architect_1035346_diagram_2"", ""i_p_jules_verne_school_barr_lambot_architect_1035346_diagrams_p_jules_verne_school_barr_lambot_architect_1035346_p_jules_verne_school_barr_lambot_architect_1035346_diagrams_p_jules_verne_school_barr_lambot_architect_1035346_diagram_3"", ""i_p_jules_verne_school_barr_lambot_architect_1035346_exteriors_p_jules_verne_school_barr_lambot_architect_1035346_p_jules_verne_school_barr_lambot_architect_1035346_exteriors_p_jules_verne_school_barr_lambot_architect_1035346_exterior_1"", ""i_p_jules_verne_school_barr_lambot_architect_1035346_exteriors_p_jules_verne_school_barr_lambot_architect_1035346_p_jules_verne_school_barr_lambot_architect_1035346_exteriors_p_jules_verne_school_barr_lambot_architect_1035346_exterior_2"", ""i_p_jules_verne_school_barr_lambot_architect_1035346_exteriors_p_jules_verne_school_barr_lambot_architect_1035346_p_jules_verne_school_barr_lambot_architect_1035346_exteriors_p_jules_verne_school_barr_lambot_architect_1035346_exterior_3"", ""i_p_jules_verne_school_barr_lambot_architect_1035346_exteriors_p_jules_verne_school_barr_lambot_architect_1035346_p_jules_verne_school_barr_lambot_architect_1035346_exteriors_p_jules_verne_school_barr_lambot_architect_1035346_exterior_4"", ""i_p_jules_verne_school_barr_lambot_architect_1035346_exteriors_p_jules_verne_school_barr_lambot_architect_1035346_p_jules_verne_school_barr_lambot_architect_1035346_exteriors_p_jules_verne_school_barr_lambot_architect_1035346_exterior_5"", ""i_p_jules_verne_school_barr_lambot_architect_1035346_interiors_p_jules_verne_school_barr_lambot_architect_1035346_p_jules_verne_school_barr_lambot_architect_1035346_interiors_p_jules_verne_school_barr_lambot_architect_1035346_interior_1"", ""i_p_jules_verne_school_barr_lambot_architect_1035346_interiors_p_jules_verne_school_barr_lambot_architect_1035346_p_jules_verne_school_barr_lambot_architect_1035346_interiors_p_jules_verne_school_barr_lambot_architect_1035346_interior_2"", ""i_p_jules_verne_school_barr_lambot_architect_1035346_interiors_p_jules_verne_school_barr_lambot_architect_1035346_p_jules_verne_school_barr_lambot_architect_1035346_interiors_p_jules_verne_school_barr_lambot_architect_1035346_interior_3"", ""i_p_jules_verne_school_barr_lambot_architect_1035346_interiors_p_jules_verne_school_barr_lambot_architect_1035346_p_jules_verne_school_barr_lambot_architect_1035346_interiors_p_jules_verne_school_barr_lambot_architect_1035346_interior_4"", ""i_p_jules_verne_school_barr_lambot_architect_1035346_interiors_p_jules_verne_school_barr_lambot_architect_1035346_p_jules_verne_school_barr_lambot_architect_1035346_interiors_p_jules_verne_school_barr_lambot_architect_1035346_interior_5""]",46.977639,-1.3141608,"diagrams,interiors,exteriors",,Barr Lambot Architect,"The Jules Verne School is likely an educational institution designed to accommodate students in a learning environment, reflecting modern architectural practices.","Jules Verne,school,education,Barr Lambot,architecture"
p_kampung_mrican_phase_1_and_microlibrary_1031619,Kampung Mrican Phase 1 And Microlibrary,Indonesia,tropical,library,,"[""i_p_kampung_mrican_phase_1_and_microlibrary_1031619_diagrams_p_kampung_mrican_phase_1_and_microlibrary_1031619_p_kampung_mrican_phase_1_and_microlibrary_1031619_diagrams_p_kampung_mrican_phase_1_and_microlibrary_1031619_diagram_1"", ""i_p_kampung_mrican_phase_1_and_microlibrary_1031619_diagrams_p_kampung_mrican_phase_1_and_microlibrary_1031619_p_kampung_mrican_phase_1_and_microlibrary_1031619_diagrams_p_kampung_mrican_phase_1_and_microlibrary_1031619_diagram_2"", ""i_p_kampung_mrican_phase_1_and_microlibrary_1031619_diagrams_p_kampung_mrican_phase_1_and_microlibrary_1031619_p_kampung_mrican_phase_1_and_microlibrary_1031619_diagrams_p_kampung_mrican_phase_1_and_microlibrary_1031619_diagram_3"", ""i_p_kampung_mrican_phase_1_and_microlibrary_1031619_exteriors_p_kampung_mrican_phase_1_and_microlibrary_1031619_p_kampung_mrican_phase_1_and_microlibrary_1031619_exteriors_p_kampung_mrican_phase_1_and_microlibrary_1031619_exterior_1"", ""i_p_kampung_mrican_phase_1_and_microlibrary_1031619_exteriors_p_kampung_mrican_phase_1_and_microlibrary_1031619_p_kampung_mrican_phase_1_and_microlibrary_1031619_exteriors_p_kampung_mrican_phase_1_and_microlibrary_1031619_exterior_2"", ""i_p_kampung_mrican_phase_1_and_microlibrary_1031619_exteriors_p_kampung_mrican_phase_1_and_microlibrary_1031619_p_kampung_mrican_phase_1_and_microlibrary_1031619_exteriors_p_kampung_mrican_phase_1_and_microlibrary_1031619_exterior_3"", ""i_p_kampung_mrican_phase_1_and_microlibrary_1031619_exteriors_p_kampung_mrican_phase_1_and_microlibrary_1031619_p_kampung_mrican_phase_1_and_microlibrary_1031619_exteriors_p_kampung_mrican_phase_1_and_microlibrary_1031619_exterior_4"", ""i_p_kampung_mrican_phase_1_and_microlibrary_1031619_exteriors_p_kampung_mrican_phase_1_and_microlibrary_1031619_p_kampung_mrican_phase_1_and_microlibrary_1031619_exteriors_p_kampung_mrican_phase_1_and_microlibrary_1031619_exterior_5"", ""i_p_kampung_mrican_phase_1_and_microlibrary_1031619_interiors_p_kampung_mrican_phase_1_and_microlibrary_1031619_p_kampung_mrican_phase_1_and_microlibrary_1031619_interiors_p_kampung_mrican_phase_1_and_microlibrary_1031619_interior_1"", ""i_p_kampung_mrican_phase_1_and_microlibrary_1031619_interiors_p_kampung_mrican_phase_1_and_microlibrary_1031619_p_kampung_mrican_phase_1_and_microlibrary_1031619_interiors_p_kampung_mrican_phase_1_and_microlibrary_1031619_interior_2"", ""i_p_kampung_mrican_phase_1_and_microlibrary_1031619_interiors_p_kampung_mrican_phase_1_and_microlibrary_1031619_p_kampung_mrican_phase_1_and_microlibrary_1031619_interiors_p_kampung_mrican_phase_1_and_microlibrary_1031619_interior_3"", ""i_p_kampung_mrican_phase_1_and_microlibrary_1031619_interiors_p_kampung_mrican_phase_1_and_microlibrary_1031619_p_kampung_mrican_phase_1_and_microlibrary_1031619_interiors_p_kampung_mrican_phase_1_and_microlibrary_1031619_interior_4"", ""i_p_kampung_mrican_phase_1_and_microlibrary_1031619_interiors_p_kampung_mrican_phase_1_and_microlibrary_1031619_p_kampung_mrican_phase_1_and_microlibrary_1031619_interiors_p_kampung_mrican_phase_1_and_microlibrary_1031619_interior_5""]",-7.801367200000001,110.3647568,"diagrams,interiors,exteriors",Yogyakarta,,"Kampung Mrican Phase 1 likely refers to a community development project that includes a microlibrary, serving as a resource center for the local population.","Kampung Mrican,microlibrary,community development,library,Yogyakarta"
p_kiihtelysvaara_church_luo_architects_1030415,Kiihtelysvaara Church Luo Architects,Finland,continental,church,,"[""i_p_kiihtelysvaara_church_luo_architects_1030415_diagrams_p_kiihtelysvaara_church_luo_architects_1030415_p_kiihtelysvaara_church_luo_architects_1030415_diagrams_p_kiihtelysvaara_church_luo_architects_1030415_diagram_1"", ""i_p_kiihtelysvaara_church_luo_architects_1030415_diagrams_p_kiihtelysvaara_church_luo_architects_1030415_p_kiihtelysvaara_church_luo_architects_1030415_diagrams_p_kiihtelysvaara_church_luo_architects_1030415_diagram_2"", ""i_p_kiihtelysvaara_church_luo_architects_1030415_diagrams_p_kiihtelysvaara_church_luo_architects_1030415_p_kiihtelysvaara_church_luo_architects_1030415_diagrams_p_kiihtelysvaara_church_luo_architects_1030415_diagram_3"", ""i_p_kiihtelysvaara_church_luo_architects_1030415_exteriors_p_kiihtelysvaara_church_luo_architects_1030415_p_kiihtelysvaara_church_luo_architects_1030415_exteriors_p_kiihtelysvaara_church_luo_architects_1030415_exterior_1"", ""i_p_kiihtelysvaara_church_luo_architects_1030415_exteriors_p_kiihtelysvaara_church_luo_architects_1030415_p_kiihtelysvaara_church_luo_architects_1030415_exteriors_p_kiihtelysvaara_church_luo_architects_1030415_exterior_2"", ""i_p_kiihtelysvaara_church_luo_architects_1030415_exteriors_p_kiihtelysvaara_church_luo_architects_1030415_p_kiihtelysvaara_church_luo_architects_1030415_exteriors_p_kiihtelysvaara_church_luo_architects_1030415_exterior_3"", ""i_p_kiihtelysvaara_church_luo_architects_1030415_exteriors_p_kiihtelysvaara_church_luo_architects_1030415_p_kiihtelysvaara_church_luo_architects_1030415_exteriors_p_kiihtelysvaara_church_luo_architects_1030415_exterior_4"", ""i_p_kiihtelysvaara_church_luo_architects_1030415_exteriors_p_kiihtelysvaara_church_luo_architects_1030415_p_kiihtelysvaara_church_luo_architects_1030415_exteriors_p_kiihtelysvaara_church_luo_architects_1030415_exterior_5"", ""i_p_kiihtelysvaara_church_luo_architects_1030415_interiors_p_kiihtelysvaara_church_luo_architects_1030415_p_kiihtelysvaara_church_luo_architects_1030415_interiors_p_kiihtelysvaara_church_luo_architects_1030415_interior_1"", ""i_p_kiihtelysvaara_church_luo_architects_1030415_interiors_p_kiihtelysvaara_church_luo_architects_1030415_p_kiihtelysvaara_church_luo_architects_1030415_interiors_p_kiihtelysvaara_church_luo_architects_1030415_interior_2"", ""i_p_kiihtelysvaara_church_luo_architects_1030415_interiors_p_kiihtelysvaara_church_luo_architects_1030415_p_kiihtelysvaara_church_luo_architects_1030415_interiors_p_kiihtelysvaara_church_luo_architects_1030415_interior_3"", ""i_p_kiihtelysvaara_church_luo_architects_1030415_interiors_p_kiihtelysvaara_church_luo_architects_1030415_p_kiihtelysvaara_church_luo_architects_1030415_interiors_p_kiihtelysvaara_church_luo_architects_1030415_interior_4"", ""i_p_kiihtelysvaara_church_luo_architects_1030415_interiors_p_kiihtelysvaara_church_luo_architects_1030415_p_kiihtelysvaara_church_luo_architects_1030415_interiors_p_kiihtelysvaara_church_luo_architects_1030415_interior_5""]",62.4931114,30.2512314,"diagrams,interiors,exteriors",Kiihtelysvaara,Luo Architects,"Kiihtelysvaara Church, designed by Luo Architects, is likely a religious building serving the local community in Finland. Its architecture may reflect both modern and traditional elements typical of church designs in the region.","Kiihtelysvaara,church,Luo Architects,Finland,religious architecture"
p_kushtia_neighborhood_mosque_ahsan_habib_1025782,Kushtia Neighborhood Mosque Ahsan Habib,Bangladesh,tropical,mosque,,"[""i_p_kushtia_neighborhood_mosque_ahsan_habib_1025782_diagrams_p_kushtia_neighborhood_mosque_ahsan_habib_1025782_p_kushtia_neighborhood_mosque_ahsan_habib_1025782_diagrams_p_kushtia_neighborhood_mosque_ahsan_habib_1025782_diagram_1"", ""i_p_kushtia_neighborhood_mosque_ahsan_habib_1025782_diagrams_p_kushtia_neighborhood_mosque_ahsan_habib_1025782_p_kushtia_neighborhood_mosque_ahsan_habib_1025782_diagrams_p_kushtia_neighborhood_mosque_ahsan_habib_1025782_diagram_2"", ""i_p_kushtia_neighborhood_mosque_ahsan_habib_1025782_diagrams_p_kushtia_neighborhood_mosque_ahsan_habib_1025782_p_kushtia_neighborhood_mosque_ahsan_habib_1025782_diagrams_p_kushtia_neighborhood_mosque_ahsan_habib_1025782_diagram_3"", ""i_p_kushtia_neighborhood_mosque_ahsan_habib_1025782_exteriors_p_kushtia_neighborhood_mosque_ahsan_habib_1025782_p_kushtia_neighborhood_mosque_ahsan_habib_1025782_exteriors_p_kushtia_neighborhood_mosque_ahsan_habib_1025782_exterior_1"", ""i_p_kushtia_neighborhood_mosque_ahsan_habib_1025782_exteriors_p_kushtia_neighborhood_mosque_ahsan_habib_1025782_p_kushtia_neighborhood_mosque_ahsan_habib_1025782_exteriors_p_kushtia_neighborhood_mosque_ahsan_habib_1025782_exterior_2"", ""i_p_kushtia_neighborhood_mosque_ahsan_habib_1025782_exteriors_p_kushtia_neighborhood_mosque_ahsan_habib_1025782_p_kushtia_neighborhood_mosque_ahsan_habib_1025782_exteriors_p_kushtia_neighborhood_mosque_ahsan_habib_1025782_exterior_3"", ""i_p_kushtia_neighborhood_mosque_ahsan_habib_1025782_exteriors_p_kushtia_neighborhood_mosque_ahsan_habib_1025782_p_kushtia_neighborhood_mosque_ahsan_habib_1025782_exteriors_p_kushtia_neighborhood_mosque_ahsan_habib_1025782_exterior_4"", ""i_p_kushtia_neighborhood_mosque_ahsan_habib_1025782_interiors_p_kushtia_neighborhood_mosque_ahsan_habib_1025782_p_kushtia_neighborhood_mosque_ahsan_habib_1025782_interiors_p_kushtia_neighborhood_mosque_ahsan_habib_1025782_interior_1"", ""i_p_kushtia_neighborhood_mosque_ahsan_habib_1025782_interiors_p_kushtia_neighborhood_mosque_ahsan_habib_1025782_p_kushtia_neighborhood_mosque_ahsan_habib_1025782_interiors_p_kushtia_neighborhood_mosque_ahsan_habib_1025782_interior_2"", ""i_p_kushtia_neighborhood_mosque_ahsan_habib_1025782_interiors_p_kushtia_neighborhood_mosque_ahsan_habib_1025782_p_kushtia_neighborhood_mosque_ahsan_habib_1025782_interiors_p_kushtia_neighborhood_mosque_ahsan_habib_1025782_interior_3"", ""i_p_kushtia_neighborhood_mosque_ahsan_habib_1025782_interiors_p_kushtia_neighborhood_mosque_ahsan_habib_1025782_p_kushtia_neighborhood_mosque_ahsan_habib_1025782_interiors_p_kushtia_neighborhood_mosque_ahsan_habib_1025782_interior_4""]",23.9088541,89.12218179999999,"diagrams,interiors,exteriors",Kushtia,Ahsan Habib,"The Kushtia Neighborhood Mosque is likely a place of worship designed to serve the local community, reflecting the cultural and religious practices of the area.","mosque,Kushtia,Bangladesh,Ahsan Habib,community,religious architecture"
p_la_source_third_place_library_nas_archit_1031808,La Source Third Place Library Nas Archit,,,library,,"[""i_p_la_source_third_place_library_nas_archit_1031808_diagrams_p_la_source_third_place_library_nas_archit_1031808_p_la_source_third_place_library_nas_archit_1031808_diagrams_p_la_source_third_place_library_nas_archit_1031808_diagram_1"", ""i_p_la_source_third_place_library_nas_archit_1031808_diagrams_p_la_source_third_place_library_nas_archit_1031808_p_la_source_third_place_library_nas_archit_1031808_diagrams_p_la_source_third_place_library_nas_archit_1031808_diagram_2"", ""i_p_la_source_third_place_library_nas_archit_1031808_diagrams_p_la_source_third_place_library_nas_archit_1031808_p_la_source_third_place_library_nas_archit_1031808_diagrams_p_la_source_third_place_library_nas_archit_1031808_diagram_3"", ""i_p_la_source_third_place_library_nas_archit_1031808_exteriors_p_la_source_third_place_library_nas_archit_1031808_p_la_source_third_place_library_nas_archit_1031808_exteriors_p_la_source_third_place_library_nas_archit_1031808_exterior_1"", ""i_p_la_source_third_place_library_nas_archit_1031808_exteriors_p_la_source_third_place_library_nas_archit_1031808_p_la_source_third_place_library_nas_archit_1031808_exteriors_p_la_source_third_place_library_nas_archit_1031808_exterior_2"", ""i_p_la_source_third_place_library_nas_archit_1031808_exteriors_p_la_source_third_place_library_nas_archit_1031808_p_la_source_third_place_library_nas_archit_1031808_exteriors_p_la_source_third_place_library_nas_archit_1031808_exterior_3"", ""i_p_la_source_third_place_library_nas_archit_1031808_exteriors_p_la_source_third_place_library_nas_archit_1031808_p_la_source_third_place_library_nas_archit_1031808_exteriors_p_la_source_third_place_library_nas_archit_1031808_exterior_4"", ""i_p_la_source_third_place_library_nas_archit_1031808_exteriors_p_la_source_third_place_library_nas_archit_1031808_p_la_source_third_place_library_nas_archit_1031808_exteriors_p_la_source_third_place_library_nas_archit_1031808_exterior_5"", ""i_p_la_source_third_place_library_nas_archit_1031808_interiors_p_la_source_third_place_library_nas_archit_1031808_p_la_source_third_place_library_nas_archit_1031808_interiors_p_la_source_third_place_library_nas_archit_1031808_interior_1"", ""i_p_la_source_third_place_library_nas_archit_1031808_interiors_p_la_source_third_place_library_nas_archit_1031808_p_la_source_third_place_library_nas_archit_1031808_interiors_p_la_source_third_place_library_nas_archit_1031808_interior_2"", ""i_p_la_source_third_place_library_nas_archit_1031808_interiors_p_la_source_third_place_library_nas_archit_1031808_p_la_source_third_place_library_nas_archit_1031808_interiors_p_la_source_third_place_library_nas_archit_1031808_interior_3"", ""i_p_la_source_third_place_library_nas_archit_1031808_interiors_p_la_source_third_place_library_nas_archit_1031808_p_la_source_third_place_library_nas_archit_1031808_interiors_p_la_source_third_place_library_nas_archit_1031808_interior_4"", ""i_p_la_source_third_place_library_nas_archit_1031808_interiors_p_la_source_third_place_library_nas_archit_1031808_p_la_source_third_place_library_nas_archit_1031808_interiors_p_la_source_third_place_library_nas_archit_1031808_interior_5""]",43.9749603,4.692187,"diagrams,interiors,exteriors",,Nas Archit,La Source Third Place Library is likely a community-focused library designed to serve as a gathering space for various activities and resources.,"library,community space,La Source,public library,Nas Archit"
p_leiden_university_lecture_hall_civic_arc_1034678,Leiden University Lecture Hall Civic Arc,Netherlands,temperate,university,,"[""i_p_leiden_university_lecture_hall_civic_arc_1034678_diagrams_p_leiden_university_lecture_hall_civic_arc_1034678_p_leiden_university_lecture_hall_civic_arc_1034678_diagrams_p_leiden_university_lecture_hall_civic_arc_1034678_diagram_1"", ""i_p_leiden_university_lecture_hall_civic_arc_1034678_diagrams_p_leiden_university_lecture_hall_civic_arc_1034678_p_leiden_university_lecture_hall_civic_arc_1034678_diagrams_p_leiden_university_lecture_hall_civic_arc_1034678_diagram_2"", ""i_p_leiden_university_lecture_hall_civic_arc_1034678_diagrams_p_leiden_university_lecture_hall_civic_arc_1034678_p_leiden_university_lecture_hall_civic_arc_1034678_diagrams_p_leiden_university_lecture_hall_civic_arc_1034678_diagram_3"", ""i_p_leiden_university_lecture_hall_civic_arc_1034678_exteriors_p_leiden_university_lecture_hall_civic_arc_1034678_p_leiden_university_lecture_hall_civic_arc_1034678_exteriors_p_leiden_university_lecture_hall_civic_arc_1034678_exterior_1"", ""i_p_leiden_university_lecture_hall_civic_arc_1034678_exteriors_p_leiden_university_lecture_hall_civic_arc_1034678_p_leiden_university_lecture_hall_civic_arc_1034678_exteriors_p_leiden_university_lecture_hall_civic_arc_1034678_exterior_2"", ""i_p_leiden_university_lecture_hall_civic_arc_1034678_exteriors_p_leiden_university_lecture_hall_civic_arc_1034678_p_leiden_university_lecture_hall_civic_arc_1034678_exteriors_p_leiden_university_lecture_hall_civic_arc_1034678_exterior_3"", ""i_p_leiden_university_lecture_hall_civic_arc_1034678_exteriors_p_leiden_university_lecture_hall_civic_arc_1034678_p_leiden_university_lecture_hall_civic_arc_1034678_exteriors_p_leiden_university_lecture_hall_civic_arc_1034678_exterior_4"", ""i_p_leiden_university_lecture_hall_civic_arc_1034678_interiors_p_leiden_university_lecture_hall_civic_arc_1034678_p_leiden_university_lecture_hall_civic_arc_1034678_interiors_p_leiden_university_lecture_hall_civic_arc_1034678_interior_1"", ""i_p_leiden_university_lecture_hall_civic_arc_1034678_interiors_p_leiden_university_lecture_hall_civic_arc_1034678_p_leiden_university_lecture_hall_civic_arc_1034678_interiors_p_leiden_university_lecture_hall_civic_arc_1034678_interior_2"", ""i_p_leiden_university_lecture_hall_civic_arc_1034678_interiors_p_leiden_university_lecture_hall_civic_arc_1034678_p_leiden_university_lecture_hall_civic_arc_1034678_interiors_p_leiden_university_lecture_hall_civic_arc_1034678_interior_3""]",52.16361879999999,4.4802444,"diagrams,interiors,exteriors",Leiden,,"The Leiden University Lecture Hall Civic Arc is likely a space designed for educational purposes, specifically for lectures and academic gatherings at Leiden University.","Leiden University,lecture hall,civic architecture,educational building,Netherlands"
p_leisure_center_jules_ferry_school_group_1035333,Leisure Center Jules Ferry School Group,,,community center,,"[""i_p_leisure_center_jules_ferry_school_group_1035333_diagrams_p_leisure_center_jules_ferry_school_group_1035333_p_leisure_center_jules_ferry_school_group_1035333_diagrams_p_leisure_center_jules_ferry_school_group_1035333_diagram_1"", ""i_p_leisure_center_jules_ferry_school_group_1035333_diagrams_p_leisure_center_jules_ferry_school_group_1035333_p_leisure_center_jules_ferry_school_group_1035333_diagrams_p_leisure_center_jules_ferry_school_group_1035333_diagram_2"", ""i_p_leisure_center_jules_ferry_school_group_1035333_exteriors_p_leisure_center_jules_ferry_school_group_1035333_p_leisure_center_jules_ferry_school_group_1035333_exteriors_p_leisure_center_jules_ferry_school_group_1035333_exterior_1"", ""i_p_leisure_center_jules_ferry_school_group_1035333_exteriors_p_leisure_center_jules_ferry_school_group_1035333_p_leisure_center_jules_ferry_school_group_1035333_exteriors_p_leisure_center_jules_ferry_school_group_1035333_exterior_2"", ""i_p_leisure_center_jules_ferry_school_group_1035333_exteriors_p_leisure_center_jules_ferry_school_group_1035333_p_leisure_center_jules_ferry_school_group_1035333_exteriors_p_leisure_center_jules_ferry_school_group_1035333_exterior_3"", ""i_p_leisure_center_jules_ferry_school_group_1035333_exteriors_p_leisure_center_jules_ferry_school_group_1035333_p_leisure_center_jules_ferry_school_group_1035333_exteriors_p_leisure_center_jules_ferry_school_group_1035333_exterior_4"", ""i_p_leisure_center_jules_ferry_school_group_1035333_exteriors_p_leisure_center_jules_ferry_school_group_1035333_p_leisure_center_jules_ferry_school_group_1035333_exteriors_p_leisure_center_jules_ferry_school_group_1035333_exterior_5"", ""i_p_leisure_center_jules_ferry_school_group_1035333_interiors_p_leisure_center_jules_ferry_school_group_1035333_p_leisure_center_jules_ferry_school_group_1035333_interiors_p_leisure_center_jules_ferry_school_group_1035333_interior_1"", ""i_p_leisure_center_jules_ferry_school_group_1035333_interiors_p_leisure_center_jules_ferry_school_group_1035333_p_leisure_center_jules_ferry_school_group_1035333_interiors_p_leisure_center_jules_ferry_school_group_1035333_interior_2"", ""i_p_leisure_center_jules_ferry_school_group_1035333_interiors_p_leisure_center_jules_ferry_school_group_1035333_p_leisure_center_jules_ferry_school_group_1035333_interiors_p_leisure_center_jules_ferry_school_group_1035333_interior_3"", ""i_p_leisure_center_jules_ferry_school_group_1035333_interiors_p_leisure_center_jules_ferry_school_group_1035333_p_leisure_center_jules_ferry_school_group_1035333_interiors_p_leisure_center_jules_ferry_school_group_1035333_interior_4"", ""i_p_leisure_center_jules_ferry_school_group_1035333_interiors_p_leisure_center_jules_ferry_school_group_1035333_p_leisure_center_jules_ferry_school_group_1035333_interiors_p_leisure_center_jules_ferry_school_group_1035333_interior_5""]",,,"diagrams,interiors,exteriors",,,"The Leisure Center Jules Ferry School Group likely serves as a recreational and educational facility for students and the surrounding community, promoting leisure activities and social interaction.","leisure center,school,community,recreation,education"
p_library_of_chongqing_electric_power_coll_1023695,Library Of Chongqing Electric Power Coll,China,subtropical,library,,"[""i_p_library_of_chongqing_electric_power_coll_1023695_diagrams_p_library_of_chongqing_electric_power_coll_1023695_p_library_of_chongqing_electric_power_coll_1023695_diagrams_p_library_of_chongqing_electric_power_coll_1023695_diagram_1"", ""i_p_library_of_chongqing_electric_power_coll_1023695_diagrams_p_library_of_chongqing_electric_power_coll_1023695_p_library_of_chongqing_electric_power_coll_1023695_diagrams_p_library_of_chongqing_electric_power_coll_1023695_diagram_2"", ""i_p_library_of_chongqing_electric_power_coll_1023695_exteriors_p_library_of_chongqing_electric_power_coll_1023695_p_library_of_chongqing_electric_power_coll_1023695_exteriors_p_library_of_chongqing_electric_power_coll_1023695_exterior_1"", ""i_p_library_of_chongqing_electric_power_coll_1023695_exteriors_p_library_of_chongqing_electric_power_coll_1023695_p_library_of_chongqing_electric_power_coll_1023695_exteriors_p_library_of_chongqing_electric_power_coll_1023695_exterior_2"", ""i_p_library_of_chongqing_electric_power_coll_1023695_exteriors_p_library_of_chongqing_electric_power_coll_1023695_p_library_of_chongqing_electric_power_coll_1023695_exteriors_p_library_of_chongqing_electric_power_coll_1023695_exterior_3"", ""i_p_library_of_chongqing_electric_power_coll_1023695_interiors_p_library_of_chongqing_electric_power_coll_1023695_p_library_of_chongqing_electric_power_coll_1023695_interiors_p_library_of_chongqing_electric_power_coll_1023695_interior_1"", ""i_p_library_of_chongqing_electric_power_coll_1023695_interiors_p_library_of_chongqing_electric_power_coll_1023695_p_library_of_chongqing_electric_power_coll_1023695_interiors_p_library_of_chongqing_electric_power_coll_1023695_interior_2""]",30.1905399,105.8395199,"diagrams,interiors,exteriors",Chongqing,,"The Library of Chongqing Electric Power College is likely an educational facility that serves as a resource center for students and faculty, focusing on literature and information related to electric power and engineering.","library,Chongqing,electric power,education,college"
p_liverpool_civic_place_and_yellamundie_li_1028737,Liverpool Civic Place And Yellamundie Li,Australia,temperate,community center,,"[""i_p_liverpool_civic_place_and_yellamundie_li_1028737_diagrams_p_liverpool_civic_place_and_yellamundie_li_1028737_p_liverpool_civic_place_and_yellamundie_li_1028737_diagrams_p_liverpool_civic_place_and_yellamundie_li_1028737_diagram_1"", ""i_p_liverpool_civic_place_and_yellamundie_li_1028737_diagrams_p_liverpool_civic_place_and_yellamundie_li_1028737_p_liverpool_civic_place_and_yellamundie_li_1028737_diagrams_p_liverpool_civic_place_and_yellamundie_li_1028737_diagram_2"", ""i_p_liverpool_civic_place_and_yellamundie_li_1028737_diagrams_p_liverpool_civic_place_and_yellamundie_li_1028737_p_liverpool_civic_place_and_yellamundie_li_1028737_diagrams_p_liverpool_civic_place_and_yellamundie_li_1028737_diagram_3"", ""i_p_liverpool_civic_place_and_yellamundie_li_1028737_exteriors_p_liverpool_civic_place_and_yellamundie_li_1028737_p_liverpool_civic_place_and_yellamundie_li_1028737_exteriors_p_liverpool_civic_place_and_yellamundie_li_1028737_exterior_1"", ""i_p_liverpool_civic_place_and_yellamundie_li_1028737_exteriors_p_liverpool_civic_place_and_yellamundie_li_1028737_p_liverpool_civic_place_and_yellamundie_li_1028737_exteriors_p_liverpool_civic_place_and_yellamundie_li_1028737_exterior_2"", ""i_p_liverpool_civic_place_and_yellamundie_li_1028737_interiors_p_liverpool_civic_place_and_yellamundie_li_1028737_p_liverpool_civic_place_and_yellamundie_li_1028737_interiors_p_liverpool_civic_place_and_yellamundie_li_1028737_interior_1"", ""i_p_liverpool_civic_place_and_yellamundie_li_1028737_interiors_p_liverpool_civic_place_and_yellamundie_li_1028737_p_liverpool_civic_place_and_yellamundie_li_1028737_interiors_p_liverpool_civic_place_and_yellamundie_li_1028737_interior_2"", ""i_p_liverpool_civic_place_and_yellamundie_li_1028737_interiors_p_liverpool_civic_place_and_yellamundie_li_1028737_p_liverpool_civic_place_and_yellamundie_li_1028737_interiors_p_liverpool_civic_place_and_yellamundie_li_1028737_interior_3"", ""i_p_liverpool_civic_place_and_yellamundie_li_1028737_interiors_p_liverpool_civic_place_and_yellamundie_li_1028737_p_liverpool_civic_place_and_yellamundie_li_1028737_interiors_p_liverpool_civic_place_and_yellamundie_li_1028737_interior_4"", ""i_p_liverpool_civic_place_and_yellamundie_li_1028737_interiors_p_liverpool_civic_place_and_yellamundie_li_1028737_p_liverpool_civic_place_and_yellamundie_li_1028737_interiors_p_liverpool_civic_place_and_yellamundie_li_1028737_interior_5""]",-33.9252319,150.9236571,"diagrams,interiors,exteriors",Liverpool,,"Liverpool Civic Place and Yellamundie Li likely refers to a community-focused development in Liverpool, Australia, aimed at enhancing civic engagement and public space.","Liverpool,community center,civic engagement,public space,Australia"
p_long_march_cultural_digital_art_museum_c_1022354,Long March Cultural Digital Art Museum C,China,tropical,museum,,"[""i_p_long_march_cultural_digital_art_museum_c_1022354_diagrams_p_long_march_cultural_digital_art_museum_c_1022354_p_long_march_cultural_digital_art_museum_c_1022354_diagrams_p_long_march_cultural_digital_art_museum_c_1022354_diagram_1"", ""i_p_long_march_cultural_digital_art_museum_c_1022354_exteriors_p_long_march_cultural_digital_art_museum_c_1022354_p_long_march_cultural_digital_art_museum_c_1022354_exteriors_p_long_march_cultural_digital_art_museum_c_1022354_exterior_1"", ""i_p_long_march_cultural_digital_art_museum_c_1022354_exteriors_p_long_march_cultural_digital_art_museum_c_1022354_p_long_march_cultural_digital_art_museum_c_1022354_exteriors_p_long_march_cultural_digital_art_museum_c_1022354_exterior_2"", ""i_p_long_march_cultural_digital_art_museum_c_1022354_interiors_p_long_march_cultural_digital_art_museum_c_1022354_p_long_march_cultural_digital_art_museum_c_1022354_interiors_p_long_march_cultural_digital_art_museum_c_1022354_interior_1"", ""i_p_long_march_cultural_digital_art_museum_c_1022354_interiors_p_long_march_cultural_digital_art_museum_c_1022354_p_long_march_cultural_digital_art_museum_c_1022354_interiors_p_long_march_cultural_digital_art_museum_c_1022354_interior_2""]",26.6475899,106.63019,"diagrams,interiors,exteriors",null,null,"The Long March Cultural Digital Art Museum C is likely a museum focused on cultural and digital art, possibly commemorating the Long March in Chinese history.","Long March,Cultural,Digital Art,Museum,China"
p_louis_saint_laurent_school_stgm_architec_1026167,Louis Saint Laurent School Stgm Architec,Canada,continental,school,,"[""i_p_louis_saint_laurent_school_stgm_architec_1026167_diagrams_p_louis_saint_laurent_school_stgm_architec_1026167_p_louis_saint_laurent_school_stgm_architec_1026167_diagrams_p_louis_saint_laurent_school_stgm_architec_1026167_diagram_1"", ""i_p_louis_saint_laurent_school_stgm_architec_1026167_exteriors_p_louis_saint_laurent_school_stgm_architec_1026167_p_louis_saint_laurent_school_stgm_architec_1026167_exteriors_p_louis_saint_laurent_school_stgm_architec_1026167_exterior_1"", ""i_p_louis_saint_laurent_school_stgm_architec_1026167_exteriors_p_louis_saint_laurent_school_stgm_architec_1026167_p_louis_saint_laurent_school_stgm_architec_1026167_exteriors_p_louis_saint_laurent_school_stgm_architec_1026167_exterior_2"", ""i_p_louis_saint_laurent_school_stgm_architec_1026167_interiors_p_louis_saint_laurent_school_stgm_architec_1026167_p_louis_saint_laurent_school_stgm_architec_1026167_interiors_p_louis_saint_laurent_school_stgm_architec_1026167_interior_1"", ""i_p_louis_saint_laurent_school_stgm_architec_1026167_interiors_p_louis_saint_laurent_school_stgm_architec_1026167_p_louis_saint_laurent_school_stgm_architec_1026167_interiors_p_louis_saint_laurent_school_stgm_architec_1026167_interior_2"", ""i_p_louis_saint_laurent_school_stgm_architec_1026167_interiors_p_louis_saint_laurent_school_stgm_architec_1026167_p_louis_saint_laurent_school_stgm_architec_1026167_interiors_p_louis_saint_laurent_school_stgm_architec_1026167_interior_3"", ""i_p_louis_saint_laurent_school_stgm_architec_1026167_interiors_p_louis_saint_laurent_school_stgm_architec_1026167_p_louis_saint_laurent_school_stgm_architec_1026167_interiors_p_louis_saint_laurent_school_stgm_architec_1026167_interior_4"", ""i_p_louis_saint_laurent_school_stgm_architec_1026167_interiors_p_louis_saint_laurent_school_stgm_architec_1026167_p_louis_saint_laurent_school_stgm_architec_1026167_interiors_p_louis_saint_laurent_school_stgm_architec_1026167_interior_5""]",56.130366,-106.346771,"diagrams,interiors,exteriors",,Stgm Architec,"The Louis Saint Laurent School is likely an educational institution designed to serve the local community, focusing on providing a conducive learning environment.","Louis Saint Laurent School,education,Canada,Stgm Architec,architecture"
p_m_sironi_academy_of_fine_arts_lerua_stud_1034676,M Sironi Academy Of Fine Arts Lerua Stud,Italy,temperate,school,,"[""i_p_m_sironi_academy_of_fine_arts_lerua_stud_1034676_diagrams_p_m_sironi_academy_of_fine_arts_lerua_stud_1034676_p_m_sironi_academy_of_fine_arts_lerua_stud_1034676_diagrams_p_m_sironi_academy_of_fine_arts_lerua_stud_1034676_diagram_1"", ""i_p_m_sironi_academy_of_fine_arts_lerua_stud_1034676_exteriors_p_m_sironi_academy_of_fine_arts_lerua_stud_1034676_p_m_sironi_academy_of_fine_arts_lerua_stud_1034676_exteriors_p_m_sironi_academy_of_fine_arts_lerua_stud_1034676_exterior_1"", ""i_p_m_sironi_academy_of_fine_arts_lerua_stud_1034676_exteriors_p_m_sironi_academy_of_fine_arts_lerua_stud_1034676_p_m_sironi_academy_of_fine_arts_lerua_stud_1034676_exteriors_p_m_sironi_academy_of_fine_arts_lerua_stud_1034676_exterior_2"", ""i_p_m_sironi_academy_of_fine_arts_lerua_stud_1034676_exteriors_p_m_sironi_academy_of_fine_arts_lerua_stud_1034676_p_m_sironi_academy_of_fine_arts_lerua_stud_1034676_exteriors_p_m_sironi_academy_of_fine_arts_lerua_stud_1034676_exterior_3"", ""i_p_m_sironi_academy_of_fine_arts_lerua_stud_1034676_exteriors_p_m_sironi_academy_of_fine_arts_lerua_stud_1034676_p_m_sironi_academy_of_fine_arts_lerua_stud_1034676_exteriors_p_m_sironi_academy_of_fine_arts_lerua_stud_1034676_exterior_4"", ""i_p_m_sironi_academy_of_fine_arts_lerua_stud_1034676_exteriors_p_m_sironi_academy_of_fine_arts_lerua_stud_1034676_p_m_sironi_academy_of_fine_arts_lerua_stud_1034676_exteriors_p_m_sironi_academy_of_fine_arts_lerua_stud_1034676_exterior_5"", ""i_p_m_sironi_academy_of_fine_arts_lerua_stud_1034676_interiors_p_m_sironi_academy_of_fine_arts_lerua_stud_1034676_p_m_sironi_academy_of_fine_arts_lerua_stud_1034676_interiors_p_m_sironi_academy_of_fine_arts_lerua_stud_1034676_interior_1"", ""i_p_m_sironi_academy_of_fine_arts_lerua_stud_1034676_interiors_p_m_sironi_academy_of_fine_arts_lerua_stud_1034676_p_m_sironi_academy_of_fine_arts_lerua_stud_1034676_interiors_p_m_sironi_academy_of_fine_arts_lerua_stud_1034676_interior_2"", ""i_p_m_sironi_academy_of_fine_arts_lerua_stud_1034676_interiors_p_m_sironi_academy_of_fine_arts_lerua_stud_1034676_p_m_sironi_academy_of_fine_arts_lerua_stud_1034676_interiors_p_m_sironi_academy_of_fine_arts_lerua_stud_1034676_interior_3"", ""i_p_m_sironi_academy_of_fine_arts_lerua_stud_1034676_interiors_p_m_sironi_academy_of_fine_arts_lerua_stud_1034676_p_m_sironi_academy_of_fine_arts_lerua_stud_1034676_interiors_p_m_sironi_academy_of_fine_arts_lerua_stud_1034676_interior_4""]",40.7258034,8.5557334,"diagrams,interiors,exteriors",Lerua,M Sironi,"The M Sironi Academy Of Fine Arts Lerua Stud is likely an educational institution focused on fine arts, providing training and resources for aspiring artists.","academy,fine arts,education,school,M Sironi"
p_majlis_the_manama_wind_catchers_pavilion_1034852,Majlis The Manama Wind Catchers Pavilion,Bahrain,arid,cultural center,,"[""i_p_majlis_the_manama_wind_catchers_pavilion_1034852_exteriors_p_majlis_the_manama_wind_catchers_pavilion_1034852_p_majlis_the_manama_wind_catchers_pavilion_1034852_exteriors_p_majlis_the_manama_wind_catchers_pavilion_1034852_exterior_1"", ""i_p_majlis_the_manama_wind_catchers_pavilion_1034852_exteriors_p_majlis_the_manama_wind_catchers_pavilion_1034852_p_majlis_the_manama_wind_catchers_pavilion_1034852_exteriors_p_majlis_the_manama_wind_catchers_pavilion_1034852_exterior_2"", ""i_p_majlis_the_manama_wind_catchers_pavilion_1034852_interiors_p_majlis_the_manama_wind_catchers_pavilion_1034852_p_majlis_the_manama_wind_catchers_pavilion_1034852_interiors_p_majlis_the_manama_wind_catchers_pavilion_1034852_interior_1"", ""i_p_majlis_the_manama_wind_catchers_pavilion_1034852_interiors_p_majlis_the_manama_wind_catchers_pavilion_1034852_p_majlis_the_manama_wind_catchers_pavilion_1034852_interiors_p_majlis_the_manama_wind_catchers_pavilion_1034852_interior_2""]",45.440379,12.3159547,"interiors,exteriors",Manama,,"The Majlis The Manama Wind Catchers Pavilion is likely a cultural center designed to incorporate traditional architectural elements such as wind catchers, which are used for natural ventilation in hot climates.","Majlis,Manama,Wind Catchers,Pavilion,cultural center,Bahrain,architecture"
p_mengzi_nsau_bookstore_of_librairie_avant_1029258,Mengzi Nsau Bookstore Of Librairie Avant,China,tropical,bookstore,,"[""i_p_mengzi_nsau_bookstore_of_librairie_avant_1029258_exteriors_p_mengzi_nsau_bookstore_of_librairie_avant_1029258_p_mengzi_nsau_bookstore_of_librairie_avant_1029258_exteriors_p_mengzi_nsau_bookstore_of_librairie_avant_1029258_exterior_1"", ""i_p_mengzi_nsau_bookstore_of_librairie_avant_1029258_exteriors_p_mengzi_nsau_bookstore_of_librairie_avant_1029258_p_mengzi_nsau_bookstore_of_librairie_avant_1029258_exteriors_p_mengzi_nsau_bookstore_of_librairie_avant_1029258_exterior_2"", ""i_p_mengzi_nsau_bookstore_of_librairie_avant_1029258_exteriors_p_mengzi_nsau_bookstore_of_librairie_avant_1029258_p_mengzi_nsau_bookstore_of_librairie_avant_1029258_exteriors_p_mengzi_nsau_bookstore_of_librairie_avant_1029258_exterior_3"", ""i_p_mengzi_nsau_bookstore_of_librairie_avant_1029258_interiors_p_mengzi_nsau_bookstore_of_librairie_avant_1029258_p_mengzi_nsau_bookstore_of_librairie_avant_1029258_interiors_p_mengzi_nsau_bookstore_of_librairie_avant_1029258_interior_1"", ""i_p_mengzi_nsau_bookstore_of_librairie_avant_1029258_interiors_p_mengzi_nsau_bookstore_of_librairie_avant_1029258_p_mengzi_nsau_bookstore_of_librairie_avant_1029258_interiors_p_mengzi_nsau_bookstore_of_librairie_avant_1029258_interior_2""]",23.3962199,103.36481,"interiors,exteriors",Mengzi,,"The Mengzi Nsau Bookstore of Librairie Avant is likely a retail space focused on selling books, possibly with a cultural or community-oriented design.","bookstore,library,Mengzi,Librairie Avant,retail,cultural space"
p_mirage_in_yumeshima_pondedge_f_a_r_m_1035126,Mirage In Yumeshima Pondedge F A R M,Japan,temperate,farm,,"[""i_p_mirage_in_yumeshima_pondedge_f_a_r_m_1035126_diagrams_p_mirage_in_yumeshima_pondedge_f_a_r_m_1035126_p_mirage_in_yumeshima_pondedge_f_a_r_m_1035126_diagrams_p_mirage_in_yumeshima_pondedge_f_a_r_m_1035126_diagram_1"", ""i_p_mirage_in_yumeshima_pondedge_f_a_r_m_1035126_exteriors_p_mirage_in_yumeshima_pondedge_f_a_r_m_1035126_p_mirage_in_yumeshima_pondedge_f_a_r_m_1035126_exteriors_p_mirage_in_yumeshima_pondedge_f_a_r_m_1035126_exterior_1"", ""i_p_mirage_in_yumeshima_pondedge_f_a_r_m_1035126_exteriors_p_mirage_in_yumeshima_pondedge_f_a_r_m_1035126_p_mirage_in_yumeshima_pondedge_f_a_r_m_1035126_exteriors_p_mirage_in_yumeshima_pondedge_f_a_r_m_1035126_exterior_2"", ""i_p_mirage_in_yumeshima_pondedge_f_a_r_m_1035126_interiors_p_mirage_in_yumeshima_pondedge_f_a_r_m_1035126_p_mirage_in_yumeshima_pondedge_f_a_r_m_1035126_interiors_p_mirage_in_yumeshima_pondedge_f_a_r_m_1035126_interior_1"", ""i_p_mirage_in_yumeshima_pondedge_f_a_r_m_1035126_interiors_p_mirage_in_yumeshima_pondedge_f_a_r_m_1035126_p_mirage_in_yumeshima_pondedge_f_a_r_m_1035126_interiors_p_mirage_in_yumeshima_pondedge_f_a_r_m_1035126_interior_2""]",34.6937249,135.5022535,"diagrams,interiors,exteriors",Osaka,,"The project likely involves a farm located near Yumeshima Pond, possibly integrating agricultural practices with a focus on sustainability and community engagement.","farm,Yumeshima,agriculture,sustainability,community"
p_mirikaroden_nakagawa_cultural_complex_fu_1032242,Mirikaroden Nakagawa Cultural Complex Fu,Japan,temperate,cultural center,,"[""i_p_mirikaroden_nakagawa_cultural_complex_fu_1032242_diagrams_p_mirikaroden_nakagawa_cultural_complex_fu_1032242_p_mirikaroden_nakagawa_cultural_complex_fu_1032242_diagrams_p_mirikaroden_nakagawa_cultural_complex_fu_1032242_diagram_1"", ""i_p_mirikaroden_nakagawa_cultural_complex_fu_1032242_diagrams_p_mirikaroden_nakagawa_cultural_complex_fu_1032242_p_mirikaroden_nakagawa_cultural_complex_fu_1032242_diagrams_p_mirikaroden_nakagawa_cultural_complex_fu_1032242_diagram_2"", ""i_p_mirikaroden_nakagawa_cultural_complex_fu_1032242_diagrams_p_mirikaroden_nakagawa_cultural_complex_fu_1032242_p_mirikaroden_nakagawa_cultural_complex_fu_1032242_diagrams_p_mirikaroden_nakagawa_cultural_complex_fu_1032242_diagram_3"", ""i_p_mirikaroden_nakagawa_cultural_complex_fu_1032242_exteriors_p_mirikaroden_nakagawa_cultural_complex_fu_1032242_p_mirikaroden_nakagawa_cultural_complex_fu_1032242_exteriors_p_mirikaroden_nakagawa_cultural_complex_fu_1032242_exterior_1"", ""i_p_mirikaroden_nakagawa_cultural_complex_fu_1032242_exteriors_p_mirikaroden_nakagawa_cultural_complex_fu_1032242_p_mirikaroden_nakagawa_cultural_complex_fu_1032242_exteriors_p_mirikaroden_nakagawa_cultural_complex_fu_1032242_exterior_2"", ""i_p_mirikaroden_nakagawa_cultural_complex_fu_1032242_interiors_p_mirikaroden_nakagawa_cultural_complex_fu_1032242_p_mirikaroden_nakagawa_cultural_complex_fu_1032242_interiors_p_mirikaroden_nakagawa_cultural_complex_fu_1032242_interior_1"", ""i_p_mirikaroden_nakagawa_cultural_complex_fu_1032242_interiors_p_mirikaroden_nakagawa_cultural_complex_fu_1032242_p_mirikaroden_nakagawa_cultural_complex_fu_1032242_interiors_p_mirikaroden_nakagawa_cultural_complex_fu_1032242_interior_2"", ""i_p_mirikaroden_nakagawa_cultural_complex_fu_1032242_interiors_p_mirikaroden_nakagawa_cultural_complex_fu_1032242_p_mirikaroden_nakagawa_cultural_complex_fu_1032242_interiors_p_mirikaroden_nakagawa_cultural_complex_fu_1032242_interior_3"", ""i_p_mirikaroden_nakagawa_cultural_complex_fu_1032242_interiors_p_mirikaroden_nakagawa_cultural_complex_fu_1032242_p_mirikaroden_nakagawa_cultural_complex_fu_1032242_interiors_p_mirikaroden_nakagawa_cultural_complex_fu_1032242_interior_4"", ""i_p_mirikaroden_nakagawa_cultural_complex_fu_1032242_interiors_p_mirikaroden_nakagawa_cultural_complex_fu_1032242_p_mirikaroden_nakagawa_cultural_complex_fu_1032242_interiors_p_mirikaroden_nakagawa_cultural_complex_fu_1032242_interior_5""]",33.4995319,130.4221702,"diagrams,interiors,exteriors",Fukuoka,,"The Mirikaroden Nakagawa Cultural Complex Fu is likely a facility designed to host cultural events and activities, serving as a hub for community engagement and artistic expression.","cultural complex,community center,Fukuoka,Japan,architecture"
p_modern_history_of_christianity_museum_ko_1028005,Modern History Of Christianity Museum Ko,South Korea,temperate,museum,,"[""i_p_modern_history_of_christianity_museum_ko_1028005_diagrams_p_modern_history_of_christianity_museum_ko_1028005_p_modern_history_of_christianity_museum_ko_1028005_diagrams_p_modern_history_of_christianity_museum_ko_1028005_diagram_1"", ""i_p_modern_history_of_christianity_museum_ko_1028005_diagrams_p_modern_history_of_christianity_museum_ko_1028005_p_modern_history_of_christianity_museum_ko_1028005_diagrams_p_modern_history_of_christianity_museum_ko_1028005_diagram_2"", ""i_p_modern_history_of_christianity_museum_ko_1028005_diagrams_p_modern_history_of_christianity_museum_ko_1028005_p_modern_history_of_christianity_museum_ko_1028005_diagrams_p_modern_history_of_christianity_museum_ko_1028005_diagram_3"", ""i_p_modern_history_of_christianity_museum_ko_1028005_exteriors_p_modern_history_of_christianity_museum_ko_1028005_p_modern_history_of_christianity_museum_ko_1028005_exteriors_p_modern_history_of_christianity_museum_ko_1028005_exterior_1"", ""i_p_modern_history_of_christianity_museum_ko_1028005_exteriors_p_modern_history_of_christianity_museum_ko_1028005_p_modern_history_of_christianity_museum_ko_1028005_exteriors_p_modern_history_of_christianity_museum_ko_1028005_exterior_2"", ""i_p_modern_history_of_christianity_museum_ko_1028005_exteriors_p_modern_history_of_christianity_museum_ko_1028005_p_modern_history_of_christianity_museum_ko_1028005_exteriors_p_modern_history_of_christianity_museum_ko_1028005_exterior_3"", ""i_p_modern_history_of_christianity_museum_ko_1028005_exteriors_p_modern_history_of_christianity_museum_ko_1028005_p_modern_history_of_christianity_museum_ko_1028005_exteriors_p_modern_history_of_christianity_museum_ko_1028005_exterior_4"", ""i_p_modern_history_of_christianity_museum_ko_1028005_exteriors_p_modern_history_of_christianity_museum_ko_1028005_p_modern_history_of_christianity_museum_ko_1028005_exteriors_p_modern_history_of_christianity_museum_ko_1028005_exterior_5"", ""i_p_modern_history_of_christianity_museum_ko_1028005_interiors_p_modern_history_of_christianity_museum_ko_1028005_p_modern_history_of_christianity_museum_ko_1028005_interiors_p_modern_history_of_christianity_museum_ko_1028005_interior_1"", ""i_p_modern_history_of_christianity_museum_ko_1028005_interiors_p_modern_history_of_christianity_museum_ko_1028005_p_modern_history_of_christianity_museum_ko_1028005_interiors_p_modern_history_of_christianity_museum_ko_1028005_interior_2""]",35.907757,127.766922,"diagrams,interiors,exteriors",null,null,The Modern History Of Christianity Museum Ko is likely a cultural institution dedicated to showcasing the history and impact of Christianity in a modern context.,"museum,Christianity,history,culture,South Korea"
p_modern_mongolian_ger_installation_ger_at_1032499,Modern Mongolian Ger Installation Ger At,Mongolia,continental,cultural center,,"[""i_p_modern_mongolian_ger_installation_ger_at_1032499_exteriors_p_modern_mongolian_ger_installation_ger_at_1032499_p_modern_mongolian_ger_installation_ger_at_1032499_exteriors_p_modern_mongolian_ger_installation_ger_at_1032499_exterior_1"", ""i_p_modern_mongolian_ger_installation_ger_at_1032499_exteriors_p_modern_mongolian_ger_installation_ger_at_1032499_p_modern_mongolian_ger_installation_ger_at_1032499_exteriors_p_modern_mongolian_ger_installation_ger_at_1032499_exterior_2"", ""i_p_modern_mongolian_ger_installation_ger_at_1032499_interiors_p_modern_mongolian_ger_installation_ger_at_1032499_p_modern_mongolian_ger_installation_ger_at_1032499_interiors_p_modern_mongolian_ger_installation_ger_at_1032499_interior_1"", ""i_p_modern_mongolian_ger_installation_ger_at_1032499_interiors_p_modern_mongolian_ger_installation_ger_at_1032499_p_modern_mongolian_ger_installation_ger_at_1032499_interiors_p_modern_mongolian_ger_installation_ger_at_1032499_interior_2""]",42.2585999,118.88894,"interiors,exteriors",,,"The project likely involves the installation of a modern interpretation of a traditional Mongolian ger, which serves as a cultural space or gathering area.","Mongolian Ger,installation,cultural center,modern architecture"
p_moon_pavilion_atelier_guo_1034543,Moon Pavilion Atelier Guo,China,tropical,,,"[""i_p_moon_pavilion_atelier_guo_1034543_exteriors_p_moon_pavilion_atelier_guo_1034543_p_moon_pavilion_atelier_guo_1034543_exteriors_p_moon_pavilion_atelier_guo_1034543_exterior_1"", ""i_p_moon_pavilion_atelier_guo_1034543_exteriors_p_moon_pavilion_atelier_guo_1034543_p_moon_pavilion_atelier_guo_1034543_exteriors_p_moon_pavilion_atelier_guo_1034543_exterior_2"", ""i_p_moon_pavilion_atelier_guo_1034543_exteriors_p_moon_pavilion_atelier_guo_1034543_p_moon_pavilion_atelier_guo_1034543_exteriors_p_moon_pavilion_atelier_guo_1034543_exterior_3"", ""i_p_moon_pavilion_atelier_guo_1034543_exteriors_p_moon_pavilion_atelier_guo_1034543_p_moon_pavilion_atelier_guo_1034543_exteriors_p_moon_pavilion_atelier_guo_1034543_exterior_4"", ""i_p_moon_pavilion_atelier_guo_1034543_exteriors_p_moon_pavilion_atelier_guo_1034543_p_moon_pavilion_atelier_guo_1034543_exteriors_p_moon_pavilion_atelier_guo_1034543_exterior_5"", ""i_p_moon_pavilion_atelier_guo_1034543_interiors_p_moon_pavilion_atelier_guo_1034543_p_moon_pavilion_atelier_guo_1034543_interiors_p_moon_pavilion_atelier_guo_1034543_interior_1"", ""i_p_moon_pavilion_atelier_guo_1034543_interiors_p_moon_pavilion_atelier_guo_1034543_p_moon_pavilion_atelier_guo_1034543_interiors_p_moon_pavilion_atelier_guo_1034543_interior_2"", ""i_p_moon_pavilion_atelier_guo_1034543_interiors_p_moon_pavilion_atelier_guo_1034543_p_moon_pavilion_atelier_guo_1034543_interiors_p_moon_pavilion_atelier_guo_1034543_interior_3""]",23.1125099,114.41552,"interiors,exteriors",,Guo,"The Moon Pavilion Atelier Guo likely refers to a design project by architect Guo, possibly featuring a pavilion structure that emphasizes a connection to nature or lunar themes.","pavilion,architecture,Guo,moon,design"
p_mumo_museum_of_motorcycles_draa_1030778,Mumo Museum Of Motorcycles Draa,null,null,museum,,"[""i_p_mumo_museum_of_motorcycles_draa_1030778_exteriors_p_mumo_museum_of_motorcycles_draa_1030778_p_mumo_museum_of_motorcycles_draa_1030778_exteriors_p_mumo_museum_of_motorcycles_draa_1030778_exterior_1"", ""i_p_mumo_museum_of_motorcycles_draa_1030778_exteriors_p_mumo_museum_of_motorcycles_draa_1030778_p_mumo_museum_of_motorcycles_draa_1030778_exteriors_p_mumo_museum_of_motorcycles_draa_1030778_exterior_2"", ""i_p_mumo_museum_of_motorcycles_draa_1030778_exteriors_p_mumo_museum_of_motorcycles_draa_1030778_p_mumo_museum_of_motorcycles_draa_1030778_exteriors_p_mumo_museum_of_motorcycles_draa_1030778_exterior_3"", ""i_p_mumo_museum_of_motorcycles_draa_1030778_exteriors_p_mumo_museum_of_motorcycles_draa_1030778_p_mumo_museum_of_motorcycles_draa_1030778_exteriors_p_mumo_museum_of_motorcycles_draa_1030778_exterior_4"", ""i_p_mumo_museum_of_motorcycles_draa_1030778_exteriors_p_mumo_museum_of_motorcycles_draa_1030778_p_mumo_museum_of_motorcycles_draa_1030778_exteriors_p_mumo_museum_of_motorcycles_draa_1030778_exterior_5"", ""i_p_mumo_museum_of_motorcycles_draa_1030778_interiors_p_mumo_museum_of_motorcycles_draa_1030778_p_mumo_museum_of_motorcycles_draa_1030778_interiors_p_mumo_museum_of_motorcycles_draa_1030778_interior_1"", ""i_p_mumo_museum_of_motorcycles_draa_1030778_interiors_p_mumo_museum_of_motorcycles_draa_1030778_p_mumo_museum_of_motorcycles_draa_1030778_interiors_p_mumo_museum_of_motorcycles_draa_1030778_interior_2""]",-40.9768373,-72.8819616,"interiors,exteriors",null,null,"The Mumo Museum Of Motorcycles Draa is likely a cultural institution dedicated to the exhibition and preservation of motorcycles, showcasing their history and significance.","museum,motorcycles,cultural institution,exhibition,preservation"
p_munarra_centre_for_regional_excellence_a_1035026,Munarra Centre For Regional Excellence A,Australia,temperate,community center,,"[""i_p_munarra_centre_for_regional_excellence_a_1035026_diagrams_p_munarra_centre_for_regional_excellence_a_1035026_p_munarra_centre_for_regional_excellence_a_1035026_diagrams_p_munarra_centre_for_regional_excellence_a_1035026_diagram_1"", ""i_p_munarra_centre_for_regional_excellence_a_1035026_diagrams_p_munarra_centre_for_regional_excellence_a_1035026_p_munarra_centre_for_regional_excellence_a_1035026_diagrams_p_munarra_centre_for_regional_excellence_a_1035026_diagram_2"", ""i_p_munarra_centre_for_regional_excellence_a_1035026_diagrams_p_munarra_centre_for_regional_excellence_a_1035026_p_munarra_centre_for_regional_excellence_a_1035026_diagrams_p_munarra_centre_for_regional_excellence_a_1035026_diagram_3"", ""i_p_munarra_centre_for_regional_excellence_a_1035026_exteriors_p_munarra_centre_for_regional_excellence_a_1035026_p_munarra_centre_for_regional_excellence_a_1035026_exteriors_p_munarra_centre_for_regional_excellence_a_1035026_exterior_1"", ""i_p_munarra_centre_for_regional_excellence_a_1035026_exteriors_p_munarra_centre_for_regional_excellence_a_1035026_p_munarra_centre_for_regional_excellence_a_1035026_exteriors_p_munarra_centre_for_regional_excellence_a_1035026_exterior_2"", ""i_p_munarra_centre_for_regional_excellence_a_1035026_exteriors_p_munarra_centre_for_regional_excellence_a_1035026_p_munarra_centre_for_regional_excellence_a_1035026_exteriors_p_munarra_centre_for_regional_excellence_a_1035026_exterior_3"", ""i_p_munarra_centre_for_regional_excellence_a_1035026_exteriors_p_munarra_centre_for_regional_excellence_a_1035026_p_munarra_centre_for_regional_excellence_a_1035026_exteriors_p_munarra_centre_for_regional_excellence_a_1035026_exterior_4"", ""i_p_munarra_centre_for_regional_excellence_a_1035026_exteriors_p_munarra_centre_for_regional_excellence_a_1035026_p_munarra_centre_for_regional_excellence_a_1035026_exteriors_p_munarra_centre_for_regional_excellence_a_1035026_exterior_5"", ""i_p_munarra_centre_for_regional_excellence_a_1035026_interiors_p_munarra_centre_for_regional_excellence_a_1035026_p_munarra_centre_for_regional_excellence_a_1035026_interiors_p_munarra_centre_for_regional_excellence_a_1035026_interior_1"", ""i_p_munarra_centre_for_regional_excellence_a_1035026_interiors_p_munarra_centre_for_regional_excellence_a_1035026_p_munarra_centre_for_regional_excellence_a_1035026_interiors_p_munarra_centre_for_regional_excellence_a_1035026_interior_2""]",-36.3811027,145.3993137,"diagrams,interiors,exteriors",null,null,The Munarra Centre for Regional Excellence A is likely a facility aimed at promoting community engagement and development in a regional context.,"community center,regional excellence,Australia,Munarra"
p_museum_bezau_innauer_matt_architekten_1031766,Museum Bezau Innauer Matt Architekten,Austria,temperate,museum,,"[""i_p_museum_bezau_innauer_matt_architekten_1031766_diagrams_p_museum_bezau_innauer_matt_architekten_1031766_p_museum_bezau_innauer_matt_architekten_1031766_diagrams_p_museum_bezau_innauer_matt_architekten_1031766_diagram_1"", ""i_p_museum_bezau_innauer_matt_architekten_1031766_diagrams_p_museum_bezau_innauer_matt_architekten_1031766_p_museum_bezau_innauer_matt_architekten_1031766_diagrams_p_museum_bezau_innauer_matt_architekten_1031766_diagram_2"", ""i_p_museum_bezau_innauer_matt_architekten_1031766_diagrams_p_museum_bezau_innauer_matt_architekten_1031766_p_museum_bezau_innauer_matt_architekten_1031766_diagrams_p_museum_bezau_innauer_matt_architekten_1031766_diagram_3"", ""i_p_museum_bezau_innauer_matt_architekten_1031766_exteriors_p_museum_bezau_innauer_matt_architekten_1031766_p_museum_bezau_innauer_matt_architekten_1031766_exteriors_p_museum_bezau_innauer_matt_architekten_1031766_exterior_1"", ""i_p_museum_bezau_innauer_matt_architekten_1031766_exteriors_p_museum_bezau_innauer_matt_architekten_1031766_p_museum_bezau_innauer_matt_architekten_1031766_exteriors_p_museum_bezau_innauer_matt_architekten_1031766_exterior_2"", ""i_p_museum_bezau_innauer_matt_architekten_1031766_exteriors_p_museum_bezau_innauer_matt_architekten_1031766_p_museum_bezau_innauer_matt_architekten_1031766_exteriors_p_museum_bezau_innauer_matt_architekten_1031766_exterior_3"", ""i_p_museum_bezau_innauer_matt_architekten_1031766_exteriors_p_museum_bezau_innauer_matt_architekten_1031766_p_museum_bezau_innauer_matt_architekten_1031766_exteriors_p_museum_bezau_innauer_matt_architekten_1031766_exterior_4"", ""i_p_museum_bezau_innauer_matt_architekten_1031766_exteriors_p_museum_bezau_innauer_matt_architekten_1031766_p_museum_bezau_innauer_matt_architekten_1031766_exteriors_p_museum_bezau_innauer_matt_architekten_1031766_exterior_5"", ""i_p_museum_bezau_innauer_matt_architekten_1031766_interiors_p_museum_bezau_innauer_matt_architekten_1031766_p_museum_bezau_innauer_matt_architekten_1031766_interiors_p_museum_bezau_innauer_matt_architekten_1031766_interior_1"", ""i_p_museum_bezau_innauer_matt_architekten_1031766_interiors_p_museum_bezau_innauer_matt_architekten_1031766_p_museum_bezau_innauer_matt_architekten_1031766_interiors_p_museum_bezau_innauer_matt_architekten_1031766_interior_2"", ""i_p_museum_bezau_innauer_matt_architekten_1031766_interiors_p_museum_bezau_innauer_matt_architekten_1031766_p_museum_bezau_innauer_matt_architekten_1031766_interiors_p_museum_bezau_innauer_matt_architekten_1031766_interior_3"", ""i_p_museum_bezau_innauer_matt_architekten_1031766_interiors_p_museum_bezau_innauer_matt_architekten_1031766_p_museum_bezau_innauer_matt_architekten_1031766_interiors_p_museum_bezau_innauer_matt_architekten_1031766_interior_4"", ""i_p_museum_bezau_innauer_matt_architekten_1031766_interiors_p_museum_bezau_innauer_matt_architekten_1031766_p_museum_bezau_innauer_matt_architekten_1031766_interiors_p_museum_bezau_innauer_matt_architekten_1031766_interior_5""]",47.3854621,9.9040057,"diagrams,interiors,exteriors",Bezau,Innauer Matt Architekten,"Museum Bezau is likely a cultural institution designed to showcase art, history, or local heritage, created by the architectural firm Innauer Matt Architekten.","museum,Innauer Matt Architekten,cultural institution,Bezau,Austria"
p_mycelial_hut_yong_ju_lee_architecture_1035602,Mycelial Hut Yong Ju Lee Architecture,,,hut,,"[""i_p_mycelial_hut_yong_ju_lee_architecture_1035602_diagrams_p_mycelial_hut_yong_ju_lee_architecture_1035602_p_mycelial_hut_yong_ju_lee_architecture_1035602_diagrams_p_mycelial_hut_yong_ju_lee_architecture_1035602_diagram_1"", ""i_p_mycelial_hut_yong_ju_lee_architecture_1035602_diagrams_p_mycelial_hut_yong_ju_lee_architecture_1035602_p_mycelial_hut_yong_ju_lee_architecture_1035602_diagrams_p_mycelial_hut_yong_ju_lee_architecture_1035602_diagram_2"", ""i_p_mycelial_hut_yong_ju_lee_architecture_1035602_exteriors_p_mycelial_hut_yong_ju_lee_architecture_1035602_p_mycelial_hut_yong_ju_lee_architecture_1035602_exteriors_p_mycelial_hut_yong_ju_lee_architecture_1035602_exterior_1"", ""i_p_mycelial_hut_yong_ju_lee_architecture_1035602_exteriors_p_mycelial_hut_yong_ju_lee_architecture_1035602_p_mycelial_hut_yong_ju_lee_architecture_1035602_exteriors_p_mycelial_hut_yong_ju_lee_architecture_1035602_exterior_2"", ""i_p_mycelial_hut_yong_ju_lee_architecture_1035602_exteriors_p_mycelial_hut_yong_ju_lee_architecture_1035602_p_mycelial_hut_yong_ju_lee_architecture_1035602_exteriors_p_mycelial_hut_yong_ju_lee_architecture_1035602_exterior_3"", ""i_p_mycelial_hut_yong_ju_lee_architecture_1035602_exteriors_p_mycelial_hut_yong_ju_lee_architecture_1035602_p_mycelial_hut_yong_ju_lee_architecture_1035602_exteriors_p_mycelial_hut_yong_ju_lee_architecture_1035602_exterior_4"", ""i_p_mycelial_hut_yong_ju_lee_architecture_1035602_exteriors_p_mycelial_hut_yong_ju_lee_architecture_1035602_p_mycelial_hut_yong_ju_lee_architecture_1035602_exteriors_p_mycelial_hut_yong_ju_lee_architecture_1035602_exterior_5"", ""i_p_mycelial_hut_yong_ju_lee_architecture_1035602_interiors_p_mycelial_hut_yong_ju_lee_architecture_1035602_p_mycelial_hut_yong_ju_lee_architecture_1035602_interiors_p_mycelial_hut_yong_ju_lee_architecture_1035602_interior_1"", ""i_p_mycelial_hut_yong_ju_lee_architecture_1035602_interiors_p_mycelial_hut_yong_ju_lee_architecture_1035602_p_mycelial_hut_yong_ju_lee_architecture_1035602_interiors_p_mycelial_hut_yong_ju_lee_architecture_1035602_interior_2""]",,,"diagrams,interiors,exteriors",,Yong Ju Lee,"The Mycelial Hut likely refers to a small, innovative structure designed by architect Yong Ju Lee, possibly inspired by mycelium as a sustainable building material.","mycelium,architecture,sustainable design,Yong Ju Lee,hut"
p_nara_church_arkpro_studio_albania_1027588,Nara Church Arkpro Studio Albania,Albania,temperate,church,,"[""i_p_nara_church_arkpro_studio_albania_1027588_diagrams_p_nara_church_arkpro_studio_albania_1027588_p_nara_church_arkpro_studio_albania_1027588_diagrams_p_nara_church_arkpro_studio_albania_1027588_diagram_1"", ""i_p_nara_church_arkpro_studio_albania_1027588_diagrams_p_nara_church_arkpro_studio_albania_1027588_p_nara_church_arkpro_studio_albania_1027588_diagrams_p_nara_church_arkpro_studio_albania_1027588_diagram_2"", ""i_p_nara_church_arkpro_studio_albania_1027588_diagrams_p_nara_church_arkpro_studio_albania_1027588_p_nara_church_arkpro_studio_albania_1027588_diagrams_p_nara_church_arkpro_studio_albania_1027588_diagram_3"", ""i_p_nara_church_arkpro_studio_albania_1027588_exteriors_p_nara_church_arkpro_studio_albania_1027588_p_nara_church_arkpro_studio_albania_1027588_exteriors_p_nara_church_arkpro_studio_albania_1027588_exterior_1"", ""i_p_nara_church_arkpro_studio_albania_1027588_exteriors_p_nara_church_arkpro_studio_albania_1027588_p_nara_church_arkpro_studio_albania_1027588_exteriors_p_nara_church_arkpro_studio_albania_1027588_exterior_2"", ""i_p_nara_church_arkpro_studio_albania_1027588_exteriors_p_nara_church_arkpro_studio_albania_1027588_p_nara_church_arkpro_studio_albania_1027588_exteriors_p_nara_church_arkpro_studio_albania_1027588_exterior_3"", ""i_p_nara_church_arkpro_studio_albania_1027588_exteriors_p_nara_church_arkpro_studio_albania_1027588_p_nara_church_arkpro_studio_albania_1027588_exteriors_p_nara_church_arkpro_studio_albania_1027588_exterior_4"", ""i_p_nara_church_arkpro_studio_albania_1027588_exteriors_p_nara_church_arkpro_studio_albania_1027588_p_nara_church_arkpro_studio_albania_1027588_exteriors_p_nara_church_arkpro_studio_albania_1027588_exterior_5"", ""i_p_nara_church_arkpro_studio_albania_1027588_interiors_p_nara_church_arkpro_studio_albania_1027588_p_nara_church_arkpro_studio_albania_1027588_interiors_p_nara_church_arkpro_studio_albania_1027588_interior_1"", ""i_p_nara_church_arkpro_studio_albania_1027588_interiors_p_nara_church_arkpro_studio_albania_1027588_p_nara_church_arkpro_studio_albania_1027588_interiors_p_nara_church_arkpro_studio_albania_1027588_interior_2""]",41.153332,20.168331,"diagrams,interiors,exteriors",,Arkpro Studio,"The Nara Church is likely a religious building designed by Arkpro Studio, situated in Albania. It may serve as a place of worship and community gathering.","Nara Church,Arkpro Studio,Albania,religious building,architecture"
p_neighborhood_center_augustin_nbundm_1034673,Neighborhood Center Augustin Nbundm,Germany,temperate,community center,,"[""i_p_neighborhood_center_augustin_nbundm_1034673_diagrams_p_neighborhood_center_augustin_nbundm_1034673_p_neighborhood_center_augustin_nbundm_1034673_diagrams_p_neighborhood_center_augustin_nbundm_1034673_diagram_1"", ""i_p_neighborhood_center_augustin_nbundm_1034673_exteriors_p_neighborhood_center_augustin_nbundm_1034673_p_neighborhood_center_augustin_nbundm_1034673_exteriors_p_neighborhood_center_augustin_nbundm_1034673_exterior_1"", ""i_p_neighborhood_center_augustin_nbundm_1034673_exteriors_p_neighborhood_center_augustin_nbundm_1034673_p_neighborhood_center_augustin_nbundm_1034673_exteriors_p_neighborhood_center_augustin_nbundm_1034673_exterior_2"", ""i_p_neighborhood_center_augustin_nbundm_1034673_exteriors_p_neighborhood_center_augustin_nbundm_1034673_p_neighborhood_center_augustin_nbundm_1034673_exteriors_p_neighborhood_center_augustin_nbundm_1034673_exterior_3"", ""i_p_neighborhood_center_augustin_nbundm_1034673_exteriors_p_neighborhood_center_augustin_nbundm_1034673_p_neighborhood_center_augustin_nbundm_1034673_exteriors_p_neighborhood_center_augustin_nbundm_1034673_exterior_4"", ""i_p_neighborhood_center_augustin_nbundm_1034673_exteriors_p_neighborhood_center_augustin_nbundm_1034673_p_neighborhood_center_augustin_nbundm_1034673_exteriors_p_neighborhood_center_augustin_nbundm_1034673_exterior_5"", ""i_p_neighborhood_center_augustin_nbundm_1034673_interiors_p_neighborhood_center_augustin_nbundm_1034673_p_neighborhood_center_augustin_nbundm_1034673_interiors_p_neighborhood_center_augustin_nbundm_1034673_interior_1"", ""i_p_neighborhood_center_augustin_nbundm_1034673_interiors_p_neighborhood_center_augustin_nbundm_1034673_p_neighborhood_center_augustin_nbundm_1034673_interiors_p_neighborhood_center_augustin_nbundm_1034673_interior_2"", ""i_p_neighborhood_center_augustin_nbundm_1034673_interiors_p_neighborhood_center_augustin_nbundm_1034673_p_neighborhood_center_augustin_nbundm_1034673_interiors_p_neighborhood_center_augustin_nbundm_1034673_interior_3""]",48.7667395,11.4226498,"diagrams,interiors,exteriors",null,null,"The Neighborhood Center Augustin Nbundm likely serves as a community hub for local residents, providing various services and activities to foster community engagement.","neighborhood center,community,Germany,public space,local services"
p_new_apostolic_church_bez_kock_architekte_1027905,New Apostolic Church Bez Kock Architekte,Germany,temperate,church,,"[""i_p_new_apostolic_church_bez_kock_architekte_1027905_diagrams_p_new_apostolic_church_bez_kock_architekte_1027905_p_new_apostolic_church_bez_kock_architekte_1027905_diagrams_p_new_apostolic_church_bez_kock_architekte_1027905_diagram_1"", ""i_p_new_apostolic_church_bez_kock_architekte_1027905_diagrams_p_new_apostolic_church_bez_kock_architekte_1027905_p_new_apostolic_church_bez_kock_architekte_1027905_diagrams_p_new_apostolic_church_bez_kock_architekte_1027905_diagram_2"", ""i_p_new_apostolic_church_bez_kock_architekte_1027905_exteriors_p_new_apostolic_church_bez_kock_architekte_1027905_p_new_apostolic_church_bez_kock_architekte_1027905_exteriors_p_new_apostolic_church_bez_kock_architekte_1027905_exterior_1"", ""i_p_new_apostolic_church_bez_kock_architekte_1027905_exteriors_p_new_apostolic_church_bez_kock_architekte_1027905_p_new_apostolic_church_bez_kock_architekte_1027905_exteriors_p_new_apostolic_church_bez_kock_architekte_1027905_exterior_2"", ""i_p_new_apostolic_church_bez_kock_architekte_1027905_exteriors_p_new_apostolic_church_bez_kock_architekte_1027905_p_new_apostolic_church_bez_kock_architekte_1027905_exteriors_p_new_apostolic_church_bez_kock_architekte_1027905_exterior_3"", ""i_p_new_apostolic_church_bez_kock_architekte_1027905_interiors_p_new_apostolic_church_bez_kock_architekte_1027905_p_new_apostolic_church_bez_kock_architekte_1027905_interiors_p_new_apostolic_church_bez_kock_architekte_1027905_interior_1"", ""i_p_new_apostolic_church_bez_kock_architekte_1027905_interiors_p_new_apostolic_church_bez_kock_architekte_1027905_p_new_apostolic_church_bez_kock_architekte_1027905_interiors_p_new_apostolic_church_bez_kock_architekte_1027905_interior_2"", ""i_p_new_apostolic_church_bez_kock_architekte_1027905_interiors_p_new_apostolic_church_bez_kock_architekte_1027905_p_new_apostolic_church_bez_kock_architekte_1027905_interiors_p_new_apostolic_church_bez_kock_architekte_1027905_interior_3"", ""i_p_new_apostolic_church_bez_kock_architekte_1027905_interiors_p_new_apostolic_church_bez_kock_architekte_1027905_p_new_apostolic_church_bez_kock_architekte_1027905_interiors_p_new_apostolic_church_bez_kock_architekte_1027905_interior_4""]",51.165691,10.451526,"diagrams,interiors,exteriors",,Bez Kock,"The project likely involves the design or construction of a church for the New Apostolic Church, attributed to architect Bez Kock.","New Apostolic Church,church,Bez Kock,architecture,Germany"
p_new_churches_st_luke_st_matthew_meixner_1027333,New Churches St Luke St Matthew Meixner,Germany,temperate,church,,"[""i_p_new_churches_st_luke_st_matthew_meixner_1027333_diagrams_p_new_churches_st_luke_st_matthew_meixner_1027333_p_new_churches_st_luke_st_matthew_meixner_1027333_diagrams_p_new_churches_st_luke_st_matthew_meixner_1027333_diagram_1"", ""i_p_new_churches_st_luke_st_matthew_meixner_1027333_exteriors_p_new_churches_st_luke_st_matthew_meixner_1027333_p_new_churches_st_luke_st_matthew_meixner_1027333_exteriors_p_new_churches_st_luke_st_matthew_meixner_1027333_exterior_1"", ""i_p_new_churches_st_luke_st_matthew_meixner_1027333_exteriors_p_new_churches_st_luke_st_matthew_meixner_1027333_p_new_churches_st_luke_st_matthew_meixner_1027333_exteriors_p_new_churches_st_luke_st_matthew_meixner_1027333_exterior_2"", ""i_p_new_churches_st_luke_st_matthew_meixner_1027333_exteriors_p_new_churches_st_luke_st_matthew_meixner_1027333_p_new_churches_st_luke_st_matthew_meixner_1027333_exteriors_p_new_churches_st_luke_st_matthew_meixner_1027333_exterior_3"", ""i_p_new_churches_st_luke_st_matthew_meixner_1027333_interiors_p_new_churches_st_luke_st_matthew_meixner_1027333_p_new_churches_st_luke_st_matthew_meixner_1027333_interiors_p_new_churches_st_luke_st_matthew_meixner_1027333_interior_1"", ""i_p_new_churches_st_luke_st_matthew_meixner_1027333_interiors_p_new_churches_st_luke_st_matthew_meixner_1027333_p_new_churches_st_luke_st_matthew_meixner_1027333_interiors_p_new_churches_st_luke_st_matthew_meixner_1027333_interior_2"", ""i_p_new_churches_st_luke_st_matthew_meixner_1027333_interiors_p_new_churches_st_luke_st_matthew_meixner_1027333_p_new_churches_st_luke_st_matthew_meixner_1027333_interiors_p_new_churches_st_luke_st_matthew_meixner_1027333_interior_3"", ""i_p_new_churches_st_luke_st_matthew_meixner_1027333_interiors_p_new_churches_st_luke_st_matthew_meixner_1027333_p_new_churches_st_luke_st_matthew_meixner_1027333_interiors_p_new_churches_st_luke_st_matthew_meixner_1027333_interior_4"", ""i_p_new_churches_st_luke_st_matthew_meixner_1027333_interiors_p_new_churches_st_luke_st_matthew_meixner_1027333_p_new_churches_st_luke_st_matthew_meixner_1027333_interiors_p_new_churches_st_luke_st_matthew_meixner_1027333_interior_5""]",51.165691,10.451526,"diagrams,interiors,exteriors",,Meixner,"This project likely involves the design and construction of new church buildings named after St. Luke and St. Matthew, possibly indicating a religious or community focus.","church,religious architecture,community,St. Luke,St. Matthew,Meixner"
p_new_science_and_technology_museum_of_hen_1034203,New Science And Technology Museum Of Hen,null,null,museum,,"[""i_p_new_science_and_technology_museum_of_hen_1034203_exteriors_p_new_science_and_technology_museum_of_hen_1034203_p_new_science_and_technology_museum_of_hen_1034203_exteriors_p_new_science_and_technology_museum_of_hen_1034203_exterior_1"", ""i_p_new_science_and_technology_museum_of_hen_1034203_exteriors_p_new_science_and_technology_museum_of_hen_1034203_p_new_science_and_technology_museum_of_hen_1034203_exteriors_p_new_science_and_technology_museum_of_hen_1034203_exterior_2"", ""i_p_new_science_and_technology_museum_of_hen_1034203_exteriors_p_new_science_and_technology_museum_of_hen_1034203_p_new_science_and_technology_museum_of_hen_1034203_exteriors_p_new_science_and_technology_museum_of_hen_1034203_exterior_3"", ""i_p_new_science_and_technology_museum_of_hen_1034203_exteriors_p_new_science_and_technology_museum_of_hen_1034203_p_new_science_and_technology_museum_of_hen_1034203_exteriors_p_new_science_and_technology_museum_of_hen_1034203_exterior_4"", ""i_p_new_science_and_technology_museum_of_hen_1034203_exteriors_p_new_science_and_technology_museum_of_hen_1034203_p_new_science_and_technology_museum_of_hen_1034203_exteriors_p_new_science_and_technology_museum_of_hen_1034203_exterior_5"", ""i_p_new_science_and_technology_museum_of_hen_1034203_interiors_p_new_science_and_technology_museum_of_hen_1034203_p_new_science_and_technology_museum_of_hen_1034203_interiors_p_new_science_and_technology_museum_of_hen_1034203_interior_1"", ""i_p_new_science_and_technology_museum_of_hen_1034203_interiors_p_new_science_and_technology_museum_of_hen_1034203_p_new_science_and_technology_museum_of_hen_1034203_interiors_p_new_science_and_technology_museum_of_hen_1034203_interior_2"", ""i_p_new_science_and_technology_museum_of_hen_1034203_interiors_p_new_science_and_technology_museum_of_hen_1034203_p_new_science_and_technology_museum_of_hen_1034203_interiors_p_new_science_and_technology_museum_of_hen_1034203_interior_3""]",25.486755,28.98142739999999,"interiors,exteriors",null,null,The New Science And Technology Museum Of Hen is likely a cultural institution dedicated to the exhibition and education of science and technology topics.,"science,technology,museum,education,cultural institution"
p_new_taipei_city_art_museum_kris_yao_arte_1023080,New Taipei City Art Museum Kris Yao Arte,Taiwan,tropical,museum,,"[""i_p_new_taipei_city_art_museum_kris_yao_arte_1023080_diagrams_p_new_taipei_city_art_museum_kris_yao_arte_1023080_p_new_taipei_city_art_museum_kris_yao_arte_1023080_diagrams_p_new_taipei_city_art_museum_kris_yao_arte_1023080_diagram_1"", ""i_p_new_taipei_city_art_museum_kris_yao_arte_1023080_exteriors_p_new_taipei_city_art_museum_kris_yao_arte_1023080_p_new_taipei_city_art_museum_kris_yao_arte_1023080_exteriors_p_new_taipei_city_art_museum_kris_yao_arte_1023080_exterior_1"", ""i_p_new_taipei_city_art_museum_kris_yao_arte_1023080_exteriors_p_new_taipei_city_art_museum_kris_yao_arte_1023080_p_new_taipei_city_art_museum_kris_yao_arte_1023080_exteriors_p_new_taipei_city_art_museum_kris_yao_arte_1023080_exterior_2"", ""i_p_new_taipei_city_art_museum_kris_yao_arte_1023080_interiors_p_new_taipei_city_art_museum_kris_yao_arte_1023080_p_new_taipei_city_art_museum_kris_yao_arte_1023080_interiors_p_new_taipei_city_art_museum_kris_yao_arte_1023080_interior_1"", ""i_p_new_taipei_city_art_museum_kris_yao_arte_1023080_interiors_p_new_taipei_city_art_museum_kris_yao_arte_1023080_p_new_taipei_city_art_museum_kris_yao_arte_1023080_interiors_p_new_taipei_city_art_museum_kris_yao_arte_1023080_interior_2""]",25.0169826,121.4627868,"diagrams,interiors,exteriors",New Taipei City,Kris Yao,The New Taipei City Art Museum is likely a cultural institution designed to showcase art and engage the community through exhibitions and educational programs. The involvement of architect Kris Yao suggests a contemporary design approach.,"New Taipei City,Art Museum,Kris Yao,cultural institution,architecture"
p_nhm_commons_museum_wing_and_community_hu_1023820,Nhm Commons Museum Wing And Community Hu,United States,temperate,museum,,"[""i_p_nhm_commons_museum_wing_and_community_hu_1023820_diagrams_p_nhm_commons_museum_wing_and_community_hu_1023820_p_nhm_commons_museum_wing_and_community_hu_1023820_diagrams_p_nhm_commons_museum_wing_and_community_hu_1023820_diagram_1"", ""i_p_nhm_commons_museum_wing_and_community_hu_1023820_diagrams_p_nhm_commons_museum_wing_and_community_hu_1023820_p_nhm_commons_museum_wing_and_community_hu_1023820_diagrams_p_nhm_commons_museum_wing_and_community_hu_1023820_diagram_2"", ""i_p_nhm_commons_museum_wing_and_community_hu_1023820_diagrams_p_nhm_commons_museum_wing_and_community_hu_1023820_p_nhm_commons_museum_wing_and_community_hu_1023820_diagrams_p_nhm_commons_museum_wing_and_community_hu_1023820_diagram_3"", ""i_p_nhm_commons_museum_wing_and_community_hu_1023820_exteriors_p_nhm_commons_museum_wing_and_community_hu_1023820_p_nhm_commons_museum_wing_and_community_hu_1023820_exteriors_p_nhm_commons_museum_wing_and_community_hu_1023820_exterior_1"", ""i_p_nhm_commons_museum_wing_and_community_hu_1023820_exteriors_p_nhm_commons_museum_wing_and_community_hu_1023820_p_nhm_commons_museum_wing_and_community_hu_1023820_exteriors_p_nhm_commons_museum_wing_and_community_hu_1023820_exterior_2"", ""i_p_nhm_commons_museum_wing_and_community_hu_1023820_interiors_p_nhm_commons_museum_wing_and_community_hu_1023820_p_nhm_commons_museum_wing_and_community_hu_1023820_interiors_p_nhm_commons_museum_wing_and_community_hu_1023820_interior_1"", ""i_p_nhm_commons_museum_wing_and_community_hu_1023820_interiors_p_nhm_commons_museum_wing_and_community_hu_1023820_p_nhm_commons_museum_wing_and_community_hu_1023820_interiors_p_nhm_commons_museum_wing_and_community_hu_1023820_interior_2"", ""i_p_nhm_commons_museum_wing_and_community_hu_1023820_interiors_p_nhm_commons_museum_wing_and_community_hu_1023820_p_nhm_commons_museum_wing_and_community_hu_1023820_interiors_p_nhm_commons_museum_wing_and_community_hu_1023820_interior_3"", ""i_p_nhm_commons_museum_wing_and_community_hu_1023820_interiors_p_nhm_commons_museum_wing_and_community_hu_1023820_p_nhm_commons_museum_wing_and_community_hu_1023820_interiors_p_nhm_commons_museum_wing_and_community_hu_1023820_interior_4"", ""i_p_nhm_commons_museum_wing_and_community_hu_1023820_interiors_p_nhm_commons_museum_wing_and_community_hu_1023820_p_nhm_commons_museum_wing_and_community_hu_1023820_interiors_p_nhm_commons_museum_wing_and_community_hu_1023820_interior_5""]",34.0549076,-118.242643,"diagrams,interiors,exteriors",Los Angeles,,"The Nhm Commons Museum Wing and Community Hub likely serves as an extension of a museum, providing space for exhibitions and community engagement.","museum,community hub,Los Angeles,cultural center,architecture"
p_no_7_ceramic_art_research_base_phase_one_1022020,No 7 Ceramic Art Research Base Phase One,China,tropical,cultural center,,"[""i_p_no_7_ceramic_art_research_base_phase_one_1022020_diagrams_p_no_7_ceramic_art_research_base_phase_one_1022020_p_no_7_ceramic_art_research_base_phase_one_1022020_diagrams_p_no_7_ceramic_art_research_base_phase_one_1022020_diagram_1"", ""i_p_no_7_ceramic_art_research_base_phase_one_1022020_diagrams_p_no_7_ceramic_art_research_base_phase_one_1022020_p_no_7_ceramic_art_research_base_phase_one_1022020_diagrams_p_no_7_ceramic_art_research_base_phase_one_1022020_diagram_2"", ""i_p_no_7_ceramic_art_research_base_phase_one_1022020_diagrams_p_no_7_ceramic_art_research_base_phase_one_1022020_p_no_7_ceramic_art_research_base_phase_one_1022020_diagrams_p_no_7_ceramic_art_research_base_phase_one_1022020_diagram_3"", ""i_p_no_7_ceramic_art_research_base_phase_one_1022020_exteriors_p_no_7_ceramic_art_research_base_phase_one_1022020_p_no_7_ceramic_art_research_base_phase_one_1022020_exteriors_p_no_7_ceramic_art_research_base_phase_one_1022020_exterior_1"", ""i_p_no_7_ceramic_art_research_base_phase_one_1022020_exteriors_p_no_7_ceramic_art_research_base_phase_one_1022020_p_no_7_ceramic_art_research_base_phase_one_1022020_exteriors_p_no_7_ceramic_art_research_base_phase_one_1022020_exterior_2"", ""i_p_no_7_ceramic_art_research_base_phase_one_1022020_exteriors_p_no_7_ceramic_art_research_base_phase_one_1022020_p_no_7_ceramic_art_research_base_phase_one_1022020_exteriors_p_no_7_ceramic_art_research_base_phase_one_1022020_exterior_3"", ""i_p_no_7_ceramic_art_research_base_phase_one_1022020_interiors_p_no_7_ceramic_art_research_base_phase_one_1022020_p_no_7_ceramic_art_research_base_phase_one_1022020_interiors_p_no_7_ceramic_art_research_base_phase_one_1022020_interior_1"", ""i_p_no_7_ceramic_art_research_base_phase_one_1022020_interiors_p_no_7_ceramic_art_research_base_phase_one_1022020_p_no_7_ceramic_art_research_base_phase_one_1022020_interiors_p_no_7_ceramic_art_research_base_phase_one_1022020_interior_2""]",23.0218499,113.12192,"diagrams,interiors,exteriors",Guangzhou,,"The No 7 Ceramic Art Research Base Phase One likely serves as a facility dedicated to the study and promotion of ceramic art, possibly featuring studios, exhibition spaces, and research areas.","ceramic art,research base,cultural center,art facility,Guangzhou"
p_north_boulder_library_workac_1030123,North Boulder Library Workac,United States,continental,library,,"[""i_p_north_boulder_library_workac_1030123_exteriors_p_north_boulder_library_workac_1030123_p_north_boulder_library_workac_1030123_exteriors_p_north_boulder_library_workac_1030123_exterior_1"", ""i_p_north_boulder_library_workac_1030123_exteriors_p_north_boulder_library_workac_1030123_p_north_boulder_library_workac_1030123_exteriors_p_north_boulder_library_workac_1030123_exterior_2"", ""i_p_north_boulder_library_workac_1030123_exteriors_p_north_boulder_library_workac_1030123_p_north_boulder_library_workac_1030123_exteriors_p_north_boulder_library_workac_1030123_exterior_3"", ""i_p_north_boulder_library_workac_1030123_exteriors_p_north_boulder_library_workac_1030123_p_north_boulder_library_workac_1030123_exteriors_p_north_boulder_library_workac_1030123_exterior_4"", ""i_p_north_boulder_library_workac_1030123_exteriors_p_north_boulder_library_workac_1030123_p_north_boulder_library_workac_1030123_exteriors_p_north_boulder_library_workac_1030123_exterior_5"", ""i_p_north_boulder_library_workac_1030123_interiors_p_north_boulder_library_workac_1030123_p_north_boulder_library_workac_1030123_interiors_p_north_boulder_library_workac_1030123_interior_1"", ""i_p_north_boulder_library_workac_1030123_interiors_p_north_boulder_library_workac_1030123_p_north_boulder_library_workac_1030123_interiors_p_north_boulder_library_workac_1030123_interior_2"", ""i_p_north_boulder_library_workac_1030123_interiors_p_north_boulder_library_workac_1030123_p_north_boulder_library_workac_1030123_interiors_p_north_boulder_library_workac_1030123_interior_3"", ""i_p_north_boulder_library_workac_1030123_interiors_p_north_boulder_library_workac_1030123_p_north_boulder_library_workac_1030123_interiors_p_north_boulder_library_workac_1030123_interior_4""]",40.0189728,-105.2747406,"interiors,exteriors",Boulder,,"The North Boulder Library Workac likely refers to a public library facility in North Boulder, designed to serve the local community with resources and spaces for reading, learning, and community engagement.","library,Boulder,public building,community resource,North Boulder"
p_nujiang_grand_canyon_bookstore_of_librai_1022326,Nujiang Grand Canyon Bookstore Of Librai,China,temperate,library,,"[""i_p_nujiang_grand_canyon_bookstore_of_librai_1022326_diagrams_p_nujiang_grand_canyon_bookstore_of_librai_1022326_p_nujiang_grand_canyon_bookstore_of_librai_1022326_diagrams_p_nujiang_grand_canyon_bookstore_of_librai_1022326_diagram_1"", ""i_p_nujiang_grand_canyon_bookstore_of_librai_1022326_diagrams_p_nujiang_grand_canyon_bookstore_of_librai_1022326_p_nujiang_grand_canyon_bookstore_of_librai_1022326_diagrams_p_nujiang_grand_canyon_bookstore_of_librai_1022326_diagram_2"", ""i_p_nujiang_grand_canyon_bookstore_of_librai_1022326_diagrams_p_nujiang_grand_canyon_bookstore_of_librai_1022326_p_nujiang_grand_canyon_bookstore_of_librai_1022326_diagrams_p_nujiang_grand_canyon_bookstore_of_librai_1022326_diagram_3"", ""i_p_nujiang_grand_canyon_bookstore_of_librai_1022326_exteriors_p_nujiang_grand_canyon_bookstore_of_librai_1022326_p_nujiang_grand_canyon_bookstore_of_librai_1022326_exteriors_p_nujiang_grand_canyon_bookstore_of_librai_1022326_exterior_1"", ""i_p_nujiang_grand_canyon_bookstore_of_librai_1022326_exteriors_p_nujiang_grand_canyon_bookstore_of_librai_1022326_p_nujiang_grand_canyon_bookstore_of_librai_1022326_exteriors_p_nujiang_grand_canyon_bookstore_of_librai_1022326_exterior_2"", ""i_p_nujiang_grand_canyon_bookstore_of_librai_1022326_exteriors_p_nujiang_grand_canyon_bookstore_of_librai_1022326_p_nujiang_grand_canyon_bookstore_of_librai_1022326_exteriors_p_nujiang_grand_canyon_bookstore_of_librai_1022326_exterior_3"", ""i_p_nujiang_grand_canyon_bookstore_of_librai_1022326_exteriors_p_nujiang_grand_canyon_bookstore_of_librai_1022326_p_nujiang_grand_canyon_bookstore_of_librai_1022326_exteriors_p_nujiang_grand_canyon_bookstore_of_librai_1022326_exterior_4"", ""i_p_nujiang_grand_canyon_bookstore_of_librai_1022326_exteriors_p_nujiang_grand_canyon_bookstore_of_librai_1022326_p_nujiang_grand_canyon_bookstore_of_librai_1022326_exteriors_p_nujiang_grand_canyon_bookstore_of_librai_1022326_exterior_5"", ""i_p_nujiang_grand_canyon_bookstore_of_librai_1022326_interiors_p_nujiang_grand_canyon_bookstore_of_librai_1022326_p_nujiang_grand_canyon_bookstore_of_librai_1022326_interiors_p_nujiang_grand_canyon_bookstore_of_librai_1022326_interior_1"", ""i_p_nujiang_grand_canyon_bookstore_of_librai_1022326_interiors_p_nujiang_grand_canyon_bookstore_of_librai_1022326_p_nujiang_grand_canyon_bookstore_of_librai_1022326_interiors_p_nujiang_grand_canyon_bookstore_of_librai_1022326_interior_2"", ""i_p_nujiang_grand_canyon_bookstore_of_librai_1022326_interiors_p_nujiang_grand_canyon_bookstore_of_librai_1022326_p_nujiang_grand_canyon_bookstore_of_librai_1022326_interiors_p_nujiang_grand_canyon_bookstore_of_librai_1022326_interior_3"", ""i_p_nujiang_grand_canyon_bookstore_of_librai_1022326_interiors_p_nujiang_grand_canyon_bookstore_of_librai_1022326_p_nujiang_grand_canyon_bookstore_of_librai_1022326_interiors_p_nujiang_grand_canyon_bookstore_of_librai_1022326_interior_4"", ""i_p_nujiang_grand_canyon_bookstore_of_librai_1022326_interiors_p_nujiang_grand_canyon_bookstore_of_librai_1022326_p_nujiang_grand_canyon_bookstore_of_librai_1022326_interiors_p_nujiang_grand_canyon_bookstore_of_librai_1022326_interior_5""]",25.8176299,98.8567,"diagrams,interiors,exteriors",,,"The Nujiang Grand Canyon Bookstore of Librai is likely a bookstore or library situated in a scenic location, possibly designed to enhance the reading experience with views of the surrounding canyon.","bookstore,library,Nujiang,canyon,architecture"
p_oman_across_ages_museum_cox_architecture_1024366,Oman Across Ages Museum Cox Architecture,Oman,arid,museum,,"[""i_p_oman_across_ages_museum_cox_architecture_1024366_diagrams_p_oman_across_ages_museum_cox_architecture_1024366_p_oman_across_ages_museum_cox_architecture_1024366_diagrams_p_oman_across_ages_museum_cox_architecture_1024366_diagram_1"", ""i_p_oman_across_ages_museum_cox_architecture_1024366_diagrams_p_oman_across_ages_museum_cox_architecture_1024366_p_oman_across_ages_museum_cox_architecture_1024366_diagrams_p_oman_across_ages_museum_cox_architecture_1024366_diagram_2"", ""i_p_oman_across_ages_museum_cox_architecture_1024366_diagrams_p_oman_across_ages_museum_cox_architecture_1024366_p_oman_across_ages_museum_cox_architecture_1024366_diagrams_p_oman_across_ages_museum_cox_architecture_1024366_diagram_3"", ""i_p_oman_across_ages_museum_cox_architecture_1024366_exteriors_p_oman_across_ages_museum_cox_architecture_1024366_p_oman_across_ages_museum_cox_architecture_1024366_exteriors_p_oman_across_ages_museum_cox_architecture_1024366_exterior_1"", ""i_p_oman_across_ages_museum_cox_architecture_1024366_exteriors_p_oman_across_ages_museum_cox_architecture_1024366_p_oman_across_ages_museum_cox_architecture_1024366_exteriors_p_oman_across_ages_museum_cox_architecture_1024366_exterior_2"", ""i_p_oman_across_ages_museum_cox_architecture_1024366_interiors_p_oman_across_ages_museum_cox_architecture_1024366_p_oman_across_ages_museum_cox_architecture_1024366_interiors_p_oman_across_ages_museum_cox_architecture_1024366_interior_1"", ""i_p_oman_across_ages_museum_cox_architecture_1024366_interiors_p_oman_across_ages_museum_cox_architecture_1024366_p_oman_across_ages_museum_cox_architecture_1024366_interiors_p_oman_across_ages_museum_cox_architecture_1024366_interior_2""]",22.9171031,57.536292,"diagrams,interiors,exteriors",,Cox Architecture,The Oman Across Ages Museum is likely a cultural institution designed to showcase the history and heritage of Oman. It may feature exhibits that explore the country's past and its evolution over time.,"Oman,museum,Cox Architecture,cultural heritage,history"
p_osaka_expo_2025_foresting_architecture_p_1034719,Osaka Expo 2025 Foresting Architecture,Japan,temperate,cultural center,,"[""i_p_osaka_expo_2025_foresting_architecture_p_1034719_exteriors_p_osaka_expo_2025_foresting_architecture_p_1034719_p_osaka_expo_2025_foresting_architecture_p_1034719_exteriors_p_osaka_expo_2025_foresting_architecture_p_1034719_exterior_1"", ""i_p_osaka_expo_2025_foresting_architecture_p_1034719_exteriors_p_osaka_expo_2025_foresting_architecture_p_1034719_p_osaka_expo_2025_foresting_architecture_p_1034719_exteriors_p_osaka_expo_2025_foresting_architecture_p_1034719_exterior_2"", ""i_p_osaka_expo_2025_foresting_architecture_p_1034719_exteriors_p_osaka_expo_2025_foresting_architecture_p_1034719_p_osaka_expo_2025_foresting_architecture_p_1034719_exteriors_p_osaka_expo_2025_foresting_architecture_p_1034719_exterior_3"", ""i_p_osaka_expo_2025_foresting_architecture_p_1034719_exteriors_p_osaka_expo_2025_foresting_architecture_p_1034719_p_osaka_expo_2025_foresting_architecture_p_1034719_exteriors_p_osaka_expo_2025_foresting_architecture_p_1034719_exterior_4"", ""i_p_osaka_expo_2025_foresting_architecture_p_1034719_exteriors_p_osaka_expo_2025_foresting_architecture_p_1034719_p_osaka_expo_2025_foresting_architecture_p_1034719_exteriors_p_osaka_expo_2025_foresting_architecture_p_1034719_exterior_5"", ""i_p_osaka_expo_2025_foresting_architecture_p_1034719_interiors_p_osaka_expo_2025_foresting_architecture_p_1034719_p_osaka_expo_2025_foresting_architecture_p_1034719_interiors_p_osaka_expo_2025_foresting_architecture_p_1034719_interior_1"", ""i_p_osaka_expo_2025_foresting_architecture_p_1034719_interiors_p_osaka_expo_2025_foresting_architecture_p_1034719_p_osaka_expo_2025_foresting_architecture_p_1034719_interiors_p_osaka_expo_2025_foresting_architecture_p_1034719_interior_2"", ""i_p_osaka_expo_2025_foresting_architecture_p_1034719_interiors_p_osaka_expo_2025_foresting_architecture_p_1034719_p_osaka_expo_2025_foresting_architecture_p_1034719_interiors_p_osaka_expo_2025_foresting_architecture_p_1034719_interior_3"", ""i_p_osaka_expo_2025_foresting_architecture_p_1034719_interiors_p_osaka_expo_2025_foresting_architecture_p_1034719_p_osaka_expo_2025_foresting_architecture_p_1034719_interiors_p_osaka_expo_2025_foresting_architecture_p_1034719_interior_4"", ""i_p_osaka_expo_2025_foresting_architecture_p_1034719_interiors_p_osaka_expo_2025_foresting_architecture_p_1034719_p_osaka_expo_2025_foresting_architecture_p_1034719_interiors_p_osaka_expo_2025_foresting_architecture_p_1034719_interior_5""]",34.6501762,135.3814148,"interiors,exteriors",Osaka,,"The Osaka Expo 2025 Foresting Architecture project likely involves innovative architectural designs that integrate natural elements, promoting sustainability and environmental awareness at the upcoming World Expo.","Osaka,Expo 2025,forest architecture,sustainable design,cultural center"
p_pan_orama_pavilion_associates_architectu_1035385,Pan Orama Pavilion Associates Architectu,Italy,temperate,,,"[""i_p_pan_orama_pavilion_associates_architectu_1035385_diagrams_p_pan_orama_pavilion_associates_architectu_1035385_p_pan_orama_pavilion_associates_architectu_1035385_diagrams_p_pan_orama_pavilion_associates_architectu_1035385_diagram_1"", ""i_p_pan_orama_pavilion_associates_architectu_1035385_exteriors_p_pan_orama_pavilion_associates_architectu_1035385_p_pan_orama_pavilion_associates_architectu_1035385_exteriors_p_pan_orama_pavilion_associates_architectu_1035385_exterior_1"", ""i_p_pan_orama_pavilion_associates_architectu_1035385_exteriors_p_pan_orama_pavilion_associates_architectu_1035385_p_pan_orama_pavilion_associates_architectu_1035385_exteriors_p_pan_orama_pavilion_associates_architectu_1035385_exterior_2"", ""i_p_pan_orama_pavilion_associates_architectu_1035385_interiors_p_pan_orama_pavilion_associates_architectu_1035385_p_pan_orama_pavilion_associates_architectu_1035385_interiors_p_pan_orama_pavilion_associates_architectu_1035385_interior_1"", ""i_p_pan_orama_pavilion_associates_architectu_1035385_interiors_p_pan_orama_pavilion_associates_architectu_1035385_p_pan_orama_pavilion_associates_architectu_1035385_interiors_p_pan_orama_pavilion_associates_architectu_1035385_interior_2""]",41.8967068,12.4822025,"diagrams,interiors,exteriors",Rome,Pan Orama Pavilion Associates,"The project likely involves a pavilion designed by Pan Orama Pavilion Associates, possibly for cultural or public use in an urban setting.","pavilion,architecture,Pan Orama,Rome,cultural space"
p_paris_fondation_cartier_for_contemporary_1035305,Paris Fondation Cartier For Contemporary,,,,,"[""i_p_paris_fondation_cartier_for_contemporary_1035305_diagrams_p_paris_fondation_cartier_for_contemporary_1035305_p_paris_fondation_cartier_for_contemporary_1035305_diagrams_p_paris_fondation_cartier_for_contemporary_1035305_diagram_1"", ""i_p_paris_fondation_cartier_for_contemporary_1035305_diagrams_p_paris_fondation_cartier_for_contemporary_1035305_p_paris_fondation_cartier_for_contemporary_1035305_diagrams_p_paris_fondation_cartier_for_contemporary_1035305_diagram_2"", ""i_p_paris_fondation_cartier_for_contemporary_1035305_diagrams_p_paris_fondation_cartier_for_contemporary_1035305_p_paris_fondation_cartier_for_contemporary_1035305_diagrams_p_paris_fondation_cartier_for_contemporary_1035305_diagram_3"", ""i_p_paris_fondation_cartier_for_contemporary_1035305_exteriors_p_paris_fondation_cartier_for_contemporary_1035305_p_paris_fondation_cartier_for_contemporary_1035305_exteriors_p_paris_fondation_cartier_for_contemporary_1035305_exterior_1"", ""i_p_paris_fondation_cartier_for_contemporary_1035305_exteriors_p_paris_fondation_cartier_for_contemporary_1035305_p_paris_fondation_cartier_for_contemporary_1035305_exteriors_p_paris_fondation_cartier_for_contemporary_1035305_exterior_2"", ""i_p_paris_fondation_cartier_for_contemporary_1035305_exteriors_p_paris_fondation_cartier_for_contemporary_1035305_p_paris_fondation_cartier_for_contemporary_1035305_exteriors_p_paris_fondation_cartier_for_contemporary_1035305_exterior_3"", ""i_p_paris_fondation_cartier_for_contemporary_1035305_exteriors_p_paris_fondation_cartier_for_contemporary_1035305_p_paris_fondation_cartier_for_contemporary_1035305_exteriors_p_paris_fondation_cartier_for_contemporary_1035305_exterior_4"", ""i_p_paris_fondation_cartier_for_contemporary_1035305_interiors_p_paris_fondation_cartier_for_contemporary_1035305_p_paris_fondation_cartier_for_contemporary_1035305_interiors_p_paris_fondation_cartier_for_contemporary_1035305_interior_1"", ""i_p_paris_fondation_cartier_for_contemporary_1035305_interiors_p_paris_fondation_cartier_for_contemporary_1035305_p_paris_fondation_cartier_for_contemporary_1035305_interiors_p_paris_fondation_cartier_for_contemporary_1035305_interior_2"", ""i_p_paris_fondation_cartier_for_contemporary_1035305_interiors_p_paris_fondation_cartier_for_contemporary_1035305_p_paris_fondation_cartier_for_contemporary_1035305_interiors_p_paris_fondation_cartier_for_contemporary_1035305_interior_3"", ""i_p_paris_fondation_cartier_for_contemporary_1035305_interiors_p_paris_fondation_cartier_for_contemporary_1035305_p_paris_fondation_cartier_for_contemporary_1035305_interiors_p_paris_fondation_cartier_for_contemporary_1035305_interior_4"", ""i_p_paris_fondation_cartier_for_contemporary_1035305_interiors_p_paris_fondation_cartier_for_contemporary_1035305_p_paris_fondation_cartier_for_contemporary_1035305_interiors_p_paris_fondation_cartier_for_contemporary_1035305_interior_5""]",48.8575475,2.3513765,"diagrams,interiors,exteriors",,,,
p_pietro_maria_bardi_masp_building_metro_a_1026123,Pietro Maria Bardi Masp Building Metro A,Brazil,tropical,museum,,"[""i_p_pietro_maria_bardi_masp_building_metro_a_1026123_diagrams_p_pietro_maria_bardi_masp_building_metro_a_1026123_p_pietro_maria_bardi_masp_building_metro_a_1026123_diagrams_p_pietro_maria_bardi_masp_building_metro_a_1026123_diagram_1"", ""i_p_pietro_maria_bardi_masp_building_metro_a_1026123_diagrams_p_pietro_maria_bardi_masp_building_metro_a_1026123_p_pietro_maria_bardi_masp_building_metro_a_1026123_diagrams_p_pietro_maria_bardi_masp_building_metro_a_1026123_diagram_2"", ""i_p_pietro_maria_bardi_masp_building_metro_a_1026123_diagrams_p_pietro_maria_bardi_masp_building_metro_a_1026123_p_pietro_maria_bardi_masp_building_metro_a_1026123_diagrams_p_pietro_maria_bardi_masp_building_metro_a_1026123_diagram_3"", ""i_p_pietro_maria_bardi_masp_building_metro_a_1026123_exteriors_p_pietro_maria_bardi_masp_building_metro_a_1026123_p_pietro_maria_bardi_masp_building_metro_a_1026123_exteriors_p_pietro_maria_bardi_masp_building_metro_a_1026123_exterior_1"", ""i_p_pietro_maria_bardi_masp_building_metro_a_1026123_exteriors_p_pietro_maria_bardi_masp_building_metro_a_1026123_p_pietro_maria_bardi_masp_building_metro_a_1026123_exteriors_p_pietro_maria_bardi_masp_building_metro_a_1026123_exterior_2"", ""i_p_pietro_maria_bardi_masp_building_metro_a_1026123_exteriors_p_pietro_maria_bardi_masp_building_metro_a_1026123_p_pietro_maria_bardi_masp_building_metro_a_1026123_exteriors_p_pietro_maria_bardi_masp_building_metro_a_1026123_exterior_3"", ""i_p_pietro_maria_bardi_masp_building_metro_a_1026123_exteriors_p_pietro_maria_bardi_masp_building_metro_a_1026123_p_pietro_maria_bardi_masp_building_metro_a_1026123_exteriors_p_pietro_maria_bardi_masp_building_metro_a_1026123_exterior_4"", ""i_p_pietro_maria_bardi_masp_building_metro_a_1026123_exteriors_p_pietro_maria_bardi_masp_building_metro_a_1026123_p_pietro_maria_bardi_masp_building_metro_a_1026123_exteriors_p_pietro_maria_bardi_masp_building_metro_a_1026123_exterior_5"", ""i_p_pietro_maria_bardi_masp_building_metro_a_1026123_interiors_p_pietro_maria_bardi_masp_building_metro_a_1026123_p_pietro_maria_bardi_masp_building_metro_a_1026123_interiors_p_pietro_maria_bardi_masp_building_metro_a_1026123_interior_1"", ""i_p_pietro_maria_bardi_masp_building_metro_a_1026123_interiors_p_pietro_maria_bardi_masp_building_metro_a_1026123_p_pietro_maria_bardi_masp_building_metro_a_1026123_interiors_p_pietro_maria_bardi_masp_building_metro_a_1026123_interior_2"", ""i_p_pietro_maria_bardi_masp_building_metro_a_1026123_interiors_p_pietro_maria_bardi_masp_building_metro_a_1026123_p_pietro_maria_bardi_masp_building_metro_a_1026123_interiors_p_pietro_maria_bardi_masp_building_metro_a_1026123_interior_3"", ""i_p_pietro_maria_bardi_masp_building_metro_a_1026123_interiors_p_pietro_maria_bardi_masp_building_metro_a_1026123_p_pietro_maria_bardi_masp_building_metro_a_1026123_interiors_p_pietro_maria_bardi_masp_building_metro_a_1026123_interior_4"", ""i_p_pietro_maria_bardi_masp_building_metro_a_1026123_interiors_p_pietro_maria_bardi_masp_building_metro_a_1026123_p_pietro_maria_bardi_masp_building_metro_a_1026123_interiors_p_pietro_maria_bardi_masp_building_metro_a_1026123_interior_5""]",-23.5619069,-46.6555134,"diagrams,interiors,exteriors",São Paulo,Pietro Maria Bardi,"The Pietro Maria Bardi Masp Building is likely a cultural institution, specifically a museum, located in São Paulo, Brazil. It is known for its modernist architecture and significant art collection.","museum,Pietro Maria Bardi,São Paulo,modernist architecture,cultural institution"
p_pina_contempor_nea_museum_arquitetos_ass_1014137,Pina Contempor Nea Museum Arquitetos Ass,Brazil,tropical,museum,,"[""i_p_pina_contempor_nea_museum_arquitetos_ass_1014137_diagrams_p_pina_contempor_nea_museum_arquitetos_ass_1014137_p_pina_contempor_nea_museum_arquitetos_ass_1014137_diagrams_p_pina_contempor_nea_museum_arquitetos_ass_1014137_diagram_1"", ""i_p_pina_contempor_nea_museum_arquitetos_ass_1014137_diagrams_p_pina_contempor_nea_museum_arquitetos_ass_1014137_p_pina_contempor_nea_museum_arquitetos_ass_1014137_diagrams_p_pina_contempor_nea_museum_arquitetos_ass_1014137_diagram_2"", ""i_p_pina_contempor_nea_museum_arquitetos_ass_1014137_diagrams_p_pina_contempor_nea_museum_arquitetos_ass_1014137_p_pina_contempor_nea_museum_arquitetos_ass_1014137_diagrams_p_pina_contempor_nea_museum_arquitetos_ass_1014137_diagram_3"", ""i_p_pina_contempor_nea_museum_arquitetos_ass_1014137_exteriors_p_pina_contempor_nea_museum_arquitetos_ass_1014137_p_pina_contempor_nea_museum_arquitetos_ass_1014137_exteriors_p_pina_contempor_nea_museum_arquitetos_ass_1014137_exterior_1"", ""i_p_pina_contempor_nea_museum_arquitetos_ass_1014137_exteriors_p_pina_contempor_nea_museum_arquitetos_ass_1014137_p_pina_contempor_nea_museum_arquitetos_ass_1014137_exteriors_p_pina_contempor_nea_museum_arquitetos_ass_1014137_exterior_2"", ""i_p_pina_contempor_nea_museum_arquitetos_ass_1014137_exteriors_p_pina_contempor_nea_museum_arquitetos_ass_1014137_p_pina_contempor_nea_museum_arquitetos_ass_1014137_exteriors_p_pina_contempor_nea_museum_arquitetos_ass_1014137_exterior_3"", ""i_p_pina_contempor_nea_museum_arquitetos_ass_1014137_exteriors_p_pina_contempor_nea_museum_arquitetos_ass_1014137_p_pina_contempor_nea_museum_arquitetos_ass_1014137_exteriors_p_pina_contempor_nea_museum_arquitetos_ass_1014137_exterior_4"", ""i_p_pina_contempor_nea_museum_arquitetos_ass_1014137_exteriors_p_pina_contempor_nea_museum_arquitetos_ass_1014137_p_pina_contempor_nea_museum_arquitetos_ass_1014137_exteriors_p_pina_contempor_nea_museum_arquitetos_ass_1014137_exterior_5"", ""i_p_pina_contempor_nea_museum_arquitetos_ass_1014137_interiors_p_pina_contempor_nea_museum_arquitetos_ass_1014137_p_pina_contempor_nea_museum_arquitetos_ass_1014137_interiors_p_pina_contempor_nea_museum_arquitetos_ass_1014137_interior_1"", ""i_p_pina_contempor_nea_museum_arquitetos_ass_1014137_interiors_p_pina_contempor_nea_museum_arquitetos_ass_1014137_p_pina_contempor_nea_museum_arquitetos_ass_1014137_interiors_p_pina_contempor_nea_museum_arquitetos_ass_1014137_interior_2"", ""i_p_pina_contempor_nea_museum_arquitetos_ass_1014137_interiors_p_pina_contempor_nea_museum_arquitetos_ass_1014137_p_pina_contempor_nea_museum_arquitetos_ass_1014137_interiors_p_pina_contempor_nea_museum_arquitetos_ass_1014137_interior_3"", ""i_p_pina_contempor_nea_museum_arquitetos_ass_1014137_interiors_p_pina_contempor_nea_museum_arquitetos_ass_1014137_p_pina_contempor_nea_museum_arquitetos_ass_1014137_interiors_p_pina_contempor_nea_museum_arquitetos_ass_1014137_interior_4"", ""i_p_pina_contempor_nea_museum_arquitetos_ass_1014137_interiors_p_pina_contempor_nea_museum_arquitetos_ass_1014137_p_pina_contempor_nea_museum_arquitetos_ass_1014137_interiors_p_pina_contempor_nea_museum_arquitetos_ass_1014137_interior_5""]",-23.5557714,-46.6395571,"diagrams,interiors,exteriors",São Paulo,Arquitetos Ass,"The Pina Contempor Nea Museum is likely a contemporary art museum located in São Paulo, Brazil, focusing on modern artistic expressions.","museum,contemporary art,São Paulo,Brazil,architecture"
p_powerhouse_castle_hill_lahznimmo_archite_1014130,Powerhouse Castle Hill Lahznimmo Archite,Australia,temperate,,,"[""i_p_powerhouse_castle_hill_lahznimmo_archite_1014130_diagrams_p_powerhouse_castle_hill_lahznimmo_archite_1014130_p_powerhouse_castle_hill_lahznimmo_archite_1014130_diagrams_p_powerhouse_castle_hill_lahznimmo_archite_1014130_diagram_1"", ""i_p_powerhouse_castle_hill_lahznimmo_archite_1014130_diagrams_p_powerhouse_castle_hill_lahznimmo_archite_1014130_p_powerhouse_castle_hill_lahznimmo_archite_1014130_diagrams_p_powerhouse_castle_hill_lahznimmo_archite_1014130_diagram_2"", ""i_p_powerhouse_castle_hill_lahznimmo_archite_1014130_diagrams_p_powerhouse_castle_hill_lahznimmo_archite_1014130_p_powerhouse_castle_hill_lahznimmo_archite_1014130_diagrams_p_powerhouse_castle_hill_lahznimmo_archite_1014130_diagram_3"", ""i_p_powerhouse_castle_hill_lahznimmo_archite_1014130_exteriors_p_powerhouse_castle_hill_lahznimmo_archite_1014130_p_powerhouse_castle_hill_lahznimmo_archite_1014130_exteriors_p_powerhouse_castle_hill_lahznimmo_archite_1014130_exterior_1"", ""i_p_powerhouse_castle_hill_lahznimmo_archite_1014130_exteriors_p_powerhouse_castle_hill_lahznimmo_archite_1014130_p_powerhouse_castle_hill_lahznimmo_archite_1014130_exteriors_p_powerhouse_castle_hill_lahznimmo_archite_1014130_exterior_2"", ""i_p_powerhouse_castle_hill_lahznimmo_archite_1014130_interiors_p_powerhouse_castle_hill_lahznimmo_archite_1014130_p_powerhouse_castle_hill_lahznimmo_archite_1014130_interiors_p_powerhouse_castle_hill_lahznimmo_archite_1014130_interior_1"", ""i_p_powerhouse_castle_hill_lahznimmo_archite_1014130_interiors_p_powerhouse_castle_hill_lahznimmo_archite_1014130_p_powerhouse_castle_hill_lahznimmo_archite_1014130_interiors_p_powerhouse_castle_hill_lahznimmo_archite_1014130_interior_2"", ""i_p_powerhouse_castle_hill_lahznimmo_archite_1014130_interiors_p_powerhouse_castle_hill_lahznimmo_archite_1014130_p_powerhouse_castle_hill_lahznimmo_archite_1014130_interiors_p_powerhouse_castle_hill_lahznimmo_archite_1014130_interior_3"", ""i_p_powerhouse_castle_hill_lahznimmo_archite_1014130_interiors_p_powerhouse_castle_hill_lahznimmo_archite_1014130_p_powerhouse_castle_hill_lahznimmo_archite_1014130_interiors_p_powerhouse_castle_hill_lahznimmo_archite_1014130_interior_4"", ""i_p_powerhouse_castle_hill_lahznimmo_archite_1014130_interiors_p_powerhouse_castle_hill_lahznimmo_archite_1014130_p_powerhouse_castle_hill_lahznimmo_archite_1014130_interiors_p_powerhouse_castle_hill_lahznimmo_archite_1014130_interior_5""]",-33.7348232,151.0030714,"diagrams,interiors,exteriors",Castle Hill,Lahznimmo Architects,"The project likely involves a building designed by Lahznimmo Architects in Castle Hill, Australia, potentially serving a community or cultural purpose.","Lahznimmo Architects,Castle Hill,Australia,architecture,building"
p_quilombo_da_gamboa_library_pavilion_mora_1034622,Quilombo Da Gamboa Library Pavilion Mora,Brazil,tropical,library,,"[""i_p_quilombo_da_gamboa_library_pavilion_mora_1034622_diagrams_p_quilombo_da_gamboa_library_pavilion_mora_1034622_p_quilombo_da_gamboa_library_pavilion_mora_1034622_diagrams_p_quilombo_da_gamboa_library_pavilion_mora_1034622_diagram_1"", ""i_p_quilombo_da_gamboa_library_pavilion_mora_1034622_diagrams_p_quilombo_da_gamboa_library_pavilion_mora_1034622_p_quilombo_da_gamboa_library_pavilion_mora_1034622_diagrams_p_quilombo_da_gamboa_library_pavilion_mora_1034622_diagram_2"", ""i_p_quilombo_da_gamboa_library_pavilion_mora_1034622_exteriors_p_quilombo_da_gamboa_library_pavilion_mora_1034622_p_quilombo_da_gamboa_library_pavilion_mora_1034622_exteriors_p_quilombo_da_gamboa_library_pavilion_mora_1034622_exterior_1"", ""i_p_quilombo_da_gamboa_library_pavilion_mora_1034622_exteriors_p_quilombo_da_gamboa_library_pavilion_mora_1034622_p_quilombo_da_gamboa_library_pavilion_mora_1034622_exteriors_p_quilombo_da_gamboa_library_pavilion_mora_1034622_exterior_2"", ""i_p_quilombo_da_gamboa_library_pavilion_mora_1034622_interiors_p_quilombo_da_gamboa_library_pavilion_mora_1034622_p_quilombo_da_gamboa_library_pavilion_mora_1034622_interiors_p_quilombo_da_gamboa_library_pavilion_mora_1034622_interior_1"", ""i_p_quilombo_da_gamboa_library_pavilion_mora_1034622_interiors_p_quilombo_da_gamboa_library_pavilion_mora_1034622_p_quilombo_da_gamboa_library_pavilion_mora_1034622_interiors_p_quilombo_da_gamboa_library_pavilion_mora_1034622_interior_2""]",-22.8953739,-43.1998616,"diagrams,interiors,exteriors",Rio de Janeiro,,"The Quilombo Da Gamboa Library Pavilion Mora is likely a community library designed to serve the local population, emphasizing cultural and educational resources.","library,community,cultural center,Quilombo Da Gamboa,architecture"
p_rahmah_library_the_maak_1033750,Rahmah Library The Maak,South Africa,temperate,library,,"[""i_p_rahmah_library_the_maak_1033750_diagrams_p_rahmah_library_the_maak_1033750_p_rahmah_library_the_maak_1033750_diagrams_p_rahmah_library_the_maak_1033750_diagram_1"", ""i_p_rahmah_library_the_maak_1033750_diagrams_p_rahmah_library_the_maak_1033750_p_rahmah_library_the_maak_1033750_diagrams_p_rahmah_library_the_maak_1033750_diagram_2"", ""i_p_rahmah_library_the_maak_1033750_diagrams_p_rahmah_library_the_maak_1033750_p_rahmah_library_the_maak_1033750_diagrams_p_rahmah_library_the_maak_1033750_diagram_3"", ""i_p_rahmah_library_the_maak_1033750_exteriors_p_rahmah_library_the_maak_1033750_p_rahmah_library_the_maak_1033750_exteriors_p_rahmah_library_the_maak_1033750_exterior_1"", ""i_p_rahmah_library_the_maak_1033750_exteriors_p_rahmah_library_the_maak_1033750_p_rahmah_library_the_maak_1033750_exteriors_p_rahmah_library_the_maak_1033750_exterior_2"", ""i_p_rahmah_library_the_maak_1033750_exteriors_p_rahmah_library_the_maak_1033750_p_rahmah_library_the_maak_1033750_exteriors_p_rahmah_library_the_maak_1033750_exterior_3"", ""i_p_rahmah_library_the_maak_1033750_exteriors_p_rahmah_library_the_maak_1033750_p_rahmah_library_the_maak_1033750_exteriors_p_rahmah_library_the_maak_1033750_exterior_4"", ""i_p_rahmah_library_the_maak_1033750_exteriors_p_rahmah_library_the_maak_1033750_p_rahmah_library_the_maak_1033750_exteriors_p_rahmah_library_the_maak_1033750_exterior_5"", ""i_p_rahmah_library_the_maak_1033750_interiors_p_rahmah_library_the_maak_1033750_p_rahmah_library_the_maak_1033750_interiors_p_rahmah_library_the_maak_1033750_interior_1"", ""i_p_rahmah_library_the_maak_1033750_interiors_p_rahmah_library_the_maak_1033750_p_rahmah_library_the_maak_1033750_interiors_p_rahmah_library_the_maak_1033750_interior_2"", ""i_p_rahmah_library_the_maak_1033750_interiors_p_rahmah_library_the_maak_1033750_p_rahmah_library_the_maak_1033750_interiors_p_rahmah_library_the_maak_1033750_interior_3"", ""i_p_rahmah_library_the_maak_1033750_interiors_p_rahmah_library_the_maak_1033750_p_rahmah_library_the_maak_1033750_interiors_p_rahmah_library_the_maak_1033750_interior_4"", ""i_p_rahmah_library_the_maak_1033750_interiors_p_rahmah_library_the_maak_1033750_p_rahmah_library_the_maak_1033750_interiors_p_rahmah_library_the_maak_1033750_interior_5""]",-33.922087,18.4231418,"diagrams,interiors,exteriors",Cape Town,,"Rahmah Library The Maak is likely a public library designed to serve the local community, providing access to books, resources, and study spaces.","library,public space,community resource,Cape Town,South Africa"
p_raj_sabhagruh_discourse_hall_serie_archi_1026005,Raj Sabhagruh Discourse Hall Serie Archi,,,cultural center,,"[""i_p_raj_sabhagruh_discourse_hall_serie_archi_1026005_diagrams_p_raj_sabhagruh_discourse_hall_serie_archi_1026005_p_raj_sabhagruh_discourse_hall_serie_archi_1026005_diagrams_p_raj_sabhagruh_discourse_hall_serie_archi_1026005_diagram_1"", ""i_p_raj_sabhagruh_discourse_hall_serie_archi_1026005_diagrams_p_raj_sabhagruh_discourse_hall_serie_archi_1026005_p_raj_sabhagruh_discourse_hall_serie_archi_1026005_diagrams_p_raj_sabhagruh_discourse_hall_serie_archi_1026005_diagram_2"", ""i_p_raj_sabhagruh_discourse_hall_serie_archi_1026005_diagrams_p_raj_sabhagruh_discourse_hall_serie_archi_1026005_p_raj_sabhagruh_discourse_hall_serie_archi_1026005_diagrams_p_raj_sabhagruh_discourse_hall_serie_archi_1026005_diagram_3"", ""i_p_raj_sabhagruh_discourse_hall_serie_archi_1026005_exteriors_p_raj_sabhagruh_discourse_hall_serie_archi_1026005_p_raj_sabhagruh_discourse_hall_serie_archi_1026005_exteriors_p_raj_sabhagruh_discourse_hall_serie_archi_1026005_exterior_1"", ""i_p_raj_sabhagruh_discourse_hall_serie_archi_1026005_exteriors_p_raj_sabhagruh_discourse_hall_serie_archi_1026005_p_raj_sabhagruh_discourse_hall_serie_archi_1026005_exteriors_p_raj_sabhagruh_discourse_hall_serie_archi_1026005_exterior_2"", ""i_p_raj_sabhagruh_discourse_hall_serie_archi_1026005_interiors_p_raj_sabhagruh_discourse_hall_serie_archi_1026005_p_raj_sabhagruh_discourse_hall_serie_archi_1026005_interiors_p_raj_sabhagruh_discourse_hall_serie_archi_1026005_interior_1"", ""i_p_raj_sabhagruh_discourse_hall_serie_archi_1026005_interiors_p_raj_sabhagruh_discourse_hall_serie_archi_1026005_p_raj_sabhagruh_discourse_hall_serie_archi_1026005_interiors_p_raj_sabhagruh_discourse_hall_serie_archi_1026005_interior_2"", ""i_p_raj_sabhagruh_discourse_hall_serie_archi_1026005_interiors_p_raj_sabhagruh_discourse_hall_serie_archi_1026005_p_raj_sabhagruh_discourse_hall_serie_archi_1026005_interiors_p_raj_sabhagruh_discourse_hall_serie_archi_1026005_interior_3"", ""i_p_raj_sabhagruh_discourse_hall_serie_archi_1026005_interiors_p_raj_sabhagruh_discourse_hall_serie_archi_1026005_p_raj_sabhagruh_discourse_hall_serie_archi_1026005_interiors_p_raj_sabhagruh_discourse_hall_serie_archi_1026005_interior_4"", ""i_p_raj_sabhagruh_discourse_hall_serie_archi_1026005_interiors_p_raj_sabhagruh_discourse_hall_serie_archi_1026005_p_raj_sabhagruh_discourse_hall_serie_archi_1026005_interiors_p_raj_sabhagruh_discourse_hall_serie_archi_1026005_interior_5""]",,,"diagrams,interiors,exteriors",,,The Raj Sabhagruh Discourse Hall Serie Archi likely refers to a cultural or community center designed for discourse and gatherings.,"discourse hall,cultural center,community gathering,architecture"
p_recreation_center_morel_de_vind_sch_maa_956856,Recreation Center Morel De Vind Sch Maa,France,temperate,community center,,"[""i_p_recreation_center_morel_de_vind_sch_maa_956856_diagrams_p_recreation_center_morel_de_vind_sch_maa_956856_p_recreation_center_morel_de_vind_sch_maa_956856_diagrams_p_recreation_center_morel_de_vind_sch_maa_956856_diagram_1"", ""i_p_recreation_center_morel_de_vind_sch_maa_956856_diagrams_p_recreation_center_morel_de_vind_sch_maa_956856_p_recreation_center_morel_de_vind_sch_maa_956856_diagrams_p_recreation_center_morel_de_vind_sch_maa_956856_diagram_2"", ""i_p_recreation_center_morel_de_vind_sch_maa_956856_exteriors_p_recreation_center_morel_de_vind_sch_maa_956856_p_recreation_center_morel_de_vind_sch_maa_956856_exteriors_p_recreation_center_morel_de_vind_sch_maa_956856_exterior_1"", ""i_p_recreation_center_morel_de_vind_sch_maa_956856_exteriors_p_recreation_center_morel_de_vind_sch_maa_956856_p_recreation_center_morel_de_vind_sch_maa_956856_exteriors_p_recreation_center_morel_de_vind_sch_maa_956856_exterior_2"", ""i_p_recreation_center_morel_de_vind_sch_maa_956856_exteriors_p_recreation_center_morel_de_vind_sch_maa_956856_p_recreation_center_morel_de_vind_sch_maa_956856_exteriors_p_recreation_center_morel_de_vind_sch_maa_956856_exterior_3"", ""i_p_recreation_center_morel_de_vind_sch_maa_956856_exteriors_p_recreation_center_morel_de_vind_sch_maa_956856_p_recreation_center_morel_de_vind_sch_maa_956856_exteriors_p_recreation_center_morel_de_vind_sch_maa_956856_exterior_4"", ""i_p_recreation_center_morel_de_vind_sch_maa_956856_exteriors_p_recreation_center_morel_de_vind_sch_maa_956856_p_recreation_center_morel_de_vind_sch_maa_956856_exteriors_p_recreation_center_morel_de_vind_sch_maa_956856_exterior_5"", ""i_p_recreation_center_morel_de_vind_sch_maa_956856_interiors_p_recreation_center_morel_de_vind_sch_maa_956856_p_recreation_center_morel_de_vind_sch_maa_956856_interiors_p_recreation_center_morel_de_vind_sch_maa_956856_interior_1"", ""i_p_recreation_center_morel_de_vind_sch_maa_956856_interiors_p_recreation_center_morel_de_vind_sch_maa_956856_p_recreation_center_morel_de_vind_sch_maa_956856_interiors_p_recreation_center_morel_de_vind_sch_maa_956856_interior_2"", ""i_p_recreation_center_morel_de_vind_sch_maa_956856_interiors_p_recreation_center_morel_de_vind_sch_maa_956856_p_recreation_center_morel_de_vind_sch_maa_956856_interiors_p_recreation_center_morel_de_vind_sch_maa_956856_interior_3"", ""i_p_recreation_center_morel_de_vind_sch_maa_956856_interiors_p_recreation_center_morel_de_vind_sch_maa_956856_p_recreation_center_morel_de_vind_sch_maa_956856_interiors_p_recreation_center_morel_de_vind_sch_maa_956856_interior_4"", ""i_p_recreation_center_morel_de_vind_sch_maa_956856_interiors_p_recreation_center_morel_de_vind_sch_maa_956856_p_recreation_center_morel_de_vind_sch_maa_956856_interiors_p_recreation_center_morel_de_vind_sch_maa_956856_interior_5""]",48.849766,2.132504,"diagrams,interiors,exteriors",Paris,,"The project is likely a community center designed for recreational activities, possibly serving the local population with various facilities.","recreation center,community center,public space,France,Paris"
p_refectory_lounge_library_at_king_s_colle_1026726,Refectory Lounge Library At King S Colle,United Kingdom,temperate,library,,"[""i_p_refectory_lounge_library_at_king_s_colle_1026726_diagrams_p_refectory_lounge_library_at_king_s_colle_1026726_p_refectory_lounge_library_at_king_s_colle_1026726_diagrams_p_refectory_lounge_library_at_king_s_colle_1026726_diagram_1"", ""i_p_refectory_lounge_library_at_king_s_colle_1026726_diagrams_p_refectory_lounge_library_at_king_s_colle_1026726_p_refectory_lounge_library_at_king_s_colle_1026726_diagrams_p_refectory_lounge_library_at_king_s_colle_1026726_diagram_2"", ""i_p_refectory_lounge_library_at_king_s_colle_1026726_exteriors_p_refectory_lounge_library_at_king_s_colle_1026726_p_refectory_lounge_library_at_king_s_colle_1026726_exteriors_p_refectory_lounge_library_at_king_s_colle_1026726_exterior_1"", ""i_p_refectory_lounge_library_at_king_s_colle_1026726_exteriors_p_refectory_lounge_library_at_king_s_colle_1026726_p_refectory_lounge_library_at_king_s_colle_1026726_exteriors_p_refectory_lounge_library_at_king_s_colle_1026726_exterior_2"", ""i_p_refectory_lounge_library_at_king_s_colle_1026726_interiors_p_refectory_lounge_library_at_king_s_colle_1026726_p_refectory_lounge_library_at_king_s_colle_1026726_interiors_p_refectory_lounge_library_at_king_s_colle_1026726_interior_1"", ""i_p_refectory_lounge_library_at_king_s_colle_1026726_interiors_p_refectory_lounge_library_at_king_s_colle_1026726_p_refectory_lounge_library_at_king_s_colle_1026726_interiors_p_refectory_lounge_library_at_king_s_colle_1026726_interior_2"", ""i_p_refectory_lounge_library_at_king_s_colle_1026726_interiors_p_refectory_lounge_library_at_king_s_colle_1026726_p_refectory_lounge_library_at_king_s_colle_1026726_interiors_p_refectory_lounge_library_at_king_s_colle_1026726_interior_3"", ""i_p_refectory_lounge_library_at_king_s_colle_1026726_interiors_p_refectory_lounge_library_at_king_s_colle_1026726_p_refectory_lounge_library_at_king_s_colle_1026726_interiors_p_refectory_lounge_library_at_king_s_colle_1026726_interior_4"", ""i_p_refectory_lounge_library_at_king_s_colle_1026726_interiors_p_refectory_lounge_library_at_king_s_colle_1026726_p_refectory_lounge_library_at_king_s_colle_1026726_interiors_p_refectory_lounge_library_at_king_s_colle_1026726_interior_5""]",52.2043356,0.117285,"diagrams,interiors,exteriors",Cambridge,,"The Refectory Lounge Library at King's College is likely a space designed for reading and study, possibly featuring a lounge area for relaxation and social interaction among students and visitors.","library,King's College,Cambridge,study space,refectory,lounge"
p_reinterpretation_of_national_museum_of_p_1032587,Reinterpretation Of National Museum Of,,,museum,,"[""i_p_reinterpretation_of_national_museum_of_p_1032587_diagrams_p_reinterpretation_of_national_museum_of_p_1032587_p_reinterpretation_of_national_museum_of_p_1032587_diagrams_p_reinterpretation_of_national_museum_of_p_1032587_diagram_1"", ""i_p_reinterpretation_of_national_museum_of_p_1032587_exteriors_p_reinterpretation_of_national_museum_of_p_1032587_p_reinterpretation_of_national_museum_of_p_1032587_exteriors_p_reinterpretation_of_national_museum_of_p_1032587_exterior_1"", ""i_p_reinterpretation_of_national_museum_of_p_1032587_exteriors_p_reinterpretation_of_national_museum_of_p_1032587_p_reinterpretation_of_national_museum_of_p_1032587_exteriors_p_reinterpretation_of_national_museum_of_p_1032587_exterior_2"", ""i_p_reinterpretation_of_national_museum_of_p_1032587_interiors_p_reinterpretation_of_national_museum_of_p_1032587_p_reinterpretation_of_national_museum_of_p_1032587_interiors_p_reinterpretation_of_national_museum_of_p_1032587_interior_1"", ""i_p_reinterpretation_of_national_museum_of_p_1032587_interiors_p_reinterpretation_of_national_museum_of_p_1032587_p_reinterpretation_of_national_museum_of_p_1032587_interiors_p_reinterpretation_of_national_museum_of_p_1032587_interior_2"", ""i_p_reinterpretation_of_national_museum_of_p_1032587_interiors_p_reinterpretation_of_national_museum_of_p_1032587_p_reinterpretation_of_national_museum_of_p_1032587_interiors_p_reinterpretation_of_national_museum_of_p_1032587_interior_3"", ""i_p_reinterpretation_of_national_museum_of_p_1032587_interiors_p_reinterpretation_of_national_museum_of_p_1032587_p_reinterpretation_of_national_museum_of_p_1032587_interiors_p_reinterpretation_of_national_museum_of_p_1032587_interior_4"", ""i_p_reinterpretation_of_national_museum_of_p_1032587_interiors_p_reinterpretation_of_national_museum_of_p_1032587_p_reinterpretation_of_national_museum_of_p_1032587_interiors_p_reinterpretation_of_national_museum_of_p_1032587_interior_5""]",,,"diagrams,interiors,exteriors",,,"This project likely involves a redesign or conceptual reimagining of a national museum, focusing on its architectural elements and visitor experience.","museum,reinterpretation,architecture,design,national"
p_renovation_and_expansion_of_shenzhen_lon_1027926,Renovation And Expansion Of Shenzhen Lon,China,tropical,,,"[""i_p_renovation_and_expansion_of_shenzhen_lon_1027926_exteriors_p_renovation_and_expansion_of_shenzhen_lon_1027926_p_renovation_and_expansion_of_shenzhen_lon_1027926_exteriors_p_renovation_and_expansion_of_shenzhen_lon_1027926_exterior_1"", ""i_p_renovation_and_expansion_of_shenzhen_lon_1027926_exteriors_p_renovation_and_expansion_of_shenzhen_lon_1027926_p_renovation_and_expansion_of_shenzhen_lon_1027926_exteriors_p_renovation_and_expansion_of_shenzhen_lon_1027926_exterior_2"", ""i_p_renovation_and_expansion_of_shenzhen_lon_1027926_exteriors_p_renovation_and_expansion_of_shenzhen_lon_1027926_p_renovation_and_expansion_of_shenzhen_lon_1027926_exteriors_p_renovation_and_expansion_of_shenzhen_lon_1027926_exterior_3"", ""i_p_renovation_and_expansion_of_shenzhen_lon_1027926_exteriors_p_renovation_and_expansion_of_shenzhen_lon_1027926_p_renovation_and_expansion_of_shenzhen_lon_1027926_exteriors_p_renovation_and_expansion_of_shenzhen_lon_1027926_exterior_4"", ""i_p_renovation_and_expansion_of_shenzhen_lon_1027926_exteriors_p_renovation_and_expansion_of_shenzhen_lon_1027926_p_renovation_and_expansion_of_shenzhen_lon_1027926_exteriors_p_renovation_and_expansion_of_shenzhen_lon_1027926_exterior_5"", ""i_p_renovation_and_expansion_of_shenzhen_lon_1027926_interiors_p_renovation_and_expansion_of_shenzhen_lon_1027926_p_renovation_and_expansion_of_shenzhen_lon_1027926_interiors_p_renovation_and_expansion_of_shenzhen_lon_1027926_interior_1"", ""i_p_renovation_and_expansion_of_shenzhen_lon_1027926_interiors_p_renovation_and_expansion_of_shenzhen_lon_1027926_p_renovation_and_expansion_of_shenzhen_lon_1027926_interiors_p_renovation_and_expansion_of_shenzhen_lon_1027926_interior_2"", ""i_p_renovation_and_expansion_of_shenzhen_lon_1027926_interiors_p_renovation_and_expansion_of_shenzhen_lon_1027926_p_renovation_and_expansion_of_shenzhen_lon_1027926_interiors_p_renovation_and_expansion_of_shenzhen_lon_1027926_interior_3"", ""i_p_renovation_and_expansion_of_shenzhen_lon_1027926_interiors_p_renovation_and_expansion_of_shenzhen_lon_1027926_p_renovation_and_expansion_of_shenzhen_lon_1027926_interiors_p_renovation_and_expansion_of_shenzhen_lon_1027926_interior_4"", ""i_p_renovation_and_expansion_of_shenzhen_lon_1027926_interiors_p_renovation_and_expansion_of_shenzhen_lon_1027926_p_renovation_and_expansion_of_shenzhen_lon_1027926_interiors_p_renovation_and_expansion_of_shenzhen_lon_1027926_interior_5""]",22.5428599,114.05956,"interiors,exteriors",Shenzhen,,"The project involves the renovation and expansion of an existing structure in Shenzhen, likely aimed at modernizing the facilities and increasing usable space.","renovation,expansion,Shenzhen,architecture,building project"
p_renovation_expansion_of_sichuan_universi_1031606,Renovation Expansion Of Sichuan Universi,China,temperate,university,,"[""i_p_renovation_expansion_of_sichuan_universi_1031606_exteriors_p_renovation_expansion_of_sichuan_universi_1031606_p_renovation_expansion_of_sichuan_universi_1031606_exteriors_p_renovation_expansion_of_sichuan_universi_1031606_exterior_1"", ""i_p_renovation_expansion_of_sichuan_universi_1031606_exteriors_p_renovation_expansion_of_sichuan_universi_1031606_p_renovation_expansion_of_sichuan_universi_1031606_exteriors_p_renovation_expansion_of_sichuan_universi_1031606_exterior_2"", ""i_p_renovation_expansion_of_sichuan_universi_1031606_exteriors_p_renovation_expansion_of_sichuan_universi_1031606_p_renovation_expansion_of_sichuan_universi_1031606_exteriors_p_renovation_expansion_of_sichuan_universi_1031606_exterior_3"", ""i_p_renovation_expansion_of_sichuan_universi_1031606_exteriors_p_renovation_expansion_of_sichuan_universi_1031606_p_renovation_expansion_of_sichuan_universi_1031606_exteriors_p_renovation_expansion_of_sichuan_universi_1031606_exterior_4"", ""i_p_renovation_expansion_of_sichuan_universi_1031606_exteriors_p_renovation_expansion_of_sichuan_universi_1031606_p_renovation_expansion_of_sichuan_universi_1031606_exteriors_p_renovation_expansion_of_sichuan_universi_1031606_exterior_5"", ""i_p_renovation_expansion_of_sichuan_universi_1031606_interiors_p_renovation_expansion_of_sichuan_universi_1031606_p_renovation_expansion_of_sichuan_universi_1031606_interiors_p_renovation_expansion_of_sichuan_universi_1031606_interior_1"", ""i_p_renovation_expansion_of_sichuan_universi_1031606_interiors_p_renovation_expansion_of_sichuan_universi_1031606_p_renovation_expansion_of_sichuan_universi_1031606_interiors_p_renovation_expansion_of_sichuan_universi_1031606_interior_2""]",30.5722599,104.0665099,"interiors,exteriors",Chengdu,,"The project involves the renovation and expansion of an existing university facility in Sichuan, likely aimed at enhancing educational resources and infrastructure.","renovation,expansion,university,Sichuan,education,infrastructure"
p_renovation_of_nju_kindergarten_atelier_j_1034367,Renovation Of Nju Kindergarten Atelier J,,,kindergarten,,"[""i_p_renovation_of_nju_kindergarten_atelier_j_1034367_exteriors_p_renovation_of_nju_kindergarten_atelier_j_1034367_p_renovation_of_nju_kindergarten_atelier_j_1034367_exteriors_p_renovation_of_nju_kindergarten_atelier_j_1034367_exterior_1"", ""i_p_renovation_of_nju_kindergarten_atelier_j_1034367_exteriors_p_renovation_of_nju_kindergarten_atelier_j_1034367_p_renovation_of_nju_kindergarten_atelier_j_1034367_exteriors_p_renovation_of_nju_kindergarten_atelier_j_1034367_exterior_2"", ""i_p_renovation_of_nju_kindergarten_atelier_j_1034367_exteriors_p_renovation_of_nju_kindergarten_atelier_j_1034367_p_renovation_of_nju_kindergarten_atelier_j_1034367_exteriors_p_renovation_of_nju_kindergarten_atelier_j_1034367_exterior_3"", ""i_p_renovation_of_nju_kindergarten_atelier_j_1034367_exteriors_p_renovation_of_nju_kindergarten_atelier_j_1034367_p_renovation_of_nju_kindergarten_atelier_j_1034367_exteriors_p_renovation_of_nju_kindergarten_atelier_j_1034367_exterior_4"", ""i_p_renovation_of_nju_kindergarten_atelier_j_1034367_exteriors_p_renovation_of_nju_kindergarten_atelier_j_1034367_p_renovation_of_nju_kindergarten_atelier_j_1034367_exteriors_p_renovation_of_nju_kindergarten_atelier_j_1034367_exterior_5"", ""i_p_renovation_of_nju_kindergarten_atelier_j_1034367_interiors_p_renovation_of_nju_kindergarten_atelier_j_1034367_p_renovation_of_nju_kindergarten_atelier_j_1034367_interiors_p_renovation_of_nju_kindergarten_atelier_j_1034367_interior_1"", ""i_p_renovation_of_nju_kindergarten_atelier_j_1034367_interiors_p_renovation_of_nju_kindergarten_atelier_j_1034367_p_renovation_of_nju_kindergarten_atelier_j_1034367_interiors_p_renovation_of_nju_kindergarten_atelier_j_1034367_interior_2"", ""i_p_renovation_of_nju_kindergarten_atelier_j_1034367_interiors_p_renovation_of_nju_kindergarten_atelier_j_1034367_p_renovation_of_nju_kindergarten_atelier_j_1034367_interiors_p_renovation_of_nju_kindergarten_atelier_j_1034367_interior_3""]",,,"interiors,exteriors",,,"This project involves the renovation of a kindergarten facility, likely focusing on improving educational spaces for young children.","renovation,kindergarten,education,atelier"
p_resting_chapel_jung_architekti_1025027,Resting Chapel Jung Architekti,Slovakia,temperate,church,,"[""i_p_resting_chapel_jung_architekti_1025027_diagrams_p_resting_chapel_jung_architekti_1025027_p_resting_chapel_jung_architekti_1025027_diagrams_p_resting_chapel_jung_architekti_1025027_diagram_1"", ""i_p_resting_chapel_jung_architekti_1025027_diagrams_p_resting_chapel_jung_architekti_1025027_p_resting_chapel_jung_architekti_1025027_diagrams_p_resting_chapel_jung_architekti_1025027_diagram_2"", ""i_p_resting_chapel_jung_architekti_1025027_diagrams_p_resting_chapel_jung_architekti_1025027_p_resting_chapel_jung_architekti_1025027_diagrams_p_resting_chapel_jung_architekti_1025027_diagram_3"", ""i_p_resting_chapel_jung_architekti_1025027_exteriors_p_resting_chapel_jung_architekti_1025027_p_resting_chapel_jung_architekti_1025027_exteriors_p_resting_chapel_jung_architekti_1025027_exterior_1"", ""i_p_resting_chapel_jung_architekti_1025027_exteriors_p_resting_chapel_jung_architekti_1025027_p_resting_chapel_jung_architekti_1025027_exteriors_p_resting_chapel_jung_architekti_1025027_exterior_2"", ""i_p_resting_chapel_jung_architekti_1025027_exteriors_p_resting_chapel_jung_architekti_1025027_p_resting_chapel_jung_architekti_1025027_exteriors_p_resting_chapel_jung_architekti_1025027_exterior_3"", ""i_p_resting_chapel_jung_architekti_1025027_exteriors_p_resting_chapel_jung_architekti_1025027_p_resting_chapel_jung_architekti_1025027_exteriors_p_resting_chapel_jung_architekti_1025027_exterior_4"", ""i_p_resting_chapel_jung_architekti_1025027_interiors_p_resting_chapel_jung_architekti_1025027_p_resting_chapel_jung_architekti_1025027_interiors_p_resting_chapel_jung_architekti_1025027_interior_1"", ""i_p_resting_chapel_jung_architekti_1025027_interiors_p_resting_chapel_jung_architekti_1025027_p_resting_chapel_jung_architekti_1025027_interiors_p_resting_chapel_jung_architekti_1025027_interior_2""]",48.8614192,17.0265351,"diagrams,interiors,exteriors",null,Jung Architekti,"The Resting Chapel is likely a religious building designed for contemplation and rest, emphasizing tranquility and spiritual reflection.","chapel,religious architecture,Jung Architekti,Slovakia,contemplation,rest"
p_restoration_and_enhancement_of_the_patri_1034427,Restoration And Enhancement Of The Patri,Portugal,temperate,cultural center,,"[""i_p_restoration_and_enhancement_of_the_patri_1034427_diagrams_p_restoration_and_enhancement_of_the_patri_1034427_p_restoration_and_enhancement_of_the_patri_1034427_diagrams_p_restoration_and_enhancement_of_the_patri_1034427_diagram_1"", ""i_p_restoration_and_enhancement_of_the_patri_1034427_diagrams_p_restoration_and_enhancement_of_the_patri_1034427_p_restoration_and_enhancement_of_the_patri_1034427_diagrams_p_restoration_and_enhancement_of_the_patri_1034427_diagram_2"", ""i_p_restoration_and_enhancement_of_the_patri_1034427_diagrams_p_restoration_and_enhancement_of_the_patri_1034427_p_restoration_and_enhancement_of_the_patri_1034427_diagrams_p_restoration_and_enhancement_of_the_patri_1034427_diagram_3"", ""i_p_restoration_and_enhancement_of_the_patri_1034427_exteriors_p_restoration_and_enhancement_of_the_patri_1034427_p_restoration_and_enhancement_of_the_patri_1034427_exteriors_p_restoration_and_enhancement_of_the_patri_1034427_exterior_1"", ""i_p_restoration_and_enhancement_of_the_patri_1034427_exteriors_p_restoration_and_enhancement_of_the_patri_1034427_p_restoration_and_enhancement_of_the_patri_1034427_exteriors_p_restoration_and_enhancement_of_the_patri_1034427_exterior_2"", ""i_p_restoration_and_enhancement_of_the_patri_1034427_interiors_p_restoration_and_enhancement_of_the_patri_1034427_p_restoration_and_enhancement_of_the_patri_1034427_interiors_p_restoration_and_enhancement_of_the_patri_1034427_interior_1"", ""i_p_restoration_and_enhancement_of_the_patri_1034427_interiors_p_restoration_and_enhancement_of_the_patri_1034427_p_restoration_and_enhancement_of_the_patri_1034427_interiors_p_restoration_and_enhancement_of_the_patri_1034427_interior_2"", ""i_p_restoration_and_enhancement_of_the_patri_1034427_interiors_p_restoration_and_enhancement_of_the_patri_1034427_p_restoration_and_enhancement_of_the_patri_1034427_interiors_p_restoration_and_enhancement_of_the_patri_1034427_interior_3"", ""i_p_restoration_and_enhancement_of_the_patri_1034427_interiors_p_restoration_and_enhancement_of_the_patri_1034427_p_restoration_and_enhancement_of_the_patri_1034427_interiors_p_restoration_and_enhancement_of_the_patri_1034427_interior_4"", ""i_p_restoration_and_enhancement_of_the_patri_1034427_interiors_p_restoration_and_enhancement_of_the_patri_1034427_p_restoration_and_enhancement_of_the_patri_1034427_interiors_p_restoration_and_enhancement_of_the_patri_1034427_interior_5""]",38.7222524,-9.1393366,"diagrams,interiors,exteriors",Lisbon,,"The project likely involves the restoration and enhancement of a cultural or historical site known as 'The Patri', focusing on preserving its architectural integrity while improving its functionality.","restoration,enhancement,cultural center,historical site,architecture"
p_restoration_of_sant_esteve_church_santam_1032564,Restoration Of Sant Esteve Church Santam,Spain,temperate,church,,"[""i_p_restoration_of_sant_esteve_church_santam_1032564_exteriors_p_restoration_of_sant_esteve_church_santam_1032564_p_restoration_of_sant_esteve_church_santam_1032564_exteriors_p_restoration_of_sant_esteve_church_santam_1032564_exterior_1"", ""i_p_restoration_of_sant_esteve_church_santam_1032564_exteriors_p_restoration_of_sant_esteve_church_santam_1032564_p_restoration_of_sant_esteve_church_santam_1032564_exteriors_p_restoration_of_sant_esteve_church_santam_1032564_exterior_2"", ""i_p_restoration_of_sant_esteve_church_santam_1032564_interiors_p_restoration_of_sant_esteve_church_santam_1032564_p_restoration_of_sant_esteve_church_santam_1032564_interiors_p_restoration_of_sant_esteve_church_santam_1032564_interior_1"", ""i_p_restoration_of_sant_esteve_church_santam_1032564_interiors_p_restoration_of_sant_esteve_church_santam_1032564_p_restoration_of_sant_esteve_church_santam_1032564_interiors_p_restoration_of_sant_esteve_church_santam_1032564_interior_2""]",41.640497,1.7903143,"interiors,exteriors",Santam,,"The project involves the restoration of Sant Esteve Church, indicating a focus on preserving historical architecture and cultural heritage.","restoration,church,Sant Esteve,historical architecture,cultural heritage"
p_retrofit_of_santa_maria_school_carvalho_1034261,Retrofit Of Santa Maria School Carvalho,Brazil,tropical,school,,"[""i_p_retrofit_of_santa_maria_school_carvalho_1034261_diagrams_p_retrofit_of_santa_maria_school_carvalho_1034261_p_retrofit_of_santa_maria_school_carvalho_1034261_diagrams_p_retrofit_of_santa_maria_school_carvalho_1034261_diagram_1"", ""i_p_retrofit_of_santa_maria_school_carvalho_1034261_diagrams_p_retrofit_of_santa_maria_school_carvalho_1034261_p_retrofit_of_santa_maria_school_carvalho_1034261_diagrams_p_retrofit_of_santa_maria_school_carvalho_1034261_diagram_2"", ""i_p_retrofit_of_santa_maria_school_carvalho_1034261_exteriors_p_retrofit_of_santa_maria_school_carvalho_1034261_p_retrofit_of_santa_maria_school_carvalho_1034261_exteriors_p_retrofit_of_santa_maria_school_carvalho_1034261_exterior_1"", ""i_p_retrofit_of_santa_maria_school_carvalho_1034261_exteriors_p_retrofit_of_santa_maria_school_carvalho_1034261_p_retrofit_of_santa_maria_school_carvalho_1034261_exteriors_p_retrofit_of_santa_maria_school_carvalho_1034261_exterior_2"", ""i_p_retrofit_of_santa_maria_school_carvalho_1034261_exteriors_p_retrofit_of_santa_maria_school_carvalho_1034261_p_retrofit_of_santa_maria_school_carvalho_1034261_exteriors_p_retrofit_of_santa_maria_school_carvalho_1034261_exterior_3"", ""i_p_retrofit_of_santa_maria_school_carvalho_1034261_exteriors_p_retrofit_of_santa_maria_school_carvalho_1034261_p_retrofit_of_santa_maria_school_carvalho_1034261_exteriors_p_retrofit_of_santa_maria_school_carvalho_1034261_exterior_4"", ""i_p_retrofit_of_santa_maria_school_carvalho_1034261_interiors_p_retrofit_of_santa_maria_school_carvalho_1034261_p_retrofit_of_santa_maria_school_carvalho_1034261_interiors_p_retrofit_of_santa_maria_school_carvalho_1034261_interior_1"", ""i_p_retrofit_of_santa_maria_school_carvalho_1034261_interiors_p_retrofit_of_santa_maria_school_carvalho_1034261_p_retrofit_of_santa_maria_school_carvalho_1034261_interiors_p_retrofit_of_santa_maria_school_carvalho_1034261_interior_2"", ""i_p_retrofit_of_santa_maria_school_carvalho_1034261_interiors_p_retrofit_of_santa_maria_school_carvalho_1034261_p_retrofit_of_santa_maria_school_carvalho_1034261_interiors_p_retrofit_of_santa_maria_school_carvalho_1034261_interior_3"", ""i_p_retrofit_of_santa_maria_school_carvalho_1034261_interiors_p_retrofit_of_santa_maria_school_carvalho_1034261_p_retrofit_of_santa_maria_school_carvalho_1034261_interiors_p_retrofit_of_santa_maria_school_carvalho_1034261_interior_4"", ""i_p_retrofit_of_santa_maria_school_carvalho_1034261_interiors_p_retrofit_of_santa_maria_school_carvalho_1034261_p_retrofit_of_santa_maria_school_carvalho_1034261_interiors_p_retrofit_of_santa_maria_school_carvalho_1034261_interior_5""]",-23.5557714,-46.6395571,"diagrams,interiors,exteriors",São Paulo,,"The project involves the retrofit of an educational facility named Santa Maria School, likely aimed at improving its infrastructure and functionality.","retrofit,school,education,Santa Maria,Brazil,São Paulo"
p_sailing_castle_ren_ai_cheng_tsung_feng_d_1035634,Sailing Castle Ren Ai Cheng Tsung Feng D,Taiwan,tropical,null,,"[""i_p_sailing_castle_ren_ai_cheng_tsung_feng_d_1035634_exteriors_p_sailing_castle_ren_ai_cheng_tsung_feng_d_1035634_p_sailing_castle_ren_ai_cheng_tsung_feng_d_1035634_exteriors_p_sailing_castle_ren_ai_cheng_tsung_feng_d_1035634_exterior_1"", ""i_p_sailing_castle_ren_ai_cheng_tsung_feng_d_1035634_exteriors_p_sailing_castle_ren_ai_cheng_tsung_feng_d_1035634_p_sailing_castle_ren_ai_cheng_tsung_feng_d_1035634_exteriors_p_sailing_castle_ren_ai_cheng_tsung_feng_d_1035634_exterior_2"", ""i_p_sailing_castle_ren_ai_cheng_tsung_feng_d_1035634_exteriors_p_sailing_castle_ren_ai_cheng_tsung_feng_d_1035634_p_sailing_castle_ren_ai_cheng_tsung_feng_d_1035634_exteriors_p_sailing_castle_ren_ai_cheng_tsung_feng_d_1035634_exterior_3"", ""i_p_sailing_castle_ren_ai_cheng_tsung_feng_d_1035634_exteriors_p_sailing_castle_ren_ai_cheng_tsung_feng_d_1035634_p_sailing_castle_ren_ai_cheng_tsung_feng_d_1035634_exteriors_p_sailing_castle_ren_ai_cheng_tsung_feng_d_1035634_exterior_4"", ""i_p_sailing_castle_ren_ai_cheng_tsung_feng_d_1035634_exteriors_p_sailing_castle_ren_ai_cheng_tsung_feng_d_1035634_p_sailing_castle_ren_ai_cheng_tsung_feng_d_1035634_exteriors_p_sailing_castle_ren_ai_cheng_tsung_feng_d_1035634_exterior_5"", ""i_p_sailing_castle_ren_ai_cheng_tsung_feng_d_1035634_interiors_p_sailing_castle_ren_ai_cheng_tsung_feng_d_1035634_p_sailing_castle_ren_ai_cheng_tsung_feng_d_1035634_interiors_p_sailing_castle_ren_ai_cheng_tsung_feng_d_1035634_interior_1"", ""i_p_sailing_castle_ren_ai_cheng_tsung_feng_d_1035634_interiors_p_sailing_castle_ren_ai_cheng_tsung_feng_d_1035634_p_sailing_castle_ren_ai_cheng_tsung_feng_d_1035634_interiors_p_sailing_castle_ren_ai_cheng_tsung_feng_d_1035634_interior_2""]",25.0329636,121.5654268,"interiors,exteriors",Taipei,null,"The project titled 'Sailing Castle Ren Ai Cheng Tsung Feng D' suggests a unique architectural design possibly inspired by nautical themes, likely located in a residential or cultural context in Taipei.","sailing,castle,architecture,Taipei,Taiwan,cultural"
p_salem_public_library_renovation_hacker_a_1024470,Salem Public Library Renovation Hacker A,United States,temperate,library,,"[""i_p_salem_public_library_renovation_hacker_a_1024470_exteriors_p_salem_public_library_renovation_hacker_a_1024470_p_salem_public_library_renovation_hacker_a_1024470_exteriors_p_salem_public_library_renovation_hacker_a_1024470_exterior_1"", ""i_p_salem_public_library_renovation_hacker_a_1024470_exteriors_p_salem_public_library_renovation_hacker_a_1024470_p_salem_public_library_renovation_hacker_a_1024470_exteriors_p_salem_public_library_renovation_hacker_a_1024470_exterior_2"", ""i_p_salem_public_library_renovation_hacker_a_1024470_exteriors_p_salem_public_library_renovation_hacker_a_1024470_p_salem_public_library_renovation_hacker_a_1024470_exteriors_p_salem_public_library_renovation_hacker_a_1024470_exterior_3"", ""i_p_salem_public_library_renovation_hacker_a_1024470_exteriors_p_salem_public_library_renovation_hacker_a_1024470_p_salem_public_library_renovation_hacker_a_1024470_exteriors_p_salem_public_library_renovation_hacker_a_1024470_exterior_4"", ""i_p_salem_public_library_renovation_hacker_a_1024470_exteriors_p_salem_public_library_renovation_hacker_a_1024470_p_salem_public_library_renovation_hacker_a_1024470_exteriors_p_salem_public_library_renovation_hacker_a_1024470_exterior_5"", ""i_p_salem_public_library_renovation_hacker_a_1024470_interiors_p_salem_public_library_renovation_hacker_a_1024470_p_salem_public_library_renovation_hacker_a_1024470_interiors_p_salem_public_library_renovation_hacker_a_1024470_interior_1"", ""i_p_salem_public_library_renovation_hacker_a_1024470_interiors_p_salem_public_library_renovation_hacker_a_1024470_p_salem_public_library_renovation_hacker_a_1024470_interiors_p_salem_public_library_renovation_hacker_a_1024470_interior_2"", ""i_p_salem_public_library_renovation_hacker_a_1024470_interiors_p_salem_public_library_renovation_hacker_a_1024470_p_salem_public_library_renovation_hacker_a_1024470_interiors_p_salem_public_library_renovation_hacker_a_1024470_interior_3"", ""i_p_salem_public_library_renovation_hacker_a_1024470_interiors_p_salem_public_library_renovation_hacker_a_1024470_p_salem_public_library_renovation_hacker_a_1024470_interiors_p_salem_public_library_renovation_hacker_a_1024470_interior_4"", ""i_p_salem_public_library_renovation_hacker_a_1024470_interiors_p_salem_public_library_renovation_hacker_a_1024470_p_salem_public_library_renovation_hacker_a_1024470_interiors_p_salem_public_library_renovation_hacker_a_1024470_interior_5""]",42.5197473,-70.8954626,"interiors,exteriors",Salem,,"The project involves the renovation of the Salem Public Library, likely aimed at modernizing the facility and improving its services to the community.","Salem,Public Library,renovation,library,community"
p_san_rocco_s_oratory_architettura_tommasi_1033428,San Rocco S Oratory Architettura Tommasi,Italy,temperate,church,,"[""i_p_san_rocco_s_oratory_architettura_tommasi_1033428_exteriors_p_san_rocco_s_oratory_architettura_tommasi_1033428_p_san_rocco_s_oratory_architettura_tommasi_1033428_exteriors_p_san_rocco_s_oratory_architettura_tommasi_1033428_exterior_1"", ""i_p_san_rocco_s_oratory_architettura_tommasi_1033428_exteriors_p_san_rocco_s_oratory_architettura_tommasi_1033428_p_san_rocco_s_oratory_architettura_tommasi_1033428_exteriors_p_san_rocco_s_oratory_architettura_tommasi_1033428_exterior_2"", ""i_p_san_rocco_s_oratory_architettura_tommasi_1033428_interiors_p_san_rocco_s_oratory_architettura_tommasi_1033428_p_san_rocco_s_oratory_architettura_tommasi_1033428_interiors_p_san_rocco_s_oratory_architettura_tommasi_1033428_interior_1"", ""i_p_san_rocco_s_oratory_architettura_tommasi_1033428_interiors_p_san_rocco_s_oratory_architettura_tommasi_1033428_p_san_rocco_s_oratory_architettura_tommasi_1033428_interiors_p_san_rocco_s_oratory_architettura_tommasi_1033428_interior_2"", ""i_p_san_rocco_s_oratory_architettura_tommasi_1033428_interiors_p_san_rocco_s_oratory_architettura_tommasi_1033428_p_san_rocco_s_oratory_architettura_tommasi_1033428_interiors_p_san_rocco_s_oratory_architettura_tommasi_1033428_interior_3"", ""i_p_san_rocco_s_oratory_architettura_tommasi_1033428_interiors_p_san_rocco_s_oratory_architettura_tommasi_1033428_p_san_rocco_s_oratory_architettura_tommasi_1033428_interiors_p_san_rocco_s_oratory_architettura_tommasi_1033428_interior_4"", ""i_p_san_rocco_s_oratory_architettura_tommasi_1033428_interiors_p_san_rocco_s_oratory_architettura_tommasi_1033428_p_san_rocco_s_oratory_architettura_tommasi_1033428_interiors_p_san_rocco_s_oratory_architettura_tommasi_1033428_interior_5""]",45.411513,11.7292587,"interiors,exteriors",null,Tommasi,"The San Rocco S Oratory is likely a religious building designed by architect Tommasi, reflecting architectural styles typical of oratories in Italy.","San Rocco,oratory,church,architecture,Tommasi,Italy"
p_sanctuary_tunnel_garden_rad_ar_research_1027508,Sanctuary Tunnel Garden Rad Ar Research,Indonesia,tropical,garden,,"[""i_p_sanctuary_tunnel_garden_rad_ar_research_1027508_diagrams_p_sanctuary_tunnel_garden_rad_ar_research_1027508_p_sanctuary_tunnel_garden_rad_ar_research_1027508_diagrams_p_sanctuary_tunnel_garden_rad_ar_research_1027508_diagram_1"", ""i_p_sanctuary_tunnel_garden_rad_ar_research_1027508_diagrams_p_sanctuary_tunnel_garden_rad_ar_research_1027508_p_sanctuary_tunnel_garden_rad_ar_research_1027508_diagrams_p_sanctuary_tunnel_garden_rad_ar_research_1027508_diagram_2"", ""i_p_sanctuary_tunnel_garden_rad_ar_research_1027508_diagrams_p_sanctuary_tunnel_garden_rad_ar_research_1027508_p_sanctuary_tunnel_garden_rad_ar_research_1027508_diagrams_p_sanctuary_tunnel_garden_rad_ar_research_1027508_diagram_3"", ""i_p_sanctuary_tunnel_garden_rad_ar_research_1027508_exteriors_p_sanctuary_tunnel_garden_rad_ar_research_1027508_p_sanctuary_tunnel_garden_rad_ar_research_1027508_exteriors_p_sanctuary_tunnel_garden_rad_ar_research_1027508_exterior_1"", ""i_p_sanctuary_tunnel_garden_rad_ar_research_1027508_exteriors_p_sanctuary_tunnel_garden_rad_ar_research_1027508_p_sanctuary_tunnel_garden_rad_ar_research_1027508_exteriors_p_sanctuary_tunnel_garden_rad_ar_research_1027508_exterior_2"", ""i_p_sanctuary_tunnel_garden_rad_ar_research_1027508_exteriors_p_sanctuary_tunnel_garden_rad_ar_research_1027508_p_sanctuary_tunnel_garden_rad_ar_research_1027508_exteriors_p_sanctuary_tunnel_garden_rad_ar_research_1027508_exterior_3"", ""i_p_sanctuary_tunnel_garden_rad_ar_research_1027508_exteriors_p_sanctuary_tunnel_garden_rad_ar_research_1027508_p_sanctuary_tunnel_garden_rad_ar_research_1027508_exteriors_p_sanctuary_tunnel_garden_rad_ar_research_1027508_exterior_4"", ""i_p_sanctuary_tunnel_garden_rad_ar_research_1027508_exteriors_p_sanctuary_tunnel_garden_rad_ar_research_1027508_p_sanctuary_tunnel_garden_rad_ar_research_1027508_exteriors_p_sanctuary_tunnel_garden_rad_ar_research_1027508_exterior_5"", ""i_p_sanctuary_tunnel_garden_rad_ar_research_1027508_interiors_p_sanctuary_tunnel_garden_rad_ar_research_1027508_p_sanctuary_tunnel_garden_rad_ar_research_1027508_interiors_p_sanctuary_tunnel_garden_rad_ar_research_1027508_interior_1"", ""i_p_sanctuary_tunnel_garden_rad_ar_research_1027508_interiors_p_sanctuary_tunnel_garden_rad_ar_research_1027508_p_sanctuary_tunnel_garden_rad_ar_research_1027508_interiors_p_sanctuary_tunnel_garden_rad_ar_research_1027508_interior_2"", ""i_p_sanctuary_tunnel_garden_rad_ar_research_1027508_interiors_p_sanctuary_tunnel_garden_rad_ar_research_1027508_p_sanctuary_tunnel_garden_rad_ar_research_1027508_interiors_p_sanctuary_tunnel_garden_rad_ar_research_1027508_interior_3"", ""i_p_sanctuary_tunnel_garden_rad_ar_research_1027508_interiors_p_sanctuary_tunnel_garden_rad_ar_research_1027508_p_sanctuary_tunnel_garden_rad_ar_research_1027508_interiors_p_sanctuary_tunnel_garden_rad_ar_research_1027508_interior_4"", ""i_p_sanctuary_tunnel_garden_rad_ar_research_1027508_interiors_p_sanctuary_tunnel_garden_rad_ar_research_1027508_p_sanctuary_tunnel_garden_rad_ar_research_1027508_interiors_p_sanctuary_tunnel_garden_rad_ar_research_1027508_interior_5""]",-0.789275,113.921327,"diagrams,interiors,exteriors",,,"The project likely involves a garden space designed as a sanctuary, possibly incorporating elements of research related to environmental or botanical studies.","garden,sanctuary,tunnel,research,landscape"
p_school_of_the_art_institute_of_chicago_f_1026597,School Of The Art Institute Of Chicago F,United States,temperate,school,,"[""i_p_school_of_the_art_institute_of_chicago_f_1026597_exteriors_p_school_of_the_art_institute_of_chicago_f_1026597_p_school_of_the_art_institute_of_chicago_f_1026597_exteriors_p_school_of_the_art_institute_of_chicago_f_1026597_exterior_1"", ""i_p_school_of_the_art_institute_of_chicago_f_1026597_exteriors_p_school_of_the_art_institute_of_chicago_f_1026597_p_school_of_the_art_institute_of_chicago_f_1026597_exteriors_p_school_of_the_art_institute_of_chicago_f_1026597_exterior_2"", ""i_p_school_of_the_art_institute_of_chicago_f_1026597_interiors_p_school_of_the_art_institute_of_chicago_f_1026597_p_school_of_the_art_institute_of_chicago_f_1026597_interiors_p_school_of_the_art_institute_of_chicago_f_1026597_interior_1"", ""i_p_school_of_the_art_institute_of_chicago_f_1026597_interiors_p_school_of_the_art_institute_of_chicago_f_1026597_p_school_of_the_art_institute_of_chicago_f_1026597_interiors_p_school_of_the_art_institute_of_chicago_f_1026597_interior_2"", ""i_p_school_of_the_art_institute_of_chicago_f_1026597_interiors_p_school_of_the_art_institute_of_chicago_f_1026597_p_school_of_the_art_institute_of_chicago_f_1026597_interiors_p_school_of_the_art_institute_of_chicago_f_1026597_interior_3"", ""i_p_school_of_the_art_institute_of_chicago_f_1026597_interiors_p_school_of_the_art_institute_of_chicago_f_1026597_p_school_of_the_art_institute_of_chicago_f_1026597_interiors_p_school_of_the_art_institute_of_chicago_f_1026597_interior_4"", ""i_p_school_of_the_art_institute_of_chicago_f_1026597_interiors_p_school_of_the_art_institute_of_chicago_f_1026597_p_school_of_the_art_institute_of_chicago_f_1026597_interiors_p_school_of_the_art_institute_of_chicago_f_1026597_interior_5""]",41.8789149,-87.62124109999999,"interiors,exteriors",Chicago,,"The project is likely related to an educational institution focused on the arts, specifically a school or institute in Chicago.","art,school,Chicago,education,institute"
p_seoul_robot_ai_museum_melike_alt_n_k_arc_1022554,Seoul Robot Ai Museum Melike Alt N K Arc,South Korea,temperate,museum,,"[""i_p_seoul_robot_ai_museum_melike_alt_n_k_arc_1022554_diagrams_p_seoul_robot_ai_museum_melike_alt_n_k_arc_1022554_p_seoul_robot_ai_museum_melike_alt_n_k_arc_1022554_diagrams_p_seoul_robot_ai_museum_melike_alt_n_k_arc_1022554_diagram_1"", ""i_p_seoul_robot_ai_museum_melike_alt_n_k_arc_1022554_diagrams_p_seoul_robot_ai_museum_melike_alt_n_k_arc_1022554_p_seoul_robot_ai_museum_melike_alt_n_k_arc_1022554_diagrams_p_seoul_robot_ai_museum_melike_alt_n_k_arc_1022554_diagram_2"", ""i_p_seoul_robot_ai_museum_melike_alt_n_k_arc_1022554_diagrams_p_seoul_robot_ai_museum_melike_alt_n_k_arc_1022554_p_seoul_robot_ai_museum_melike_alt_n_k_arc_1022554_diagrams_p_seoul_robot_ai_museum_melike_alt_n_k_arc_1022554_diagram_3"", ""i_p_seoul_robot_ai_museum_melike_alt_n_k_arc_1022554_exteriors_p_seoul_robot_ai_museum_melike_alt_n_k_arc_1022554_p_seoul_robot_ai_museum_melike_alt_n_k_arc_1022554_exteriors_p_seoul_robot_ai_museum_melike_alt_n_k_arc_1022554_exterior_1"", ""i_p_seoul_robot_ai_museum_melike_alt_n_k_arc_1022554_exteriors_p_seoul_robot_ai_museum_melike_alt_n_k_arc_1022554_p_seoul_robot_ai_museum_melike_alt_n_k_arc_1022554_exteriors_p_seoul_robot_ai_museum_melike_alt_n_k_arc_1022554_exterior_2"", ""i_p_seoul_robot_ai_museum_melike_alt_n_k_arc_1022554_interiors_p_seoul_robot_ai_museum_melike_alt_n_k_arc_1022554_p_seoul_robot_ai_museum_melike_alt_n_k_arc_1022554_interiors_p_seoul_robot_ai_museum_melike_alt_n_k_arc_1022554_interior_1"", ""i_p_seoul_robot_ai_museum_melike_alt_n_k_arc_1022554_interiors_p_seoul_robot_ai_museum_melike_alt_n_k_arc_1022554_p_seoul_robot_ai_museum_melike_alt_n_k_arc_1022554_interiors_p_seoul_robot_ai_museum_melike_alt_n_k_arc_1022554_interior_2""]",37.550263,126.9970831,"diagrams,interiors,exteriors",Seoul,Melike Alt N K Arc,"The Seoul Robot Ai Museum is likely a cultural institution dedicated to showcasing advancements in robotics and artificial intelligence, designed by the architect Melike Alt N K Arc.","Seoul,museum,robotics,artificial intelligence,Melike Alt N K Arc"
p_shafagh_tomb_35_51_architecture_office_1029019,Shafagh Tomb 35 51 Architecture Office,Iran,arid,tomb,,"[""i_p_shafagh_tomb_35_51_architecture_office_1029019_diagrams_p_shafagh_tomb_35_51_architecture_office_1029019_p_shafagh_tomb_35_51_architecture_office_1029019_diagrams_p_shafagh_tomb_35_51_architecture_office_1029019_diagram_1"", ""i_p_shafagh_tomb_35_51_architecture_office_1029019_diagrams_p_shafagh_tomb_35_51_architecture_office_1029019_p_shafagh_tomb_35_51_architecture_office_1029019_diagrams_p_shafagh_tomb_35_51_architecture_office_1029019_diagram_2"", ""i_p_shafagh_tomb_35_51_architecture_office_1029019_diagrams_p_shafagh_tomb_35_51_architecture_office_1029019_p_shafagh_tomb_35_51_architecture_office_1029019_diagrams_p_shafagh_tomb_35_51_architecture_office_1029019_diagram_3"", ""i_p_shafagh_tomb_35_51_architecture_office_1029019_exteriors_p_shafagh_tomb_35_51_architecture_office_1029019_p_shafagh_tomb_35_51_architecture_office_1029019_exteriors_p_shafagh_tomb_35_51_architecture_office_1029019_exterior_1"", ""i_p_shafagh_tomb_35_51_architecture_office_1029019_exteriors_p_shafagh_tomb_35_51_architecture_office_1029019_p_shafagh_tomb_35_51_architecture_office_1029019_exteriors_p_shafagh_tomb_35_51_architecture_office_1029019_exterior_2"", ""i_p_shafagh_tomb_35_51_architecture_office_1029019_exteriors_p_shafagh_tomb_35_51_architecture_office_1029019_p_shafagh_tomb_35_51_architecture_office_1029019_exteriors_p_shafagh_tomb_35_51_architecture_office_1029019_exterior_3"", ""i_p_shafagh_tomb_35_51_architecture_office_1029019_exteriors_p_shafagh_tomb_35_51_architecture_office_1029019_p_shafagh_tomb_35_51_architecture_office_1029019_exteriors_p_shafagh_tomb_35_51_architecture_office_1029019_exterior_4"", ""i_p_shafagh_tomb_35_51_architecture_office_1029019_exteriors_p_shafagh_tomb_35_51_architecture_office_1029019_p_shafagh_tomb_35_51_architecture_office_1029019_exteriors_p_shafagh_tomb_35_51_architecture_office_1029019_exterior_5"", ""i_p_shafagh_tomb_35_51_architecture_office_1029019_interiors_p_shafagh_tomb_35_51_architecture_office_1029019_p_shafagh_tomb_35_51_architecture_office_1029019_interiors_p_shafagh_tomb_35_51_architecture_office_1029019_interior_1"", ""i_p_shafagh_tomb_35_51_architecture_office_1029019_interiors_p_shafagh_tomb_35_51_architecture_office_1029019_p_shafagh_tomb_35_51_architecture_office_1029019_interiors_p_shafagh_tomb_35_51_architecture_office_1029019_interior_2"", ""i_p_shafagh_tomb_35_51_architecture_office_1029019_interiors_p_shafagh_tomb_35_51_architecture_office_1029019_p_shafagh_tomb_35_51_architecture_office_1029019_interiors_p_shafagh_tomb_35_51_architecture_office_1029019_interior_3""]",32.3082212,54.0085616,"diagrams,interiors,exteriors",,35 51 Architecture Office,"The Shafagh Tomb is likely a commemorative structure designed by 35 51 Architecture Office, situated in an arid climate. It serves as a burial site or memorial.","tomb,architecture,Iran,memorial,35 51 Architecture Office"
p_shenzhen_science_and_technology_museum_z_1029762,Shenzhen Science And Technology Museum Z,China,tropical,museum,,"[""i_p_shenzhen_science_and_technology_museum_z_1029762_diagrams_p_shenzhen_science_and_technology_museum_z_1029762_p_shenzhen_science_and_technology_museum_z_1029762_diagrams_p_shenzhen_science_and_technology_museum_z_1029762_diagram_1"", ""i_p_shenzhen_science_and_technology_museum_z_1029762_diagrams_p_shenzhen_science_and_technology_museum_z_1029762_p_shenzhen_science_and_technology_museum_z_1029762_diagrams_p_shenzhen_science_and_technology_museum_z_1029762_diagram_2"", ""i_p_shenzhen_science_and_technology_museum_z_1029762_diagrams_p_shenzhen_science_and_technology_museum_z_1029762_p_shenzhen_science_and_technology_museum_z_1029762_diagrams_p_shenzhen_science_and_technology_museum_z_1029762_diagram_3"", ""i_p_shenzhen_science_and_technology_museum_z_1029762_exteriors_p_shenzhen_science_and_technology_museum_z_1029762_p_shenzhen_science_and_technology_museum_z_1029762_exteriors_p_shenzhen_science_and_technology_museum_z_1029762_exterior_1"", ""i_p_shenzhen_science_and_technology_museum_z_1029762_exteriors_p_shenzhen_science_and_technology_museum_z_1029762_p_shenzhen_science_and_technology_museum_z_1029762_exteriors_p_shenzhen_science_and_technology_museum_z_1029762_exterior_2"", ""i_p_shenzhen_science_and_technology_museum_z_1029762_exteriors_p_shenzhen_science_and_technology_museum_z_1029762_p_shenzhen_science_and_technology_museum_z_1029762_exteriors_p_shenzhen_science_and_technology_museum_z_1029762_exterior_3"", ""i_p_shenzhen_science_and_technology_museum_z_1029762_exteriors_p_shenzhen_science_and_technology_museum_z_1029762_p_shenzhen_science_and_technology_museum_z_1029762_exteriors_p_shenzhen_science_and_technology_museum_z_1029762_exterior_4"", ""i_p_shenzhen_science_and_technology_museum_z_1029762_exteriors_p_shenzhen_science_and_technology_museum_z_1029762_p_shenzhen_science_and_technology_museum_z_1029762_exteriors_p_shenzhen_science_and_technology_museum_z_1029762_exterior_5"", ""i_p_shenzhen_science_and_technology_museum_z_1029762_interiors_p_shenzhen_science_and_technology_museum_z_1029762_p_shenzhen_science_and_technology_museum_z_1029762_interiors_p_shenzhen_science_and_technology_museum_z_1029762_interior_1"", ""i_p_shenzhen_science_and_technology_museum_z_1029762_interiors_p_shenzhen_science_and_technology_museum_z_1029762_p_shenzhen_science_and_technology_museum_z_1029762_interiors_p_shenzhen_science_and_technology_museum_z_1029762_interior_2""]",22.5428599,114.05956,"diagrams,interiors,exteriors",Shenzhen,,The Shenzhen Science And Technology Museum Z is likely a cultural institution focused on science and technology education and exhibitions.,"Shenzhen,science museum,technology museum,cultural institution"
p_shonan_institute_of_technology_high_scho_1024901,Shonan Institute Of Technology High Scho,Japan,temperate,school,,"[""i_p_shonan_institute_of_technology_high_scho_1024901_diagrams_p_shonan_institute_of_technology_high_scho_1024901_p_shonan_institute_of_technology_high_scho_1024901_diagrams_p_shonan_institute_of_technology_high_scho_1024901_diagram_1"", ""i_p_shonan_institute_of_technology_high_scho_1024901_exteriors_p_shonan_institute_of_technology_high_scho_1024901_p_shonan_institute_of_technology_high_scho_1024901_exteriors_p_shonan_institute_of_technology_high_scho_1024901_exterior_1"", ""i_p_shonan_institute_of_technology_high_scho_1024901_exteriors_p_shonan_institute_of_technology_high_scho_1024901_p_shonan_institute_of_technology_high_scho_1024901_exteriors_p_shonan_institute_of_technology_high_scho_1024901_exterior_2"", ""i_p_shonan_institute_of_technology_high_scho_1024901_exteriors_p_shonan_institute_of_technology_high_scho_1024901_p_shonan_institute_of_technology_high_scho_1024901_exteriors_p_shonan_institute_of_technology_high_scho_1024901_exterior_3"", ""i_p_shonan_institute_of_technology_high_scho_1024901_exteriors_p_shonan_institute_of_technology_high_scho_1024901_p_shonan_institute_of_technology_high_scho_1024901_exteriors_p_shonan_institute_of_technology_high_scho_1024901_exterior_4"", ""i_p_shonan_institute_of_technology_high_scho_1024901_exteriors_p_shonan_institute_of_technology_high_scho_1024901_p_shonan_institute_of_technology_high_scho_1024901_exteriors_p_shonan_institute_of_technology_high_scho_1024901_exterior_5"", ""i_p_shonan_institute_of_technology_high_scho_1024901_interiors_p_shonan_institute_of_technology_high_scho_1024901_p_shonan_institute_of_technology_high_scho_1024901_interiors_p_shonan_institute_of_technology_high_scho_1024901_interior_1"", ""i_p_shonan_institute_of_technology_high_scho_1024901_interiors_p_shonan_institute_of_technology_high_scho_1024901_p_shonan_institute_of_technology_high_scho_1024901_interiors_p_shonan_institute_of_technology_high_scho_1024901_interior_2"", ""i_p_shonan_institute_of_technology_high_scho_1024901_interiors_p_shonan_institute_of_technology_high_scho_1024901_p_shonan_institute_of_technology_high_scho_1024901_interiors_p_shonan_institute_of_technology_high_scho_1024901_interior_3"", ""i_p_shonan_institute_of_technology_high_scho_1024901_interiors_p_shonan_institute_of_technology_high_scho_1024901_p_shonan_institute_of_technology_high_scho_1024901_interiors_p_shonan_institute_of_technology_high_scho_1024901_interior_4"", ""i_p_shonan_institute_of_technology_high_scho_1024901_interiors_p_shonan_institute_of_technology_high_scho_1024901_p_shonan_institute_of_technology_high_scho_1024901_interiors_p_shonan_institute_of_technology_high_scho_1024901_interior_5""]",35.4913535,139.284143,"diagrams,interiors,exteriors",Shonan,,"The Shonan Institute of Technology High School is likely an educational institution focused on technology and engineering disciplines, serving high school students.","Shonan Institute of Technology,high school,education,Japan,technology"
p_simple_art_museum_has_design_and_researc_1022166,Simple Art Museum Has Design And Researc,Thailand,tropical,museum,,"[""i_p_simple_art_museum_has_design_and_researc_1022166_diagrams_p_simple_art_museum_has_design_and_researc_1022166_p_simple_art_museum_has_design_and_researc_1022166_diagrams_p_simple_art_museum_has_design_and_researc_1022166_diagram_1"", ""i_p_simple_art_museum_has_design_and_researc_1022166_diagrams_p_simple_art_museum_has_design_and_researc_1022166_p_simple_art_museum_has_design_and_researc_1022166_diagrams_p_simple_art_museum_has_design_and_researc_1022166_diagram_2"", ""i_p_simple_art_museum_has_design_and_researc_1022166_diagrams_p_simple_art_museum_has_design_and_researc_1022166_p_simple_art_museum_has_design_and_researc_1022166_diagrams_p_simple_art_museum_has_design_and_researc_1022166_diagram_3"", ""i_p_simple_art_museum_has_design_and_researc_1022166_exteriors_p_simple_art_museum_has_design_and_researc_1022166_p_simple_art_museum_has_design_and_researc_1022166_exteriors_p_simple_art_museum_has_design_and_researc_1022166_exterior_1"", ""i_p_simple_art_museum_has_design_and_researc_1022166_exteriors_p_simple_art_museum_has_design_and_researc_1022166_p_simple_art_museum_has_design_and_researc_1022166_exteriors_p_simple_art_museum_has_design_and_researc_1022166_exterior_2"", ""i_p_simple_art_museum_has_design_and_researc_1022166_interiors_p_simple_art_museum_has_design_and_researc_1022166_p_simple_art_museum_has_design_and_researc_1022166_interiors_p_simple_art_museum_has_design_and_researc_1022166_interior_1"", ""i_p_simple_art_museum_has_design_and_researc_1022166_interiors_p_simple_art_museum_has_design_and_researc_1022166_p_simple_art_museum_has_design_and_researc_1022166_interiors_p_simple_art_museum_has_design_and_researc_1022166_interior_2"", ""i_p_simple_art_museum_has_design_and_researc_1022166_interiors_p_simple_art_museum_has_design_and_researc_1022166_p_simple_art_museum_has_design_and_researc_1022166_interiors_p_simple_art_museum_has_design_and_researc_1022166_interior_3"", ""i_p_simple_art_museum_has_design_and_researc_1022166_interiors_p_simple_art_museum_has_design_and_researc_1022166_p_simple_art_museum_has_design_and_researc_1022166_interiors_p_simple_art_museum_has_design_and_researc_1022166_interior_4"", ""i_p_simple_art_museum_has_design_and_researc_1022166_interiors_p_simple_art_museum_has_design_and_researc_1022166_p_simple_art_museum_has_design_and_researc_1022166_interiors_p_simple_art_museum_has_design_and_researc_1022166_interior_5""]",13.7109695,100.3953311,"diagrams,interiors,exteriors",Bangkok,,"The project is likely a museum focused on art, incorporating design and research elements in its concept.","art museum,design,research,cultural center,Bangkok"
p_smvit_library_cadence_architects_1034143,Smvit Library Cadence Architects,India,tropical,library,,"[""i_p_smvit_library_cadence_architects_1034143_exteriors_p_smvit_library_cadence_architects_1034143_p_smvit_library_cadence_architects_1034143_exteriors_p_smvit_library_cadence_architects_1034143_exterior_1"", ""i_p_smvit_library_cadence_architects_1034143_exteriors_p_smvit_library_cadence_architects_1034143_p_smvit_library_cadence_architects_1034143_exteriors_p_smvit_library_cadence_architects_1034143_exterior_2"", ""i_p_smvit_library_cadence_architects_1034143_exteriors_p_smvit_library_cadence_architects_1034143_p_smvit_library_cadence_architects_1034143_exteriors_p_smvit_library_cadence_architects_1034143_exterior_3"", ""i_p_smvit_library_cadence_architects_1034143_exteriors_p_smvit_library_cadence_architects_1034143_p_smvit_library_cadence_architects_1034143_exteriors_p_smvit_library_cadence_architects_1034143_exterior_4"", ""i_p_smvit_library_cadence_architects_1034143_exteriors_p_smvit_library_cadence_architects_1034143_p_smvit_library_cadence_architects_1034143_exteriors_p_smvit_library_cadence_architects_1034143_exterior_5"", ""i_p_smvit_library_cadence_architects_1034143_interiors_p_smvit_library_cadence_architects_1034143_p_smvit_library_cadence_architects_1034143_interiors_p_smvit_library_cadence_architects_1034143_interior_1"", ""i_p_smvit_library_cadence_architects_1034143_interiors_p_smvit_library_cadence_architects_1034143_p_smvit_library_cadence_architects_1034143_interiors_p_smvit_library_cadence_architects_1034143_interior_2"", ""i_p_smvit_library_cadence_architects_1034143_interiors_p_smvit_library_cadence_architects_1034143_p_smvit_library_cadence_architects_1034143_interiors_p_smvit_library_cadence_architects_1034143_interior_3"", ""i_p_smvit_library_cadence_architects_1034143_interiors_p_smvit_library_cadence_architects_1034143_p_smvit_library_cadence_architects_1034143_interiors_p_smvit_library_cadence_architects_1034143_interior_4"", ""i_p_smvit_library_cadence_architects_1034143_interiors_p_smvit_library_cadence_architects_1034143_p_smvit_library_cadence_architects_1034143_interiors_p_smvit_library_cadence_architects_1034143_interior_5""]",20.593684,78.96288,"interiors,exteriors",,Cadence Architects,"The Smvit Library is likely a public or academic library designed by Cadence Architects, focusing on providing a space for reading, study, and community engagement.","library,Cadence Architects,public library,academic library,India"
p_sona_university_centre_library_block_imk_1024858,Sona University Centre Library Block Imk,India,tropical,library,,"[""i_p_sona_university_centre_library_block_imk_1024858_diagrams_p_sona_university_centre_library_block_imk_1024858_p_sona_university_centre_library_block_imk_1024858_diagrams_p_sona_university_centre_library_block_imk_1024858_diagram_1"", ""i_p_sona_university_centre_library_block_imk_1024858_diagrams_p_sona_university_centre_library_block_imk_1024858_p_sona_university_centre_library_block_imk_1024858_diagrams_p_sona_university_centre_library_block_imk_1024858_diagram_2"", ""i_p_sona_university_centre_library_block_imk_1024858_diagrams_p_sona_university_centre_library_block_imk_1024858_p_sona_university_centre_library_block_imk_1024858_diagrams_p_sona_university_centre_library_block_imk_1024858_diagram_3"", ""i_p_sona_university_centre_library_block_imk_1024858_exteriors_p_sona_university_centre_library_block_imk_1024858_p_sona_university_centre_library_block_imk_1024858_exteriors_p_sona_university_centre_library_block_imk_1024858_exterior_1"", ""i_p_sona_university_centre_library_block_imk_1024858_exteriors_p_sona_university_centre_library_block_imk_1024858_p_sona_university_centre_library_block_imk_1024858_exteriors_p_sona_university_centre_library_block_imk_1024858_exterior_2"", ""i_p_sona_university_centre_library_block_imk_1024858_exteriors_p_sona_university_centre_library_block_imk_1024858_p_sona_university_centre_library_block_imk_1024858_exteriors_p_sona_university_centre_library_block_imk_1024858_exterior_3"", ""i_p_sona_university_centre_library_block_imk_1024858_exteriors_p_sona_university_centre_library_block_imk_1024858_p_sona_university_centre_library_block_imk_1024858_exteriors_p_sona_university_centre_library_block_imk_1024858_exterior_4"", ""i_p_sona_university_centre_library_block_imk_1024858_exteriors_p_sona_university_centre_library_block_imk_1024858_p_sona_university_centre_library_block_imk_1024858_exteriors_p_sona_university_centre_library_block_imk_1024858_exterior_5"", ""i_p_sona_university_centre_library_block_imk_1024858_interiors_p_sona_university_centre_library_block_imk_1024858_p_sona_university_centre_library_block_imk_1024858_interiors_p_sona_university_centre_library_block_imk_1024858_interior_1"", ""i_p_sona_university_centre_library_block_imk_1024858_interiors_p_sona_university_centre_library_block_imk_1024858_p_sona_university_centre_library_block_imk_1024858_interiors_p_sona_university_centre_library_block_imk_1024858_interior_2"", ""i_p_sona_university_centre_library_block_imk_1024858_interiors_p_sona_university_centre_library_block_imk_1024858_p_sona_university_centre_library_block_imk_1024858_interiors_p_sona_university_centre_library_block_imk_1024858_interior_3"", ""i_p_sona_university_centre_library_block_imk_1024858_interiors_p_sona_university_centre_library_block_imk_1024858_p_sona_university_centre_library_block_imk_1024858_interiors_p_sona_university_centre_library_block_imk_1024858_interior_4""]",11.664325,78.1460142,"diagrams,interiors,exteriors",null,null,"The Sona University Centre Library Block Imk is likely a dedicated space for academic resources and study, serving the needs of students and faculty at Sona University.","library,Sona University,academic building,educational resources,study space"
p_songzhuang_z_museum_team_bldg_1030268,Songzhuang Z Museum Team Bldg,,,museum,,"[""i_p_songzhuang_z_museum_team_bldg_1030268_diagrams_p_songzhuang_z_museum_team_bldg_1030268_p_songzhuang_z_museum_team_bldg_1030268_diagrams_p_songzhuang_z_museum_team_bldg_1030268_diagram_1"", ""i_p_songzhuang_z_museum_team_bldg_1030268_diagrams_p_songzhuang_z_museum_team_bldg_1030268_p_songzhuang_z_museum_team_bldg_1030268_diagrams_p_songzhuang_z_museum_team_bldg_1030268_diagram_2"", ""i_p_songzhuang_z_museum_team_bldg_1030268_diagrams_p_songzhuang_z_museum_team_bldg_1030268_p_songzhuang_z_museum_team_bldg_1030268_diagrams_p_songzhuang_z_museum_team_bldg_1030268_diagram_3"", ""i_p_songzhuang_z_museum_team_bldg_1030268_exteriors_p_songzhuang_z_museum_team_bldg_1030268_p_songzhuang_z_museum_team_bldg_1030268_exteriors_p_songzhuang_z_museum_team_bldg_1030268_exterior_1"", ""i_p_songzhuang_z_museum_team_bldg_1030268_exteriors_p_songzhuang_z_museum_team_bldg_1030268_p_songzhuang_z_museum_team_bldg_1030268_exteriors_p_songzhuang_z_museum_team_bldg_1030268_exterior_2"", ""i_p_songzhuang_z_museum_team_bldg_1030268_exteriors_p_songzhuang_z_museum_team_bldg_1030268_p_songzhuang_z_museum_team_bldg_1030268_exteriors_p_songzhuang_z_museum_team_bldg_1030268_exterior_3"", ""i_p_songzhuang_z_museum_team_bldg_1030268_exteriors_p_songzhuang_z_museum_team_bldg_1030268_p_songzhuang_z_museum_team_bldg_1030268_exteriors_p_songzhuang_z_museum_team_bldg_1030268_exterior_4"", ""i_p_songzhuang_z_museum_team_bldg_1030268_exteriors_p_songzhuang_z_museum_team_bldg_1030268_p_songzhuang_z_museum_team_bldg_1030268_exteriors_p_songzhuang_z_museum_team_bldg_1030268_exterior_5"", ""i_p_songzhuang_z_museum_team_bldg_1030268_interiors_p_songzhuang_z_museum_team_bldg_1030268_p_songzhuang_z_museum_team_bldg_1030268_interiors_p_songzhuang_z_museum_team_bldg_1030268_interior_1"", ""i_p_songzhuang_z_museum_team_bldg_1030268_interiors_p_songzhuang_z_museum_team_bldg_1030268_p_songzhuang_z_museum_team_bldg_1030268_interiors_p_songzhuang_z_museum_team_bldg_1030268_interior_2"", ""i_p_songzhuang_z_museum_team_bldg_1030268_interiors_p_songzhuang_z_museum_team_bldg_1030268_p_songzhuang_z_museum_team_bldg_1030268_interiors_p_songzhuang_z_museum_team_bldg_1030268_interior_3"", ""i_p_songzhuang_z_museum_team_bldg_1030268_interiors_p_songzhuang_z_museum_team_bldg_1030268_p_songzhuang_z_museum_team_bldg_1030268_interiors_p_songzhuang_z_museum_team_bldg_1030268_interior_4"", ""i_p_songzhuang_z_museum_team_bldg_1030268_interiors_p_songzhuang_z_museum_team_bldg_1030268_p_songzhuang_z_museum_team_bldg_1030268_interiors_p_songzhuang_z_museum_team_bldg_1030268_interior_5""]",28.4671999,119.92293,"diagrams,interiors,exteriors",Songzhuang,,"The Songzhuang Z Museum Team Building likely serves as a facility associated with the Songzhuang Z Museum, possibly housing administrative offices or support functions for the museum's operations.","museum,Songzhuang,cultural building,Team Building"
p_soochow_university_future_campus_phase_1_1034782,Soochow University Future Campus Phase 1,China,temperate,university,,"[""i_p_soochow_university_future_campus_phase_1_1034782_diagrams_p_soochow_university_future_campus_phase_1_1034782_p_soochow_university_future_campus_phase_1_1034782_diagrams_p_soochow_university_future_campus_phase_1_1034782_diagram_1"", ""i_p_soochow_university_future_campus_phase_1_1034782_diagrams_p_soochow_university_future_campus_phase_1_1034782_p_soochow_university_future_campus_phase_1_1034782_diagrams_p_soochow_university_future_campus_phase_1_1034782_diagram_2"", ""i_p_soochow_university_future_campus_phase_1_1034782_exteriors_p_soochow_university_future_campus_phase_1_1034782_p_soochow_university_future_campus_phase_1_1034782_exteriors_p_soochow_university_future_campus_phase_1_1034782_exterior_1"", ""i_p_soochow_university_future_campus_phase_1_1034782_exteriors_p_soochow_university_future_campus_phase_1_1034782_p_soochow_university_future_campus_phase_1_1034782_exteriors_p_soochow_university_future_campus_phase_1_1034782_exterior_2"", ""i_p_soochow_university_future_campus_phase_1_1034782_exteriors_p_soochow_university_future_campus_phase_1_1034782_p_soochow_university_future_campus_phase_1_1034782_exteriors_p_soochow_university_future_campus_phase_1_1034782_exterior_3"", ""i_p_soochow_university_future_campus_phase_1_1034782_exteriors_p_soochow_university_future_campus_phase_1_1034782_p_soochow_university_future_campus_phase_1_1034782_exteriors_p_soochow_university_future_campus_phase_1_1034782_exterior_4"", ""i_p_soochow_university_future_campus_phase_1_1034782_exteriors_p_soochow_university_future_campus_phase_1_1034782_p_soochow_university_future_campus_phase_1_1034782_exteriors_p_soochow_university_future_campus_phase_1_1034782_exterior_5"", ""i_p_soochow_university_future_campus_phase_1_1034782_interiors_p_soochow_university_future_campus_phase_1_1034782_p_soochow_university_future_campus_phase_1_1034782_interiors_p_soochow_university_future_campus_phase_1_1034782_interior_1"", ""i_p_soochow_university_future_campus_phase_1_1034782_interiors_p_soochow_university_future_campus_phase_1_1034782_p_soochow_university_future_campus_phase_1_1034782_interiors_p_soochow_university_future_campus_phase_1_1034782_interior_2""]",31.303257,120.651928,"diagrams,interiors,exteriors",Suzhou,,"The project likely involves the development of a new campus for Soochow University, focusing on educational facilities and infrastructure.","Soochow University,campus,education,China,Suzhou,Phase 1"
p_south_east_centre_for_contemporary_art_s_1035115,South East Centre For Contemporary Art S,Australia,temperate,cultural center,,"[""i_p_south_east_centre_for_contemporary_art_s_1035115_exteriors_p_south_east_centre_for_contemporary_art_s_1035115_p_south_east_centre_for_contemporary_art_s_1035115_exteriors_p_south_east_centre_for_contemporary_art_s_1035115_exterior_1"", ""i_p_south_east_centre_for_contemporary_art_s_1035115_exteriors_p_south_east_centre_for_contemporary_art_s_1035115_p_south_east_centre_for_contemporary_art_s_1035115_exteriors_p_south_east_centre_for_contemporary_art_s_1035115_exterior_2"", ""i_p_south_east_centre_for_contemporary_art_s_1035115_exteriors_p_south_east_centre_for_contemporary_art_s_1035115_p_south_east_centre_for_contemporary_art_s_1035115_exteriors_p_south_east_centre_for_contemporary_art_s_1035115_exterior_3"", ""i_p_south_east_centre_for_contemporary_art_s_1035115_exteriors_p_south_east_centre_for_contemporary_art_s_1035115_p_south_east_centre_for_contemporary_art_s_1035115_exteriors_p_south_east_centre_for_contemporary_art_s_1035115_exterior_4"", ""i_p_south_east_centre_for_contemporary_art_s_1035115_exteriors_p_south_east_centre_for_contemporary_art_s_1035115_p_south_east_centre_for_contemporary_art_s_1035115_exteriors_p_south_east_centre_for_contemporary_art_s_1035115_exterior_5"", ""i_p_south_east_centre_for_contemporary_art_s_1035115_interiors_p_south_east_centre_for_contemporary_art_s_1035115_p_south_east_centre_for_contemporary_art_s_1035115_interiors_p_south_east_centre_for_contemporary_art_s_1035115_interior_1"", ""i_p_south_east_centre_for_contemporary_art_s_1035115_interiors_p_south_east_centre_for_contemporary_art_s_1035115_p_south_east_centre_for_contemporary_art_s_1035115_interiors_p_south_east_centre_for_contemporary_art_s_1035115_interior_2"", ""i_p_south_east_centre_for_contemporary_art_s_1035115_interiors_p_south_east_centre_for_contemporary_art_s_1035115_p_south_east_centre_for_contemporary_art_s_1035115_interiors_p_south_east_centre_for_contemporary_art_s_1035115_interior_3"", ""i_p_south_east_centre_for_contemporary_art_s_1035115_interiors_p_south_east_centre_for_contemporary_art_s_1035115_p_south_east_centre_for_contemporary_art_s_1035115_interiors_p_south_east_centre_for_contemporary_art_s_1035115_interior_4"", ""i_p_south_east_centre_for_contemporary_art_s_1035115_interiors_p_south_east_centre_for_contemporary_art_s_1035115_p_south_east_centre_for_contemporary_art_s_1035115_interiors_p_south_east_centre_for_contemporary_art_s_1035115_interior_5""]",-36.6742897,149.8432479,"interiors,exteriors",,,"The South East Centre For Contemporary Art likely serves as a venue for contemporary art exhibitions and cultural events, promoting artistic engagement within the community.","contemporary art,cultural center,exhibitions,community engagement,Australia"
p_st_louis_symphony_orchestra_s_powell_hal_1034813,St Louis Symphony Orchestra S Powell Hal,United States,temperate,cultural center,,"[""i_p_st_louis_symphony_orchestra_s_powell_hal_1034813_diagrams_p_st_louis_symphony_orchestra_s_powell_hal_1034813_p_st_louis_symphony_orchestra_s_powell_hal_1034813_diagrams_p_st_louis_symphony_orchestra_s_powell_hal_1034813_diagram_1"", ""i_p_st_louis_symphony_orchestra_s_powell_hal_1034813_diagrams_p_st_louis_symphony_orchestra_s_powell_hal_1034813_p_st_louis_symphony_orchestra_s_powell_hal_1034813_diagrams_p_st_louis_symphony_orchestra_s_powell_hal_1034813_diagram_2"", ""i_p_st_louis_symphony_orchestra_s_powell_hal_1034813_diagrams_p_st_louis_symphony_orchestra_s_powell_hal_1034813_p_st_louis_symphony_orchestra_s_powell_hal_1034813_diagrams_p_st_louis_symphony_orchestra_s_powell_hal_1034813_diagram_3"", ""i_p_st_louis_symphony_orchestra_s_powell_hal_1034813_exteriors_p_st_louis_symphony_orchestra_s_powell_hal_1034813_p_st_louis_symphony_orchestra_s_powell_hal_1034813_exteriors_p_st_louis_symphony_orchestra_s_powell_hal_1034813_exterior_1"", ""i_p_st_louis_symphony_orchestra_s_powell_hal_1034813_exteriors_p_st_louis_symphony_orchestra_s_powell_hal_1034813_p_st_louis_symphony_orchestra_s_powell_hal_1034813_exteriors_p_st_louis_symphony_orchestra_s_powell_hal_1034813_exterior_2"", ""i_p_st_louis_symphony_orchestra_s_powell_hal_1034813_interiors_p_st_louis_symphony_orchestra_s_powell_hal_1034813_p_st_louis_symphony_orchestra_s_powell_hal_1034813_interiors_p_st_louis_symphony_orchestra_s_powell_hal_1034813_interior_1"", ""i_p_st_louis_symphony_orchestra_s_powell_hal_1034813_interiors_p_st_louis_symphony_orchestra_s_powell_hal_1034813_p_st_louis_symphony_orchestra_s_powell_hal_1034813_interiors_p_st_louis_symphony_orchestra_s_powell_hal_1034813_interior_2"", ""i_p_st_louis_symphony_orchestra_s_powell_hal_1034813_interiors_p_st_louis_symphony_orchestra_s_powell_hal_1034813_p_st_louis_symphony_orchestra_s_powell_hal_1034813_interiors_p_st_louis_symphony_orchestra_s_powell_hal_1034813_interior_3"", ""i_p_st_louis_symphony_orchestra_s_powell_hal_1034813_interiors_p_st_louis_symphony_orchestra_s_powell_hal_1034813_p_st_louis_symphony_orchestra_s_powell_hal_1034813_interiors_p_st_louis_symphony_orchestra_s_powell_hal_1034813_interior_4""]",38.62742799999999,-90.1982439,"diagrams,interiors,exteriors",St. Louis,,"The St. Louis Symphony Orchestra is likely a venue for musical performances and cultural events, serving as a hub for the arts in St. Louis.","St. Louis,symphony,orchestra,cultural center,music venue"
p_stasys_museum_implmnt_architects_1023136,Stasys Museum Implmnt Architects,Lithuania,temperate,museum,,"[""i_p_stasys_museum_implmnt_architects_1023136_diagrams_p_stasys_museum_implmnt_architects_1023136_p_stasys_museum_implmnt_architects_1023136_diagrams_p_stasys_museum_implmnt_architects_1023136_diagram_1"", ""i_p_stasys_museum_implmnt_architects_1023136_diagrams_p_stasys_museum_implmnt_architects_1023136_p_stasys_museum_implmnt_architects_1023136_diagrams_p_stasys_museum_implmnt_architects_1023136_diagram_2"", ""i_p_stasys_museum_implmnt_architects_1023136_diagrams_p_stasys_museum_implmnt_architects_1023136_p_stasys_museum_implmnt_architects_1023136_diagrams_p_stasys_museum_implmnt_architects_1023136_diagram_3"", ""i_p_stasys_museum_implmnt_architects_1023136_exteriors_p_stasys_museum_implmnt_architects_1023136_p_stasys_museum_implmnt_architects_1023136_exteriors_p_stasys_museum_implmnt_architects_1023136_exterior_1"", ""i_p_stasys_museum_implmnt_architects_1023136_exteriors_p_stasys_museum_implmnt_architects_1023136_p_stasys_museum_implmnt_architects_1023136_exteriors_p_stasys_museum_implmnt_architects_1023136_exterior_2"", ""i_p_stasys_museum_implmnt_architects_1023136_exteriors_p_stasys_museum_implmnt_architects_1023136_p_stasys_museum_implmnt_architects_1023136_exteriors_p_stasys_museum_implmnt_architects_1023136_exterior_3"", ""i_p_stasys_museum_implmnt_architects_1023136_interiors_p_stasys_museum_implmnt_architects_1023136_p_stasys_museum_implmnt_architects_1023136_interiors_p_stasys_museum_implmnt_architects_1023136_interior_1"", ""i_p_stasys_museum_implmnt_architects_1023136_interiors_p_stasys_museum_implmnt_architects_1023136_p_stasys_museum_implmnt_architects_1023136_interiors_p_stasys_museum_implmnt_architects_1023136_interior_2""]",55.7347915,24.3574773,"diagrams,interiors,exteriors",Vilnius,Stasys Museum Implmnt Architects,"The project is likely a museum designed by Stasys Museum Implmnt Architects, focusing on cultural or historical exhibitions.","museum,architecture,cultural,Stasys,Lithuania"
p_suite_9_at_delft_university_of_technolog_1034579,Suite 9 At Delft University Of Technolog,Netherlands,temperate,office,,"[""i_p_suite_9_at_delft_university_of_technolog_1034579_diagrams_p_suite_9_at_delft_university_of_technolog_1034579_p_suite_9_at_delft_university_of_technolog_1034579_diagrams_p_suite_9_at_delft_university_of_technolog_1034579_diagram_1"", ""i_p_suite_9_at_delft_university_of_technolog_1034579_diagrams_p_suite_9_at_delft_university_of_technolog_1034579_p_suite_9_at_delft_university_of_technolog_1034579_diagrams_p_suite_9_at_delft_university_of_technolog_1034579_diagram_2"", ""i_p_suite_9_at_delft_university_of_technolog_1034579_exteriors_p_suite_9_at_delft_university_of_technolog_1034579_p_suite_9_at_delft_university_of_technolog_1034579_exteriors_p_suite_9_at_delft_university_of_technolog_1034579_exterior_1"", ""i_p_suite_9_at_delft_university_of_technolog_1034579_exteriors_p_suite_9_at_delft_university_of_technolog_1034579_p_suite_9_at_delft_university_of_technolog_1034579_exteriors_p_suite_9_at_delft_university_of_technolog_1034579_exterior_2"", ""i_p_suite_9_at_delft_university_of_technolog_1034579_exteriors_p_suite_9_at_delft_university_of_technolog_1034579_p_suite_9_at_delft_university_of_technolog_1034579_exteriors_p_suite_9_at_delft_university_of_technolog_1034579_exterior_3"", ""i_p_suite_9_at_delft_university_of_technolog_1034579_exteriors_p_suite_9_at_delft_university_of_technolog_1034579_p_suite_9_at_delft_university_of_technolog_1034579_exteriors_p_suite_9_at_delft_university_of_technolog_1034579_exterior_4"", ""i_p_suite_9_at_delft_university_of_technolog_1034579_exteriors_p_suite_9_at_delft_university_of_technolog_1034579_p_suite_9_at_delft_university_of_technolog_1034579_exteriors_p_suite_9_at_delft_university_of_technolog_1034579_exterior_5"", ""i_p_suite_9_at_delft_university_of_technolog_1034579_interiors_p_suite_9_at_delft_university_of_technolog_1034579_p_suite_9_at_delft_university_of_technolog_1034579_interiors_p_suite_9_at_delft_university_of_technolog_1034579_interior_1"", ""i_p_suite_9_at_delft_university_of_technolog_1034579_interiors_p_suite_9_at_delft_university_of_technolog_1034579_p_suite_9_at_delft_university_of_technolog_1034579_interiors_p_suite_9_at_delft_university_of_technolog_1034579_interior_2"", ""i_p_suite_9_at_delft_university_of_technolog_1034579_interiors_p_suite_9_at_delft_university_of_technolog_1034579_p_suite_9_at_delft_university_of_technolog_1034579_interiors_p_suite_9_at_delft_university_of_technolog_1034579_interior_3"", ""i_p_suite_9_at_delft_university_of_technolog_1034579_interiors_p_suite_9_at_delft_university_of_technolog_1034579_p_suite_9_at_delft_university_of_technolog_1034579_interiors_p_suite_9_at_delft_university_of_technolog_1034579_interior_4""]",52.01157689999999,4.3570677,"diagrams,interiors,exteriors",Delft,,"Suite 9 at Delft University of Technology likely refers to an office or workspace within the university, designed for academic or administrative purposes.","Delft University,office,workspace,education,Netherlands"
p_sun_tower_open_architecture_1023114,Sun Tower Open Architecture,null,null,null,,"[""i_p_sun_tower_open_architecture_1023114_diagrams_p_sun_tower_open_architecture_1023114_p_sun_tower_open_architecture_1023114_diagrams_p_sun_tower_open_architecture_1023114_diagram_1"", ""i_p_sun_tower_open_architecture_1023114_diagrams_p_sun_tower_open_architecture_1023114_p_sun_tower_open_architecture_1023114_diagrams_p_sun_tower_open_architecture_1023114_diagram_2"", ""i_p_sun_tower_open_architecture_1023114_diagrams_p_sun_tower_open_architecture_1023114_p_sun_tower_open_architecture_1023114_diagrams_p_sun_tower_open_architecture_1023114_diagram_3"", ""i_p_sun_tower_open_architecture_1023114_exteriors_p_sun_tower_open_architecture_1023114_p_sun_tower_open_architecture_1023114_exteriors_p_sun_tower_open_architecture_1023114_exterior_1"", ""i_p_sun_tower_open_architecture_1023114_exteriors_p_sun_tower_open_architecture_1023114_p_sun_tower_open_architecture_1023114_exteriors_p_sun_tower_open_architecture_1023114_exterior_2"", ""i_p_sun_tower_open_architecture_1023114_interiors_p_sun_tower_open_architecture_1023114_p_sun_tower_open_architecture_1023114_interiors_p_sun_tower_open_architecture_1023114_interior_1"", ""i_p_sun_tower_open_architecture_1023114_interiors_p_sun_tower_open_architecture_1023114_p_sun_tower_open_architecture_1023114_interiors_p_sun_tower_open_architecture_1023114_interior_2"", ""i_p_sun_tower_open_architecture_1023114_interiors_p_sun_tower_open_architecture_1023114_p_sun_tower_open_architecture_1023114_interiors_p_sun_tower_open_architecture_1023114_interior_3"", ""i_p_sun_tower_open_architecture_1023114_interiors_p_sun_tower_open_architecture_1023114_p_sun_tower_open_architecture_1023114_interiors_p_sun_tower_open_architecture_1023114_interior_4"", ""i_p_sun_tower_open_architecture_1023114_interiors_p_sun_tower_open_architecture_1023114_p_sun_tower_open_architecture_1023114_interiors_p_sun_tower_open_architecture_1023114_interior_5""]",26.8157713,27.8600809,"diagrams,interiors,exteriors",null,null,"The Sun Tower Open Architecture likely refers to a building designed with an emphasis on openness and natural light, possibly incorporating sustainable design principles.","Sun Tower,Open Architecture,sustainable design,natural light"
p_sunner_museum_atelier_alter_architects_1029586,Sunner Museum Atelier Alter Architects,,,museum,,"[""i_p_sunner_museum_atelier_alter_architects_1029586_diagrams_p_sunner_museum_atelier_alter_architects_1029586_p_sunner_museum_atelier_alter_architects_1029586_diagrams_p_sunner_museum_atelier_alter_architects_1029586_diagram_1"", ""i_p_sunner_museum_atelier_alter_architects_1029586_diagrams_p_sunner_museum_atelier_alter_architects_1029586_p_sunner_museum_atelier_alter_architects_1029586_diagrams_p_sunner_museum_atelier_alter_architects_1029586_diagram_2"", ""i_p_sunner_museum_atelier_alter_architects_1029586_diagrams_p_sunner_museum_atelier_alter_architects_1029586_p_sunner_museum_atelier_alter_architects_1029586_diagrams_p_sunner_museum_atelier_alter_architects_1029586_diagram_3"", ""i_p_sunner_museum_atelier_alter_architects_1029586_exteriors_p_sunner_museum_atelier_alter_architects_1029586_p_sunner_museum_atelier_alter_architects_1029586_exteriors_p_sunner_museum_atelier_alter_architects_1029586_exterior_1"", ""i_p_sunner_museum_atelier_alter_architects_1029586_exteriors_p_sunner_museum_atelier_alter_architects_1029586_p_sunner_museum_atelier_alter_architects_1029586_exteriors_p_sunner_museum_atelier_alter_architects_1029586_exterior_2"", ""i_p_sunner_museum_atelier_alter_architects_1029586_exteriors_p_sunner_museum_atelier_alter_architects_1029586_p_sunner_museum_atelier_alter_architects_1029586_exteriors_p_sunner_museum_atelier_alter_architects_1029586_exterior_3"", ""i_p_sunner_museum_atelier_alter_architects_1029586_exteriors_p_sunner_museum_atelier_alter_architects_1029586_p_sunner_museum_atelier_alter_architects_1029586_exteriors_p_sunner_museum_atelier_alter_architects_1029586_exterior_4"", ""i_p_sunner_museum_atelier_alter_architects_1029586_exteriors_p_sunner_museum_atelier_alter_architects_1029586_p_sunner_museum_atelier_alter_architects_1029586_exteriors_p_sunner_museum_atelier_alter_architects_1029586_exterior_5"", ""i_p_sunner_museum_atelier_alter_architects_1029586_interiors_p_sunner_museum_atelier_alter_architects_1029586_p_sunner_museum_atelier_alter_architects_1029586_interiors_p_sunner_museum_atelier_alter_architects_1029586_interior_1"", ""i_p_sunner_museum_atelier_alter_architects_1029586_interiors_p_sunner_museum_atelier_alter_architects_1029586_p_sunner_museum_atelier_alter_architects_1029586_interiors_p_sunner_museum_atelier_alter_architects_1029586_interior_2"", ""i_p_sunner_museum_atelier_alter_architects_1029586_interiors_p_sunner_museum_atelier_alter_architects_1029586_p_sunner_museum_atelier_alter_architects_1029586_interiors_p_sunner_museum_atelier_alter_architects_1029586_interior_3""]",,,"diagrams,interiors,exteriors",,Alter Architects,"The Sunner Museum is likely a cultural institution designed to showcase art, history, or science, created by Alter Architects.","museum,Alter Architects,cultural institution,architecture"
p_tcdd_temporary_offices_art_galleries_erh_1035027,Tcdd Temporary Offices Art Galleries Erh,Turkey,continental,office,,"[""i_p_tcdd_temporary_offices_art_galleries_erh_1035027_exteriors_p_tcdd_temporary_offices_art_galleries_erh_1035027_p_tcdd_temporary_offices_art_galleries_erh_1035027_exteriors_p_tcdd_temporary_offices_art_galleries_erh_1035027_exterior_1"", ""i_p_tcdd_temporary_offices_art_galleries_erh_1035027_exteriors_p_tcdd_temporary_offices_art_galleries_erh_1035027_p_tcdd_temporary_offices_art_galleries_erh_1035027_exteriors_p_tcdd_temporary_offices_art_galleries_erh_1035027_exterior_2"", ""i_p_tcdd_temporary_offices_art_galleries_erh_1035027_exteriors_p_tcdd_temporary_offices_art_galleries_erh_1035027_p_tcdd_temporary_offices_art_galleries_erh_1035027_exteriors_p_tcdd_temporary_offices_art_galleries_erh_1035027_exterior_3"", ""i_p_tcdd_temporary_offices_art_galleries_erh_1035027_exteriors_p_tcdd_temporary_offices_art_galleries_erh_1035027_p_tcdd_temporary_offices_art_galleries_erh_1035027_exteriors_p_tcdd_temporary_offices_art_galleries_erh_1035027_exterior_4"", ""i_p_tcdd_temporary_offices_art_galleries_erh_1035027_exteriors_p_tcdd_temporary_offices_art_galleries_erh_1035027_p_tcdd_temporary_offices_art_galleries_erh_1035027_exteriors_p_tcdd_temporary_offices_art_galleries_erh_1035027_exterior_5"", ""i_p_tcdd_temporary_offices_art_galleries_erh_1035027_interiors_p_tcdd_temporary_offices_art_galleries_erh_1035027_p_tcdd_temporary_offices_art_galleries_erh_1035027_interiors_p_tcdd_temporary_offices_art_galleries_erh_1035027_interior_1"", ""i_p_tcdd_temporary_offices_art_galleries_erh_1035027_interiors_p_tcdd_temporary_offices_art_galleries_erh_1035027_p_tcdd_temporary_offices_art_galleries_erh_1035027_interiors_p_tcdd_temporary_offices_art_galleries_erh_1035027_interior_2""]",38.963745,35.243322,"interiors,exteriors",,,"The project likely involves temporary office spaces that may also serve as art galleries, indicating a multifunctional use of the building.","temporary offices,art galleries,Erh,office building,cultural space"
p_temple_complex_and_community_center_nard_1034500,Temple Complex And Community Center Nard,India,tropical,community center,,"[""i_p_temple_complex_and_community_center_nard_1034500_diagrams_p_temple_complex_and_community_center_nard_1034500_p_temple_complex_and_community_center_nard_1034500_diagrams_p_temple_complex_and_community_center_nard_1034500_diagram_1"", ""i_p_temple_complex_and_community_center_nard_1034500_diagrams_p_temple_complex_and_community_center_nard_1034500_p_temple_complex_and_community_center_nard_1034500_diagrams_p_temple_complex_and_community_center_nard_1034500_diagram_2"", ""i_p_temple_complex_and_community_center_nard_1034500_diagrams_p_temple_complex_and_community_center_nard_1034500_p_temple_complex_and_community_center_nard_1034500_diagrams_p_temple_complex_and_community_center_nard_1034500_diagram_3"", ""i_p_temple_complex_and_community_center_nard_1034500_exteriors_p_temple_complex_and_community_center_nard_1034500_p_temple_complex_and_community_center_nard_1034500_exteriors_p_temple_complex_and_community_center_nard_1034500_exterior_1"", ""i_p_temple_complex_and_community_center_nard_1034500_exteriors_p_temple_complex_and_community_center_nard_1034500_p_temple_complex_and_community_center_nard_1034500_exteriors_p_temple_complex_and_community_center_nard_1034500_exterior_2"", ""i_p_temple_complex_and_community_center_nard_1034500_interiors_p_temple_complex_and_community_center_nard_1034500_p_temple_complex_and_community_center_nard_1034500_interiors_p_temple_complex_and_community_center_nard_1034500_interior_1"", ""i_p_temple_complex_and_community_center_nard_1034500_interiors_p_temple_complex_and_community_center_nard_1034500_p_temple_complex_and_community_center_nard_1034500_interiors_p_temple_complex_and_community_center_nard_1034500_interior_2"", ""i_p_temple_complex_and_community_center_nard_1034500_interiors_p_temple_complex_and_community_center_nard_1034500_p_temple_complex_and_community_center_nard_1034500_interiors_p_temple_complex_and_community_center_nard_1034500_interior_3"", ""i_p_temple_complex_and_community_center_nard_1034500_interiors_p_temple_complex_and_community_center_nard_1034500_p_temple_complex_and_community_center_nard_1034500_interiors_p_temple_complex_and_community_center_nard_1034500_interior_4"", ""i_p_temple_complex_and_community_center_nard_1034500_interiors_p_temple_complex_and_community_center_nard_1034500_p_temple_complex_and_community_center_nard_1034500_interiors_p_temple_complex_and_community_center_nard_1034500_interior_5""]",23.2156354,72.63694149999999,"diagrams,interiors,exteriors",Nard,,"The project likely involves a temple complex combined with a community center, serving both spiritual and social functions for the local population.","temple,community center,Nard,cultural space,India"
p_the_chapel_berger_parkkinen_architects_1034229,The Chapel Berger Parkkinen Architects,Austria,temperate,church,,"[""i_p_the_chapel_berger_parkkinen_architects_1034229_diagrams_p_the_chapel_berger_parkkinen_architects_1034229_p_the_chapel_berger_parkkinen_architects_1034229_diagrams_p_the_chapel_berger_parkkinen_architects_1034229_diagram_1"", ""i_p_the_chapel_berger_parkkinen_architects_1034229_exteriors_p_the_chapel_berger_parkkinen_architects_1034229_p_the_chapel_berger_parkkinen_architects_1034229_exteriors_p_the_chapel_berger_parkkinen_architects_1034229_exterior_1"", ""i_p_the_chapel_berger_parkkinen_architects_1034229_exteriors_p_the_chapel_berger_parkkinen_architects_1034229_p_the_chapel_berger_parkkinen_architects_1034229_exteriors_p_the_chapel_berger_parkkinen_architects_1034229_exterior_2"", ""i_p_the_chapel_berger_parkkinen_architects_1034229_exteriors_p_the_chapel_berger_parkkinen_architects_1034229_p_the_chapel_berger_parkkinen_architects_1034229_exteriors_p_the_chapel_berger_parkkinen_architects_1034229_exterior_3"", ""i_p_the_chapel_berger_parkkinen_architects_1034229_exteriors_p_the_chapel_berger_parkkinen_architects_1034229_p_the_chapel_berger_parkkinen_architects_1034229_exteriors_p_the_chapel_berger_parkkinen_architects_1034229_exterior_4"", ""i_p_the_chapel_berger_parkkinen_architects_1034229_exteriors_p_the_chapel_berger_parkkinen_architects_1034229_p_the_chapel_berger_parkkinen_architects_1034229_exteriors_p_the_chapel_berger_parkkinen_architects_1034229_exterior_5"", ""i_p_the_chapel_berger_parkkinen_architects_1034229_interiors_p_the_chapel_berger_parkkinen_architects_1034229_p_the_chapel_berger_parkkinen_architects_1034229_interiors_p_the_chapel_berger_parkkinen_architects_1034229_interior_1"", ""i_p_the_chapel_berger_parkkinen_architects_1034229_interiors_p_the_chapel_berger_parkkinen_architects_1034229_p_the_chapel_berger_parkkinen_architects_1034229_interiors_p_the_chapel_berger_parkkinen_architects_1034229_interior_2""]",47.516231,14.550072,"diagrams,interiors,exteriors",,Berger Parkkinen Architects,"The Chapel is likely a religious building designed by Berger Parkkinen Architects, situated in a temperate climate region.","chapel,religious building,architecture,Berger Parkkinen Architects,Austria"
p_the_chapel_of_st_th_r_se_of_lisieux_bull_1034833,The Chapel Of St Th R Se Of Lisieux Bull,New Zealand,temperate,church,,"[""i_p_the_chapel_of_st_th_r_se_of_lisieux_bull_1034833_exteriors_p_the_chapel_of_st_th_r_se_of_lisieux_bull_1034833_p_the_chapel_of_st_th_r_se_of_lisieux_bull_1034833_exteriors_p_the_chapel_of_st_th_r_se_of_lisieux_bull_1034833_exterior_1"", ""i_p_the_chapel_of_st_th_r_se_of_lisieux_bull_1034833_exteriors_p_the_chapel_of_st_th_r_se_of_lisieux_bull_1034833_p_the_chapel_of_st_th_r_se_of_lisieux_bull_1034833_exteriors_p_the_chapel_of_st_th_r_se_of_lisieux_bull_1034833_exterior_2"", ""i_p_the_chapel_of_st_th_r_se_of_lisieux_bull_1034833_exteriors_p_the_chapel_of_st_th_r_se_of_lisieux_bull_1034833_p_the_chapel_of_st_th_r_se_of_lisieux_bull_1034833_exteriors_p_the_chapel_of_st_th_r_se_of_lisieux_bull_1034833_exterior_3"", ""i_p_the_chapel_of_st_th_r_se_of_lisieux_bull_1034833_exteriors_p_the_chapel_of_st_th_r_se_of_lisieux_bull_1034833_p_the_chapel_of_st_th_r_se_of_lisieux_bull_1034833_exteriors_p_the_chapel_of_st_th_r_se_of_lisieux_bull_1034833_exterior_4"", ""i_p_the_chapel_of_st_th_r_se_of_lisieux_bull_1034833_exteriors_p_the_chapel_of_st_th_r_se_of_lisieux_bull_1034833_p_the_chapel_of_st_th_r_se_of_lisieux_bull_1034833_exteriors_p_the_chapel_of_st_th_r_se_of_lisieux_bull_1034833_exterior_5"", ""i_p_the_chapel_of_st_th_r_se_of_lisieux_bull_1034833_interiors_p_the_chapel_of_st_th_r_se_of_lisieux_bull_1034833_p_the_chapel_of_st_th_r_se_of_lisieux_bull_1034833_interiors_p_the_chapel_of_st_th_r_se_of_lisieux_bull_1034833_interior_1"", ""i_p_the_chapel_of_st_th_r_se_of_lisieux_bull_1034833_interiors_p_the_chapel_of_st_th_r_se_of_lisieux_bull_1034833_p_the_chapel_of_st_th_r_se_of_lisieux_bull_1034833_interiors_p_the_chapel_of_st_th_r_se_of_lisieux_bull_1034833_interior_2""]",-43.6027462,172.7169812,"interiors,exteriors",Christchurch,,"The Chapel of St Thérèse of Lisieux is likely a religious building dedicated to St. Thérèse, reflecting a spiritual and serene environment for worship.","chapel,church,St Thérèse,Lisieux,religious building,Christchurch"
p_the_chapel_retold_the_danish_association_1034479,The Chapel Retold The Danish Association,Denmark,temperate,church,,"[""i_p_the_chapel_retold_the_danish_association_1034479_diagrams_p_the_chapel_retold_the_danish_association_1034479_p_the_chapel_retold_the_danish_association_1034479_diagrams_p_the_chapel_retold_the_danish_association_1034479_diagram_1"", ""i_p_the_chapel_retold_the_danish_association_1034479_diagrams_p_the_chapel_retold_the_danish_association_1034479_p_the_chapel_retold_the_danish_association_1034479_diagrams_p_the_chapel_retold_the_danish_association_1034479_diagram_2"", ""i_p_the_chapel_retold_the_danish_association_1034479_diagrams_p_the_chapel_retold_the_danish_association_1034479_p_the_chapel_retold_the_danish_association_1034479_diagrams_p_the_chapel_retold_the_danish_association_1034479_diagram_3"", ""i_p_the_chapel_retold_the_danish_association_1034479_exteriors_p_the_chapel_retold_the_danish_association_1034479_p_the_chapel_retold_the_danish_association_1034479_exteriors_p_the_chapel_retold_the_danish_association_1034479_exterior_1"", ""i_p_the_chapel_retold_the_danish_association_1034479_exteriors_p_the_chapel_retold_the_danish_association_1034479_p_the_chapel_retold_the_danish_association_1034479_exteriors_p_the_chapel_retold_the_danish_association_1034479_exterior_2"", ""i_p_the_chapel_retold_the_danish_association_1034479_exteriors_p_the_chapel_retold_the_danish_association_1034479_p_the_chapel_retold_the_danish_association_1034479_exteriors_p_the_chapel_retold_the_danish_association_1034479_exterior_3"", ""i_p_the_chapel_retold_the_danish_association_1034479_exteriors_p_the_chapel_retold_the_danish_association_1034479_p_the_chapel_retold_the_danish_association_1034479_exteriors_p_the_chapel_retold_the_danish_association_1034479_exterior_4"", ""i_p_the_chapel_retold_the_danish_association_1034479_exteriors_p_the_chapel_retold_the_danish_association_1034479_p_the_chapel_retold_the_danish_association_1034479_exteriors_p_the_chapel_retold_the_danish_association_1034479_exterior_5"", ""i_p_the_chapel_retold_the_danish_association_1034479_interiors_p_the_chapel_retold_the_danish_association_1034479_p_the_chapel_retold_the_danish_association_1034479_interiors_p_the_chapel_retold_the_danish_association_1034479_interior_1"", ""i_p_the_chapel_retold_the_danish_association_1034479_interiors_p_the_chapel_retold_the_danish_association_1034479_p_the_chapel_retold_the_danish_association_1034479_interiors_p_the_chapel_retold_the_danish_association_1034479_interior_2"", ""i_p_the_chapel_retold_the_danish_association_1034479_interiors_p_the_chapel_retold_the_danish_association_1034479_p_the_chapel_retold_the_danish_association_1034479_interiors_p_the_chapel_retold_the_danish_association_1034479_interior_3"", ""i_p_the_chapel_retold_the_danish_association_1034479_interiors_p_the_chapel_retold_the_danish_association_1034479_p_the_chapel_retold_the_danish_association_1034479_interiors_p_the_chapel_retold_the_danish_association_1034479_interior_4"", ""i_p_the_chapel_retold_the_danish_association_1034479_interiors_p_the_chapel_retold_the_danish_association_1034479_p_the_chapel_retold_the_danish_association_1034479_interiors_p_the_chapel_retold_the_danish_association_1034479_interior_5""]",55.6760968,12.5683371,"diagrams,interiors,exteriors",Copenhagen,,"The project likely involves a reinterpretation or renovation of a chapel, possibly focusing on its historical or cultural significance within the Danish context.","chapel,Denmark,Copenhagen,renovation,cultural significance"
p_the_court_theatre_haworth_tompkins_1034663,The Court Theatre Haworth Tompkins,New Zealand,temperate,theatre,,"[""i_p_the_court_theatre_haworth_tompkins_1034663_diagrams_p_the_court_theatre_haworth_tompkins_1034663_p_the_court_theatre_haworth_tompkins_1034663_diagrams_p_the_court_theatre_haworth_tompkins_1034663_diagram_1"", ""i_p_the_court_theatre_haworth_tompkins_1034663_diagrams_p_the_court_theatre_haworth_tompkins_1034663_p_the_court_theatre_haworth_tompkins_1034663_diagrams_p_the_court_theatre_haworth_tompkins_1034663_diagram_2"", ""i_p_the_court_theatre_haworth_tompkins_1034663_diagrams_p_the_court_theatre_haworth_tompkins_1034663_p_the_court_theatre_haworth_tompkins_1034663_diagrams_p_the_court_theatre_haworth_tompkins_1034663_diagram_3"", ""i_p_the_court_theatre_haworth_tompkins_1034663_exteriors_p_the_court_theatre_haworth_tompkins_1034663_p_the_court_theatre_haworth_tompkins_1034663_exteriors_p_the_court_theatre_haworth_tompkins_1034663_exterior_1"", ""i_p_the_court_theatre_haworth_tompkins_1034663_exteriors_p_the_court_theatre_haworth_tompkins_1034663_p_the_court_theatre_haworth_tompkins_1034663_exteriors_p_the_court_theatre_haworth_tompkins_1034663_exterior_2"", ""i_p_the_court_theatre_haworth_tompkins_1034663_interiors_p_the_court_theatre_haworth_tompkins_1034663_p_the_court_theatre_haworth_tompkins_1034663_interiors_p_the_court_theatre_haworth_tompkins_1034663_interior_1"", ""i_p_the_court_theatre_haworth_tompkins_1034663_interiors_p_the_court_theatre_haworth_tompkins_1034663_p_the_court_theatre_haworth_tompkins_1034663_interiors_p_the_court_theatre_haworth_tompkins_1034663_interior_2"", ""i_p_the_court_theatre_haworth_tompkins_1034663_interiors_p_the_court_theatre_haworth_tompkins_1034663_p_the_court_theatre_haworth_tompkins_1034663_interiors_p_the_court_theatre_haworth_tompkins_1034663_interior_3"", ""i_p_the_court_theatre_haworth_tompkins_1034663_interiors_p_the_court_theatre_haworth_tompkins_1034663_p_the_court_theatre_haworth_tompkins_1034663_interiors_p_the_court_theatre_haworth_tompkins_1034663_interior_4"", ""i_p_the_court_theatre_haworth_tompkins_1034663_interiors_p_the_court_theatre_haworth_tompkins_1034663_p_the_court_theatre_haworth_tompkins_1034663_interiors_p_the_court_theatre_haworth_tompkins_1034663_interior_5""]",-43.5320301,172.636648,"diagrams,interiors,exteriors",Christchurch,Haworth Tompkins,"The Court Theatre is likely a performing arts venue designed by the architectural firm Haworth Tompkins, known for its focus on cultural spaces.","theatre,performing arts,Haworth Tompkins,cultural center,Christchurch"
p_the_et_302_memorial_alebel_desta_consult_1028581,The Et 302 Memorial Alebel Desta Consult,Ethiopia,tropical,memorial,,"[""i_p_the_et_302_memorial_alebel_desta_consult_1028581_exteriors_p_the_et_302_memorial_alebel_desta_consult_1028581_p_the_et_302_memorial_alebel_desta_consult_1028581_exteriors_p_the_et_302_memorial_alebel_desta_consult_1028581_exterior_1"", ""i_p_the_et_302_memorial_alebel_desta_consult_1028581_exteriors_p_the_et_302_memorial_alebel_desta_consult_1028581_p_the_et_302_memorial_alebel_desta_consult_1028581_exteriors_p_the_et_302_memorial_alebel_desta_consult_1028581_exterior_2"", ""i_p_the_et_302_memorial_alebel_desta_consult_1028581_interiors_p_the_et_302_memorial_alebel_desta_consult_1028581_p_the_et_302_memorial_alebel_desta_consult_1028581_interiors_p_the_et_302_memorial_alebel_desta_consult_1028581_interior_1"", ""i_p_the_et_302_memorial_alebel_desta_consult_1028581_interiors_p_the_et_302_memorial_alebel_desta_consult_1028581_p_the_et_302_memorial_alebel_desta_consult_1028581_interiors_p_the_et_302_memorial_alebel_desta_consult_1028581_interior_2""]",9.145,40.489673,"interiors,exteriors",,Desta Consult,"The Et 302 Memorial is likely a commemorative structure designed to honor a significant event or individual, possibly related to Ethiopian history or culture.","memorial,Ethiopia,architecture,Desta Consult,commemoration"
p_the_katy_museum_bbgk_architekci_1028620,The Katy Museum Bbgk Architekci,Poland,temperate,museum,,"[""i_p_the_katy_museum_bbgk_architekci_1028620_exteriors_p_the_katy_museum_bbgk_architekci_1028620_p_the_katy_museum_bbgk_architekci_1028620_exteriors_p_the_katy_museum_bbgk_architekci_1028620_exterior_1"", ""i_p_the_katy_museum_bbgk_architekci_1028620_exteriors_p_the_katy_museum_bbgk_architekci_1028620_p_the_katy_museum_bbgk_architekci_1028620_exteriors_p_the_katy_museum_bbgk_architekci_1028620_exterior_2"", ""i_p_the_katy_museum_bbgk_architekci_1028620_exteriors_p_the_katy_museum_bbgk_architekci_1028620_p_the_katy_museum_bbgk_architekci_1028620_exteriors_p_the_katy_museum_bbgk_architekci_1028620_exterior_3"", ""i_p_the_katy_museum_bbgk_architekci_1028620_interiors_p_the_katy_museum_bbgk_architekci_1028620_p_the_katy_museum_bbgk_architekci_1028620_interiors_p_the_katy_museum_bbgk_architekci_1028620_interior_1"", ""i_p_the_katy_museum_bbgk_architekci_1028620_interiors_p_the_katy_museum_bbgk_architekci_1028620_p_the_katy_museum_bbgk_architekci_1028620_interiors_p_the_katy_museum_bbgk_architekci_1028620_interior_2""]",52.2296756,21.0122287,"interiors,exteriors",Warsaw,Bbgk Architekci,"The Katy Museum is likely a cultural institution dedicated to preserving and showcasing local history and art, designed by the architectural firm Bbgk Architekci.","museum,cultural institution,Bbgk Architekci,architecture,Warsaw"
p_the_school_of_social_development_studio_999512,The School Of Social Development Studio,Nepal,tropical,school,,"[""i_p_the_school_of_social_development_studio_999512_diagrams_p_the_school_of_social_development_studio_999512_p_the_school_of_social_development_studio_999512_diagrams_p_the_school_of_social_development_studio_999512_diagram_1"", ""i_p_the_school_of_social_development_studio_999512_diagrams_p_the_school_of_social_development_studio_999512_p_the_school_of_social_development_studio_999512_diagrams_p_the_school_of_social_development_studio_999512_diagram_2"", ""i_p_the_school_of_social_development_studio_999512_diagrams_p_the_school_of_social_development_studio_999512_p_the_school_of_social_development_studio_999512_diagrams_p_the_school_of_social_development_studio_999512_diagram_3"", ""i_p_the_school_of_social_development_studio_999512_exteriors_p_the_school_of_social_development_studio_999512_p_the_school_of_social_development_studio_999512_exteriors_p_the_school_of_social_development_studio_999512_exterior_1"", ""i_p_the_school_of_social_development_studio_999512_exteriors_p_the_school_of_social_development_studio_999512_p_the_school_of_social_development_studio_999512_exteriors_p_the_school_of_social_development_studio_999512_exterior_2"", ""i_p_the_school_of_social_development_studio_999512_exteriors_p_the_school_of_social_development_studio_999512_p_the_school_of_social_development_studio_999512_exteriors_p_the_school_of_social_development_studio_999512_exterior_3"", ""i_p_the_school_of_social_development_studio_999512_exteriors_p_the_school_of_social_development_studio_999512_p_the_school_of_social_development_studio_999512_exteriors_p_the_school_of_social_development_studio_999512_exterior_4"", ""i_p_the_school_of_social_development_studio_999512_exteriors_p_the_school_of_social_development_studio_999512_p_the_school_of_social_development_studio_999512_exteriors_p_the_school_of_social_development_studio_999512_exterior_5"", ""i_p_the_school_of_social_development_studio_999512_interiors_p_the_school_of_social_development_studio_999512_p_the_school_of_social_development_studio_999512_interiors_p_the_school_of_social_development_studio_999512_interior_1"", ""i_p_the_school_of_social_development_studio_999512_interiors_p_the_school_of_social_development_studio_999512_p_the_school_of_social_development_studio_999512_interiors_p_the_school_of_social_development_studio_999512_interior_2"", ""i_p_the_school_of_social_development_studio_999512_interiors_p_the_school_of_social_development_studio_999512_p_the_school_of_social_development_studio_999512_interiors_p_the_school_of_social_development_studio_999512_interior_3"", ""i_p_the_school_of_social_development_studio_999512_interiors_p_the_school_of_social_development_studio_999512_p_the_school_of_social_development_studio_999512_interiors_p_the_school_of_social_development_studio_999512_interior_4""]",27.8506534,84.0748789,"diagrams,interiors,exteriors",null,null,"The School of Social Development Studio likely serves as an educational facility focused on social development, providing a space for learning and community engagement.","school,social development,education,community"
p_thomas_sankara_mausoleum_kere_architectu_1030302,Thomas Sankara Mausoleum Kere Architectu,Burkina Faso,tropical,mausoleum,,"[""i_p_thomas_sankara_mausoleum_kere_architectu_1030302_exteriors_p_thomas_sankara_mausoleum_kere_architectu_1030302_p_thomas_sankara_mausoleum_kere_architectu_1030302_exteriors_p_thomas_sankara_mausoleum_kere_architectu_1030302_exterior_1"", ""i_p_thomas_sankara_mausoleum_kere_architectu_1030302_exteriors_p_thomas_sankara_mausoleum_kere_architectu_1030302_p_thomas_sankara_mausoleum_kere_architectu_1030302_exteriors_p_thomas_sankara_mausoleum_kere_architectu_1030302_exterior_2"", ""i_p_thomas_sankara_mausoleum_kere_architectu_1030302_exteriors_p_thomas_sankara_mausoleum_kere_architectu_1030302_p_thomas_sankara_mausoleum_kere_architectu_1030302_exteriors_p_thomas_sankara_mausoleum_kere_architectu_1030302_exterior_3"", ""i_p_thomas_sankara_mausoleum_kere_architectu_1030302_exteriors_p_thomas_sankara_mausoleum_kere_architectu_1030302_p_thomas_sankara_mausoleum_kere_architectu_1030302_exteriors_p_thomas_sankara_mausoleum_kere_architectu_1030302_exterior_4"", ""i_p_thomas_sankara_mausoleum_kere_architectu_1030302_interiors_p_thomas_sankara_mausoleum_kere_architectu_1030302_p_thomas_sankara_mausoleum_kere_architectu_1030302_interiors_p_thomas_sankara_mausoleum_kere_architectu_1030302_interior_1"", ""i_p_thomas_sankara_mausoleum_kere_architectu_1030302_interiors_p_thomas_sankara_mausoleum_kere_architectu_1030302_p_thomas_sankara_mausoleum_kere_architectu_1030302_interiors_p_thomas_sankara_mausoleum_kere_architectu_1030302_interior_2""]",12.3714277,-1.5196603,"interiors,exteriors",Ouagadougou,Kere Architecture,"The Thomas Sankara Mausoleum is likely a commemorative structure dedicated to the former president of Burkina Faso, Thomas Sankara, designed by Kere Architecture. It serves as a place of remembrance and reflection.","mausoleum,Thomas Sankara,Kere Architecture,Burkina Faso,commemorative architecture"
p_thoravej_29_pihlmann_architects_1034502,Thoravej 29 Pihlmann Architects,Denmark,temperate,,,"[""i_p_thoravej_29_pihlmann_architects_1034502_diagrams_p_thoravej_29_pihlmann_architects_1034502_p_thoravej_29_pihlmann_architects_1034502_diagrams_p_thoravej_29_pihlmann_architects_1034502_diagram_1"", ""i_p_thoravej_29_pihlmann_architects_1034502_diagrams_p_thoravej_29_pihlmann_architects_1034502_p_thoravej_29_pihlmann_architects_1034502_diagrams_p_thoravej_29_pihlmann_architects_1034502_diagram_2"", ""i_p_thoravej_29_pihlmann_architects_1034502_diagrams_p_thoravej_29_pihlmann_architects_1034502_p_thoravej_29_pihlmann_architects_1034502_diagrams_p_thoravej_29_pihlmann_architects_1034502_diagram_3"", ""i_p_thoravej_29_pihlmann_architects_1034502_exteriors_p_thoravej_29_pihlmann_architects_1034502_p_thoravej_29_pihlmann_architects_1034502_exteriors_p_thoravej_29_pihlmann_architects_1034502_exterior_1"", ""i_p_thoravej_29_pihlmann_architects_1034502_exteriors_p_thoravej_29_pihlmann_architects_1034502_p_thoravej_29_pihlmann_architects_1034502_exteriors_p_thoravej_29_pihlmann_architects_1034502_exterior_2"", ""i_p_thoravej_29_pihlmann_architects_1034502_exteriors_p_thoravej_29_pihlmann_architects_1034502_p_thoravej_29_pihlmann_architects_1034502_exteriors_p_thoravej_29_pihlmann_architects_1034502_exterior_3"", ""i_p_thoravej_29_pihlmann_architects_1034502_exteriors_p_thoravej_29_pihlmann_architects_1034502_p_thoravej_29_pihlmann_architects_1034502_exteriors_p_thoravej_29_pihlmann_architects_1034502_exterior_4"", ""i_p_thoravej_29_pihlmann_architects_1034502_interiors_p_thoravej_29_pihlmann_architects_1034502_p_thoravej_29_pihlmann_architects_1034502_interiors_p_thoravej_29_pihlmann_architects_1034502_interior_1"", ""i_p_thoravej_29_pihlmann_architects_1034502_interiors_p_thoravej_29_pihlmann_architects_1034502_p_thoravej_29_pihlmann_architects_1034502_interiors_p_thoravej_29_pihlmann_architects_1034502_interior_2"", ""i_p_thoravej_29_pihlmann_architects_1034502_interiors_p_thoravej_29_pihlmann_architects_1034502_p_thoravej_29_pihlmann_architects_1034502_interiors_p_thoravej_29_pihlmann_architects_1034502_interior_3"", ""i_p_thoravej_29_pihlmann_architects_1034502_interiors_p_thoravej_29_pihlmann_architects_1034502_p_thoravej_29_pihlmann_architects_1034502_interiors_p_thoravej_29_pihlmann_architects_1034502_interior_4"", ""i_p_thoravej_29_pihlmann_architects_1034502_interiors_p_thoravej_29_pihlmann_architects_1034502_p_thoravej_29_pihlmann_architects_1034502_interiors_p_thoravej_29_pihlmann_architects_1034502_interior_5""]",55.6760968,12.5683371,"diagrams,interiors,exteriors",Copenhagen,Pihlmann Architects,"The project titled 'Thoravej 29' likely refers to a building designed by Pihlmann Architects, situated in Copenhagen, Denmark. The specific typology is not clear from the title alone.","Pihlmann Architects,Copenhagen,Denmark,architecture,building"
p_tile_chapel_jimenez_arquitectos_fb_estud_1026511,Tile Chapel Jimenez Arquitectos Fb Estud,Ecuador,tropical,church,,"[""i_p_tile_chapel_jimenez_arquitectos_fb_estud_1026511_diagrams_p_tile_chapel_jimenez_arquitectos_fb_estud_1026511_p_tile_chapel_jimenez_arquitectos_fb_estud_1026511_diagrams_p_tile_chapel_jimenez_arquitectos_fb_estud_1026511_diagram_1"", ""i_p_tile_chapel_jimenez_arquitectos_fb_estud_1026511_exteriors_p_tile_chapel_jimenez_arquitectos_fb_estud_1026511_p_tile_chapel_jimenez_arquitectos_fb_estud_1026511_exteriors_p_tile_chapel_jimenez_arquitectos_fb_estud_1026511_exterior_1"", ""i_p_tile_chapel_jimenez_arquitectos_fb_estud_1026511_exteriors_p_tile_chapel_jimenez_arquitectos_fb_estud_1026511_p_tile_chapel_jimenez_arquitectos_fb_estud_1026511_exteriors_p_tile_chapel_jimenez_arquitectos_fb_estud_1026511_exterior_2"", ""i_p_tile_chapel_jimenez_arquitectos_fb_estud_1026511_exteriors_p_tile_chapel_jimenez_arquitectos_fb_estud_1026511_p_tile_chapel_jimenez_arquitectos_fb_estud_1026511_exteriors_p_tile_chapel_jimenez_arquitectos_fb_estud_1026511_exterior_3"", ""i_p_tile_chapel_jimenez_arquitectos_fb_estud_1026511_exteriors_p_tile_chapel_jimenez_arquitectos_fb_estud_1026511_p_tile_chapel_jimenez_arquitectos_fb_estud_1026511_exteriors_p_tile_chapel_jimenez_arquitectos_fb_estud_1026511_exterior_4"", ""i_p_tile_chapel_jimenez_arquitectos_fb_estud_1026511_exteriors_p_tile_chapel_jimenez_arquitectos_fb_estud_1026511_p_tile_chapel_jimenez_arquitectos_fb_estud_1026511_exteriors_p_tile_chapel_jimenez_arquitectos_fb_estud_1026511_exterior_5"", ""i_p_tile_chapel_jimenez_arquitectos_fb_estud_1026511_interiors_p_tile_chapel_jimenez_arquitectos_fb_estud_1026511_p_tile_chapel_jimenez_arquitectos_fb_estud_1026511_interiors_p_tile_chapel_jimenez_arquitectos_fb_estud_1026511_interior_1"", ""i_p_tile_chapel_jimenez_arquitectos_fb_estud_1026511_interiors_p_tile_chapel_jimenez_arquitectos_fb_estud_1026511_p_tile_chapel_jimenez_arquitectos_fb_estud_1026511_interiors_p_tile_chapel_jimenez_arquitectos_fb_estud_1026511_interior_2""]",-1.831239,-78.18340599999999,"diagrams,interiors,exteriors",,Jimenez Arquitectos,"The Tile Chapel is likely a religious building designed by Jimenez Arquitectos, characterized by its use of tiles in the architectural design.","chapel,religious architecture,Jimenez Arquitectos,Ecuador,tile design"
p_viking_fortress_borgring_experience_cent_1033647,Viking Fortress Borgring Experience Cent,Denmark,temperate,cultural center,,"[""i_p_viking_fortress_borgring_experience_cent_1033647_diagrams_p_viking_fortress_borgring_experience_cent_1033647_p_viking_fortress_borgring_experience_cent_1033647_diagrams_p_viking_fortress_borgring_experience_cent_1033647_diagram_1"", ""i_p_viking_fortress_borgring_experience_cent_1033647_diagrams_p_viking_fortress_borgring_experience_cent_1033647_p_viking_fortress_borgring_experience_cent_1033647_diagrams_p_viking_fortress_borgring_experience_cent_1033647_diagram_2"", ""i_p_viking_fortress_borgring_experience_cent_1033647_exteriors_p_viking_fortress_borgring_experience_cent_1033647_p_viking_fortress_borgring_experience_cent_1033647_exteriors_p_viking_fortress_borgring_experience_cent_1033647_exterior_1"", ""i_p_viking_fortress_borgring_experience_cent_1033647_exteriors_p_viking_fortress_borgring_experience_cent_1033647_p_viking_fortress_borgring_experience_cent_1033647_exteriors_p_viking_fortress_borgring_experience_cent_1033647_exterior_2"", ""i_p_viking_fortress_borgring_experience_cent_1033647_exteriors_p_viking_fortress_borgring_experience_cent_1033647_p_viking_fortress_borgring_experience_cent_1033647_exteriors_p_viking_fortress_borgring_experience_cent_1033647_exterior_3"", ""i_p_viking_fortress_borgring_experience_cent_1033647_exteriors_p_viking_fortress_borgring_experience_cent_1033647_p_viking_fortress_borgring_experience_cent_1033647_exteriors_p_viking_fortress_borgring_experience_cent_1033647_exterior_4"", ""i_p_viking_fortress_borgring_experience_cent_1033647_exteriors_p_viking_fortress_borgring_experience_cent_1033647_p_viking_fortress_borgring_experience_cent_1033647_exteriors_p_viking_fortress_borgring_experience_cent_1033647_exterior_5"", ""i_p_viking_fortress_borgring_experience_cent_1033647_interiors_p_viking_fortress_borgring_experience_cent_1033647_p_viking_fortress_borgring_experience_cent_1033647_interiors_p_viking_fortress_borgring_experience_cent_1033647_interior_1"", ""i_p_viking_fortress_borgring_experience_cent_1033647_interiors_p_viking_fortress_borgring_experience_cent_1033647_p_viking_fortress_borgring_experience_cent_1033647_interiors_p_viking_fortress_borgring_experience_cent_1033647_interior_2""]",55.45752599999999,12.182181,"diagrams,interiors,exteriors",Borgring,,"The Viking Fortress Borgring Experience Center is likely a cultural center designed to educate and engage visitors about Viking history and heritage, situated near the historical site of Borgring.","Viking,fortress,cultural center,Borgring,experience,history"
p_widna_haven_community_center_and_library_1031260,Widna Haven Community Center And Library,Poland,temperate,community center,,"[""i_p_widna_haven_community_center_and_library_1031260_exteriors_p_widna_haven_community_center_and_library_1031260_p_widna_haven_community_center_and_library_1031260_exteriors_p_widna_haven_community_center_and_library_1031260_exterior_1"", ""i_p_widna_haven_community_center_and_library_1031260_exteriors_p_widna_haven_community_center_and_library_1031260_p_widna_haven_community_center_and_library_1031260_exteriors_p_widna_haven_community_center_and_library_1031260_exterior_2"", ""i_p_widna_haven_community_center_and_library_1031260_exteriors_p_widna_haven_community_center_and_library_1031260_p_widna_haven_community_center_and_library_1031260_exteriors_p_widna_haven_community_center_and_library_1031260_exterior_3"", ""i_p_widna_haven_community_center_and_library_1031260_exteriors_p_widna_haven_community_center_and_library_1031260_p_widna_haven_community_center_and_library_1031260_exteriors_p_widna_haven_community_center_and_library_1031260_exterior_4"", ""i_p_widna_haven_community_center_and_library_1031260_exteriors_p_widna_haven_community_center_and_library_1031260_p_widna_haven_community_center_and_library_1031260_exteriors_p_widna_haven_community_center_and_library_1031260_exterior_5"", ""i_p_widna_haven_community_center_and_library_1031260_interiors_p_widna_haven_community_center_and_library_1031260_p_widna_haven_community_center_and_library_1031260_interiors_p_widna_haven_community_center_and_library_1031260_interior_1"", ""i_p_widna_haven_community_center_and_library_1031260_interiors_p_widna_haven_community_center_and_library_1031260_p_widna_haven_community_center_and_library_1031260_interiors_p_widna_haven_community_center_and_library_1031260_interior_2"", ""i_p_widna_haven_community_center_and_library_1031260_interiors_p_widna_haven_community_center_and_library_1031260_p_widna_haven_community_center_and_library_1031260_interiors_p_widna_haven_community_center_and_library_1031260_interior_3"", ""i_p_widna_haven_community_center_and_library_1031260_interiors_p_widna_haven_community_center_and_library_1031260_p_widna_haven_community_center_and_library_1031260_interiors_p_widna_haven_community_center_and_library_1031260_interior_4"", ""i_p_widna_haven_community_center_and_library_1031260_interiors_p_widna_haven_community_center_and_library_1031260_p_widna_haven_community_center_and_library_1031260_interiors_p_widna_haven_community_center_and_library_1031260_interior_5""]",54.518352,18.5291932,"interiors,exteriors",Gdańsk,,"The Widna Haven Community Center and Library is likely a facility designed to serve the local community, providing space for gatherings, events, and access to library resources.","community center,library,public space,Gdańsk,Poland"
p_workshop_with_three_courtyards_opposite_1034403,Workshop With Three Courtyards Opposite,null,null,null,,"[""i_p_workshop_with_three_courtyards_opposite_1034403_diagrams_p_workshop_with_three_courtyards_opposite_1034403_p_workshop_with_three_courtyards_opposite_1034403_diagrams_p_workshop_with_three_courtyards_opposite_1034403_diagram_1"", ""i_p_workshop_with_three_courtyards_opposite_1034403_exteriors_p_workshop_with_three_courtyards_opposite_1034403_p_workshop_with_three_courtyards_opposite_1034403_exteriors_p_workshop_with_three_courtyards_opposite_1034403_exterior_1"", ""i_p_workshop_with_three_courtyards_opposite_1034403_exteriors_p_workshop_with_three_courtyards_opposite_1034403_p_workshop_with_three_courtyards_opposite_1034403_exteriors_p_workshop_with_three_courtyards_opposite_1034403_exterior_2"", ""i_p_workshop_with_three_courtyards_opposite_1034403_exteriors_p_workshop_with_three_courtyards_opposite_1034403_p_workshop_with_three_courtyards_opposite_1034403_exteriors_p_workshop_with_three_courtyards_opposite_1034403_exterior_3"", ""i_p_workshop_with_three_courtyards_opposite_1034403_exteriors_p_workshop_with_three_courtyards_opposite_1034403_p_workshop_with_three_courtyards_opposite_1034403_exteriors_p_workshop_with_three_courtyards_opposite_1034403_exterior_4"", ""i_p_workshop_with_three_courtyards_opposite_1034403_exteriors_p_workshop_with_three_courtyards_opposite_1034403_p_workshop_with_three_courtyards_opposite_1034403_exteriors_p_workshop_with_three_courtyards_opposite_1034403_exterior_5"", ""i_p_workshop_with_three_courtyards_opposite_1034403_interiors_p_workshop_with_three_courtyards_opposite_1034403_p_workshop_with_three_courtyards_opposite_1034403_interiors_p_workshop_with_three_courtyards_opposite_1034403_interior_1"", ""i_p_workshop_with_three_courtyards_opposite_1034403_interiors_p_workshop_with_three_courtyards_opposite_1034403_p_workshop_with_three_courtyards_opposite_1034403_interiors_p_workshop_with_three_courtyards_opposite_1034403_interior_2"", ""i_p_workshop_with_three_courtyards_opposite_1034403_interiors_p_workshop_with_three_courtyards_opposite_1034403_p_workshop_with_three_courtyards_opposite_1034403_interiors_p_workshop_with_three_courtyards_opposite_1034403_interior_3"", ""i_p_workshop_with_three_courtyards_opposite_1034403_interiors_p_workshop_with_three_courtyards_opposite_1034403_p_workshop_with_three_courtyards_opposite_1034403_interiors_p_workshop_with_three_courtyards_opposite_1034403_interior_4""]",25.4921213,29.0183512,"diagrams,interiors,exteriors",null,null,"The project likely features a workshop space designed around three courtyards, promoting interaction with nature and light.","workshop,courtyards,architecture,design,outdoor space"
p_x_museum_studio_nor_1024371,X Museum Studio Nor,China,continental,museum,,"[""i_p_x_museum_studio_nor_1024371_diagrams_p_x_museum_studio_nor_1024371_p_x_museum_studio_nor_1024371_diagrams_p_x_museum_studio_nor_1024371_diagram_1"", ""i_p_x_museum_studio_nor_1024371_diagrams_p_x_museum_studio_nor_1024371_p_x_museum_studio_nor_1024371_diagrams_p_x_museum_studio_nor_1024371_diagram_2"", ""i_p_x_museum_studio_nor_1024371_diagrams_p_x_museum_studio_nor_1024371_p_x_museum_studio_nor_1024371_diagrams_p_x_museum_studio_nor_1024371_diagram_3"", ""i_p_x_museum_studio_nor_1024371_exteriors_p_x_museum_studio_nor_1024371_p_x_museum_studio_nor_1024371_exteriors_p_x_museum_studio_nor_1024371_exterior_1"", ""i_p_x_museum_studio_nor_1024371_exteriors_p_x_museum_studio_nor_1024371_p_x_museum_studio_nor_1024371_exteriors_p_x_museum_studio_nor_1024371_exterior_2"", ""i_p_x_museum_studio_nor_1024371_exteriors_p_x_museum_studio_nor_1024371_p_x_museum_studio_nor_1024371_exteriors_p_x_museum_studio_nor_1024371_exterior_3"", ""i_p_x_museum_studio_nor_1024371_interiors_p_x_museum_studio_nor_1024371_p_x_museum_studio_nor_1024371_interiors_p_x_museum_studio_nor_1024371_interior_1"", ""i_p_x_museum_studio_nor_1024371_interiors_p_x_museum_studio_nor_1024371_p_x_museum_studio_nor_1024371_interiors_p_x_museum_studio_nor_1024371_interior_2"", ""i_p_x_museum_studio_nor_1024371_interiors_p_x_museum_studio_nor_1024371_p_x_museum_studio_nor_1024371_interiors_p_x_museum_studio_nor_1024371_interior_3"", ""i_p_x_museum_studio_nor_1024371_interiors_p_x_museum_studio_nor_1024371_p_x_museum_studio_nor_1024371_interiors_p_x_museum_studio_nor_1024371_interior_4""]",39.904211,116.407395,"diagrams,interiors,exteriors",Beijing,Nor,"The X Museum Studio Nor likely refers to a contemporary museum designed by the architectural firm Nor, situated in Beijing, China.","museum,contemporary,architecture,Beijing,Nor"
p_xiao_feng_art_museum_zao_zhang_ke_archit_1035415,Xiao Feng Art Museum Zao Zhang Ke Archit,China,temperate,museum,,"[""i_p_xiao_feng_art_museum_zao_zhang_ke_archit_1035415_diagrams_p_xiao_feng_art_museum_zao_zhang_ke_archit_1035415_p_xiao_feng_art_museum_zao_zhang_ke_archit_1035415_diagrams_p_xiao_feng_art_museum_zao_zhang_ke_archit_1035415_diagram_1"", ""i_p_xiao_feng_art_museum_zao_zhang_ke_archit_1035415_diagrams_p_xiao_feng_art_museum_zao_zhang_ke_archit_1035415_p_xiao_feng_art_museum_zao_zhang_ke_archit_1035415_diagrams_p_xiao_feng_art_museum_zao_zhang_ke_archit_1035415_diagram_2"", ""i_p_xiao_feng_art_museum_zao_zhang_ke_archit_1035415_diagrams_p_xiao_feng_art_museum_zao_zhang_ke_archit_1035415_p_xiao_feng_art_museum_zao_zhang_ke_archit_1035415_diagrams_p_xiao_feng_art_museum_zao_zhang_ke_archit_1035415_diagram_3"", ""i_p_xiao_feng_art_museum_zao_zhang_ke_archit_1035415_exteriors_p_xiao_feng_art_museum_zao_zhang_ke_archit_1035415_p_xiao_feng_art_museum_zao_zhang_ke_archit_1035415_exteriors_p_xiao_feng_art_museum_zao_zhang_ke_archit_1035415_exterior_1"", ""i_p_xiao_feng_art_museum_zao_zhang_ke_archit_1035415_exteriors_p_xiao_feng_art_museum_zao_zhang_ke_archit_1035415_p_xiao_feng_art_museum_zao_zhang_ke_archit_1035415_exteriors_p_xiao_feng_art_museum_zao_zhang_ke_archit_1035415_exterior_2"", ""i_p_xiao_feng_art_museum_zao_zhang_ke_archit_1035415_exteriors_p_xiao_feng_art_museum_zao_zhang_ke_archit_1035415_p_xiao_feng_art_museum_zao_zhang_ke_archit_1035415_exteriors_p_xiao_feng_art_museum_zao_zhang_ke_archit_1035415_exterior_3"", ""i_p_xiao_feng_art_museum_zao_zhang_ke_archit_1035415_interiors_p_xiao_feng_art_museum_zao_zhang_ke_archit_1035415_p_xiao_feng_art_museum_zao_zhang_ke_archit_1035415_interiors_p_xiao_feng_art_museum_zao_zhang_ke_archit_1035415_interior_1"", ""i_p_xiao_feng_art_museum_zao_zhang_ke_archit_1035415_interiors_p_xiao_feng_art_museum_zao_zhang_ke_archit_1035415_p_xiao_feng_art_museum_zao_zhang_ke_archit_1035415_interiors_p_xiao_feng_art_museum_zao_zhang_ke_archit_1035415_interior_2"", ""i_p_xiao_feng_art_museum_zao_zhang_ke_archit_1035415_interiors_p_xiao_feng_art_museum_zao_zhang_ke_archit_1035415_p_xiao_feng_art_museum_zao_zhang_ke_archit_1035415_interiors_p_xiao_feng_art_museum_zao_zhang_ke_archit_1035415_interior_3""]",30.2741499,120.15515,"diagrams,interiors,exteriors",Hangzhou,Zao Zhang Ke,"The Xiao Feng Art Museum is likely a cultural institution dedicated to the exhibition and promotion of art, designed by the architect Zao Zhang Ke.","art museum,Zao Zhang Ke,cultural institution,Hangzhou,architecture"
p_yellow_river_national_museum_building_an_1031402,Yellow River National Museum Building An,China,temperate,museum,,"[""i_p_yellow_river_national_museum_building_an_1031402_diagrams_p_yellow_river_national_museum_building_an_1031402_p_yellow_river_national_museum_building_an_1031402_diagrams_p_yellow_river_national_museum_building_an_1031402_diagram_1"", ""i_p_yellow_river_national_museum_building_an_1031402_exteriors_p_yellow_river_national_museum_building_an_1031402_p_yellow_river_national_museum_building_an_1031402_exteriors_p_yellow_river_national_museum_building_an_1031402_exterior_1"", ""i_p_yellow_river_national_museum_building_an_1031402_exteriors_p_yellow_river_national_museum_building_an_1031402_p_yellow_river_national_museum_building_an_1031402_exteriors_p_yellow_river_national_museum_building_an_1031402_exterior_2"", ""i_p_yellow_river_national_museum_building_an_1031402_exteriors_p_yellow_river_national_museum_building_an_1031402_p_yellow_river_national_museum_building_an_1031402_exteriors_p_yellow_river_national_museum_building_an_1031402_exterior_3"", ""i_p_yellow_river_national_museum_building_an_1031402_exteriors_p_yellow_river_national_museum_building_an_1031402_p_yellow_river_national_museum_building_an_1031402_exteriors_p_yellow_river_national_museum_building_an_1031402_exterior_4"", ""i_p_yellow_river_national_museum_building_an_1031402_exteriors_p_yellow_river_national_museum_building_an_1031402_p_yellow_river_national_museum_building_an_1031402_exteriors_p_yellow_river_national_museum_building_an_1031402_exterior_5"", ""i_p_yellow_river_national_museum_building_an_1031402_interiors_p_yellow_river_national_museum_building_an_1031402_p_yellow_river_national_museum_building_an_1031402_interiors_p_yellow_river_national_museum_building_an_1031402_interior_1"", ""i_p_yellow_river_national_museum_building_an_1031402_interiors_p_yellow_river_national_museum_building_an_1031402_p_yellow_river_national_museum_building_an_1031402_interiors_p_yellow_river_national_museum_building_an_1031402_interior_2""]",34.7472499,113.62493,"diagrams,interiors,exteriors",Zhengzhou,,"The Yellow River National Museum Building is likely a cultural institution dedicated to the history and significance of the Yellow River in China, showcasing exhibits related to its impact on the region.","Yellow River,museum,cultural institution,Zhengzhou,China"
p_yohoo_museum_aedas_1024957,Yohoo Museum Aedas,China,temperate,museum,,"[""i_p_yohoo_museum_aedas_1024957_exteriors_p_yohoo_museum_aedas_1024957_p_yohoo_museum_aedas_1024957_exteriors_p_yohoo_museum_aedas_1024957_exterior_1"", ""i_p_yohoo_museum_aedas_1024957_exteriors_p_yohoo_museum_aedas_1024957_p_yohoo_museum_aedas_1024957_exteriors_p_yohoo_museum_aedas_1024957_exterior_2"", ""i_p_yohoo_museum_aedas_1024957_exteriors_p_yohoo_museum_aedas_1024957_p_yohoo_museum_aedas_1024957_exteriors_p_yohoo_museum_aedas_1024957_exterior_3"", ""i_p_yohoo_museum_aedas_1024957_exteriors_p_yohoo_museum_aedas_1024957_p_yohoo_museum_aedas_1024957_exteriors_p_yohoo_museum_aedas_1024957_exterior_4"", ""i_p_yohoo_museum_aedas_1024957_exteriors_p_yohoo_museum_aedas_1024957_p_yohoo_museum_aedas_1024957_exteriors_p_yohoo_museum_aedas_1024957_exterior_5"", ""i_p_yohoo_museum_aedas_1024957_interiors_p_yohoo_museum_aedas_1024957_p_yohoo_museum_aedas_1024957_interiors_p_yohoo_museum_aedas_1024957_interior_1"", ""i_p_yohoo_museum_aedas_1024957_interiors_p_yohoo_museum_aedas_1024957_p_yohoo_museum_aedas_1024957_interiors_p_yohoo_museum_aedas_1024957_interior_2""]",30.2741499,120.15515,"interiors,exteriors",Hangzhou,Aedas,"The Yohoo Museum, designed by Aedas, is likely a cultural institution dedicated to art and history, situated in Hangzhou, China.","museum,Aedas,Hangzhou,cultural institution,architecture"
p_yue_yue_art_museum_equestrian_hall_cu_of_1030592,Yue Yue Art Museum Equestrian Hall Cu Of,China,temperate,museum,,"[""i_p_yue_yue_art_museum_equestrian_hall_cu_of_1030592_diagrams_p_yue_yue_art_museum_equestrian_hall_cu_of_1030592_p_yue_yue_art_museum_equestrian_hall_cu_of_1030592_diagrams_p_yue_yue_art_museum_equestrian_hall_cu_of_1030592_diagram_1"", ""i_p_yue_yue_art_museum_equestrian_hall_cu_of_1030592_diagrams_p_yue_yue_art_museum_equestrian_hall_cu_of_1030592_p_yue_yue_art_museum_equestrian_hall_cu_of_1030592_diagrams_p_yue_yue_art_museum_equestrian_hall_cu_of_1030592_diagram_2"", ""i_p_yue_yue_art_museum_equestrian_hall_cu_of_1030592_diagrams_p_yue_yue_art_museum_equestrian_hall_cu_of_1030592_p_yue_yue_art_museum_equestrian_hall_cu_of_1030592_diagrams_p_yue_yue_art_museum_equestrian_hall_cu_of_1030592_diagram_3"", ""i_p_yue_yue_art_museum_equestrian_hall_cu_of_1030592_exteriors_p_yue_yue_art_museum_equestrian_hall_cu_of_1030592_p_yue_yue_art_museum_equestrian_hall_cu_of_1030592_exteriors_p_yue_yue_art_museum_equestrian_hall_cu_of_1030592_exterior_1"", ""i_p_yue_yue_art_museum_equestrian_hall_cu_of_1030592_exteriors_p_yue_yue_art_museum_equestrian_hall_cu_of_1030592_p_yue_yue_art_museum_equestrian_hall_cu_of_1030592_exteriors_p_yue_yue_art_museum_equestrian_hall_cu_of_1030592_exterior_2"", ""i_p_yue_yue_art_museum_equestrian_hall_cu_of_1030592_exteriors_p_yue_yue_art_museum_equestrian_hall_cu_of_1030592_p_yue_yue_art_museum_equestrian_hall_cu_of_1030592_exteriors_p_yue_yue_art_museum_equestrian_hall_cu_of_1030592_exterior_3"", ""i_p_yue_yue_art_museum_equestrian_hall_cu_of_1030592_exteriors_p_yue_yue_art_museum_equestrian_hall_cu_of_1030592_p_yue_yue_art_museum_equestrian_hall_cu_of_1030592_exteriors_p_yue_yue_art_museum_equestrian_hall_cu_of_1030592_exterior_4"", ""i_p_yue_yue_art_museum_equestrian_hall_cu_of_1030592_exteriors_p_yue_yue_art_museum_equestrian_hall_cu_of_1030592_p_yue_yue_art_museum_equestrian_hall_cu_of_1030592_exteriors_p_yue_yue_art_museum_equestrian_hall_cu_of_1030592_exterior_5"", ""i_p_yue_yue_art_museum_equestrian_hall_cu_of_1030592_interiors_p_yue_yue_art_museum_equestrian_hall_cu_of_1030592_p_yue_yue_art_museum_equestrian_hall_cu_of_1030592_interiors_p_yue_yue_art_museum_equestrian_hall_cu_of_1030592_interior_1"", ""i_p_yue_yue_art_museum_equestrian_hall_cu_of_1030592_interiors_p_yue_yue_art_museum_equestrian_hall_cu_of_1030592_p_yue_yue_art_museum_equestrian_hall_cu_of_1030592_interiors_p_yue_yue_art_museum_equestrian_hall_cu_of_1030592_interior_2""]",37.4635299,121.44801,"diagrams,interiors,exteriors",null,null,"The Yue Yue Art Museum Equestrian Hall is likely a cultural facility that combines art exhibitions with equestrian activities, possibly showcasing the intersection of art and equestrianism.","art museum,equestrian,cultural center,Yue Yue,exhibition"
p_yuyarina_pacha_community_library_al_bord_1025453,Yuyarina Pacha Community Library Al Bord,Peru,tropical,library,,"[""i_p_yuyarina_pacha_community_library_al_bord_1025453_diagrams_p_yuyarina_pacha_community_library_al_bord_1025453_p_yuyarina_pacha_community_library_al_bord_1025453_diagrams_p_yuyarina_pacha_community_library_al_bord_1025453_diagram_1"", ""i_p_yuyarina_pacha_community_library_al_bord_1025453_diagrams_p_yuyarina_pacha_community_library_al_bord_1025453_p_yuyarina_pacha_community_library_al_bord_1025453_diagrams_p_yuyarina_pacha_community_library_al_bord_1025453_diagram_2"", ""i_p_yuyarina_pacha_community_library_al_bord_1025453_diagrams_p_yuyarina_pacha_community_library_al_bord_1025453_p_yuyarina_pacha_community_library_al_bord_1025453_diagrams_p_yuyarina_pacha_community_library_al_bord_1025453_diagram_3"", ""i_p_yuyarina_pacha_community_library_al_bord_1025453_exteriors_p_yuyarina_pacha_community_library_al_bord_1025453_p_yuyarina_pacha_community_library_al_bord_1025453_exteriors_p_yuyarina_pacha_community_library_al_bord_1025453_exterior_1"", ""i_p_yuyarina_pacha_community_library_al_bord_1025453_exteriors_p_yuyarina_pacha_community_library_al_bord_1025453_p_yuyarina_pacha_community_library_al_bord_1025453_exteriors_p_yuyarina_pacha_community_library_al_bord_1025453_exterior_2"", ""i_p_yuyarina_pacha_community_library_al_bord_1025453_exteriors_p_yuyarina_pacha_community_library_al_bord_1025453_p_yuyarina_pacha_community_library_al_bord_1025453_exteriors_p_yuyarina_pacha_community_library_al_bord_1025453_exterior_3"", ""i_p_yuyarina_pacha_community_library_al_bord_1025453_exteriors_p_yuyarina_pacha_community_library_al_bord_1025453_p_yuyarina_pacha_community_library_al_bord_1025453_exteriors_p_yuyarina_pacha_community_library_al_bord_1025453_exterior_4"", ""i_p_yuyarina_pacha_community_library_al_bord_1025453_interiors_p_yuyarina_pacha_community_library_al_bord_1025453_p_yuyarina_pacha_community_library_al_bord_1025453_interiors_p_yuyarina_pacha_community_library_al_bord_1025453_interior_1"", ""i_p_yuyarina_pacha_community_library_al_bord_1025453_interiors_p_yuyarina_pacha_community_library_al_bord_1025453_p_yuyarina_pacha_community_library_al_bord_1025453_interiors_p_yuyarina_pacha_community_library_al_bord_1025453_interior_2"", ""i_p_yuyarina_pacha_community_library_al_bord_1025453_interiors_p_yuyarina_pacha_community_library_al_bord_1025453_p_yuyarina_pacha_community_library_al_bord_1025453_interiors_p_yuyarina_pacha_community_library_al_bord_1025453_interior_3"", ""i_p_yuyarina_pacha_community_library_al_bord_1025453_interiors_p_yuyarina_pacha_community_library_al_bord_1025453_p_yuyarina_pacha_community_library_al_bord_1025453_interiors_p_yuyarina_pacha_community_library_al_bord_1025453_interior_4"", ""i_p_yuyarina_pacha_community_library_al_bord_1025453_interiors_p_yuyarina_pacha_community_library_al_bord_1025453_p_yuyarina_pacha_community_library_al_bord_1025453_interiors_p_yuyarina_pacha_community_library_al_bord_1025453_interior_5""]",-0.7539729,-77.4931403,"diagrams,interiors,exteriors",null,null,"The Yuyarina Pacha Community Library Al Bord is likely a community-focused library designed to serve local residents, providing access to books and resources in a welcoming environment.","library,community,Yuyarina Pacha,Al Bord,education,resources"
