project_id,title,country,climate_bin,typology,massing_type,wwr_band,image_ids,plan_ids,tags,lat,lon,architect,city,description,materials,year_completed,building_area_sqm,floors_above_ground
p_anjuman_school_teynampet_chennai_ksm_arc_1034548_exteriors_p_anjuman_school_teynampet_chennai_ksm_arc_1034548,Anjuman School Teynampet Chennai Ksm Arc 1034548 Exteriors P Anjuman School Teynampet Chennai Ksm Arc,unknown,unknown,unknown,unknown,unknown,"['i_p_anjuman_school_teynampet_chennai_ksm_arc_1034548_exteriors_p_anjuman_school_teynampet_chennai_ksm_arc_1034548_p_anjuman_school_teynampet_chennai_ksm_arc_1034548_exteriors_p_anjuman_school_teynampet_chennai_ksm_arc_1034548_exterior_1', 'i_p_anjuman_school_teynampet_chennai_ksm_arc_1034548_exteriors_p_anjuman_school_teynampet_chennai_ksm_arc_1034548_p_anjuman_school_teynampet_chennai_ksm_arc_1034548_exteriors_p_anjuman_school_teynampet_chennai_ksm_arc_1034548_exterior_2', 'i_p_anjuman_school_teynampet_chennai_ksm_arc_1034548_exteriors_p_anjuman_school_teynampet_chennai_ksm_arc_1034548_p_anjuman_school_teynampet_chennai_ksm_arc_1034548_exteriors_p_anjuman_school_teynampet_chennai_ksm_arc_1034548_exterior_3', 'i_p_anjuman_school_teynampet_chennai_ksm_arc_1034548_exteriors_p_anjuman_school_teynampet_chennai_ksm_arc_1034548_p_anjuman_school_teynampet_chennai_ksm_arc_1034548_exteriors_p_anjuman_school_teynampet_chennai_ksm_arc_1034548_exterior_4', 'i_p_anjuman_school_teynampet_chennai_ksm_arc_1034548_exteriors_p_anjuman_school_teynampet_chennai_ksm_arc_1034548_p_anjuman_school_teynampet_chennai_ksm_arc_1034548_exteriors_p_anjuman_school_teynampet_chennai_ksm_arc_1034548_exterior_5']",[],Concrete|Glass|Modernist|Institutional|School|Central Courtyard|Sustainable Design|Natural Ventilation|Natural Light|Two-Story|Urban Context|Fragmented Massing|Solar Panels|Rainwater Harvesting|Large Windows|Educational Facilities|Classrooms|Recreational Spaces|Cross Ventilation|Community Space|Modern Architecture|Passive Design Strategies|Concrete Frame Structure|Environmental Comfort|Urban Setting|Landscaped Areas|Educational Architecture|Architectural Innovation,13.0843007,80.2704622,KSM Arc,Chennai,,,2024.0,0.0,2.0
p_anjuman_school_teynampet_chennai_ksm_arc_1034548_interiors_p_anjuman_school_teynampet_chennai_ksm_arc_1034548,Anjuman School Teynampet Chennai Ksm Arc 1034548 Interiors P Anjuman School Teynampet Chennai Ksm Arc,unknown,unknown,unknown,unknown,unknown,"['i_p_anjuman_school_teynampet_chennai_ksm_arc_1034548_interiors_p_anjuman_school_teynampet_chennai_ksm_arc_1034548_p_anjuman_school_teynampet_chennai_ksm_arc_1034548_interiors_p_anjuman_school_teynampet_chennai_ksm_arc_1034548_interior_1', 'i_p_anjuman_school_teynampet_chennai_ksm_arc_1034548_interiors_p_anjuman_school_teynampet_chennai_ksm_arc_1034548_p_anjuman_school_teynampet_chennai_ksm_arc_1034548_interiors_p_anjuman_school_teynampet_chennai_ksm_arc_1034548_interior_2', 'i_p_anjuman_school_teynampet_chennai_ksm_arc_1034548_interiors_p_anjuman_school_teynampet_chennai_ksm_arc_1034548_p_anjuman_school_teynampet_chennai_ksm_arc_1034548_interiors_p_anjuman_school_teynampet_chennai_ksm_arc_1034548_interior_3', 'i_p_anjuman_school_teynampet_chennai_ksm_arc_1034548_interiors_p_anjuman_school_teynampet_chennai_ksm_arc_1034548_p_anjuman_school_teynampet_chennai_ksm_arc_1034548_interiors_p_anjuman_school_teynampet_chennai_ksm_arc_1034548_interior_4', 'i_p_anjuman_school_teynampet_chennai_ksm_arc_1034548_interiors_p_anjuman_school_teynampet_chennai_ksm_arc_1034548_p_anjuman_school_teynampet_chennai_ksm_arc_1034548_interiors_p_anjuman_school_teynampet_chennai_ksm_arc_1034548_interior_5']",[],Concrete|Glass|Modernist|Institutional|School|Central Courtyard|Sustainable Design|Natural Ventilation|Natural Light|Two-Story|Urban Context|Fragmented Massing|Solar Panels|Rainwater Harvesting|Large Windows|Educational Facilities|Classrooms|Recreational Spaces|Cross Ventilation|Community Space|Modern Architecture|Passive Design Strategies|Concrete Frame Structure|Environmental Comfort|Urban Setting|Landscaped Areas|Educational Architecture|Architectural Innovation,13.0843007,80.2704622,KSM Arc,Chennai,,,2024.0,0.0,2.0
p_anren_culture_center_for_sect_of_great_c_1032785_exteriors_p_anren_culture_center_for_sect_of_great_c_1032785,Anren Culture Center For Sect Of Great C 1032785 Exteriors P Anren Culture Center For Sect Of Great C,unknown,unknown,unknown,unknown,unknown,"['i_p_anren_culture_center_for_sect_of_great_c_1032785_exteriors_p_anren_culture_center_for_sect_of_great_c_1032785_p_anren_culture_center_for_sect_of_great_c_1032785_exteriors_p_anren_culture_center_for_sect_of_great_c_1032785_exterior_1', 'i_p_anren_culture_center_for_sect_of_great_c_1032785_exteriors_p_anren_culture_center_for_sect_of_great_c_1032785_p_anren_culture_center_for_sect_of_great_c_1032785_exteriors_p_anren_culture_center_for_sect_of_great_c_1032785_exterior_2', 'i_p_anren_culture_center_for_sect_of_great_c_1032785_exteriors_p_anren_culture_center_for_sect_of_great_c_1032785_p_anren_culture_center_for_sect_of_great_c_1032785_exteriors_p_anren_culture_center_for_sect_of_great_c_1032785_exterior_3', 'i_p_anren_culture_center_for_sect_of_great_c_1032785_exteriors_p_anren_culture_center_for_sect_of_great_c_1032785_p_anren_culture_center_for_sect_of_great_c_1032785_exteriors_p_anren_culture_center_for_sect_of_great_c_1032785_exterior_4', 'i_p_anren_culture_center_for_sect_of_great_c_1032785_exteriors_p_anren_culture_center_for_sect_of_great_c_1032785_p_anren_culture_center_for_sect_of_great_c_1032785_exteriors_p_anren_culture_center_for_sect_of_great_c_1032785_exterior_5']",[],Cultural Center|Anren|Concrete|Glass|Modernist|Sustainable|Natural Ventilation|Community Space|Exhibition Hall|Courtyard|High-Performance Glazing|Vertical Fins|Solar Energy|Landscaped|Urban|Hunan|China|Theater|Art Gallery|Cultural Heritage|Community Engagement|Natural Lighting|Green Architecture|Water Recycling|Local Materials|Open Space|Public Interaction|Landscape Architecture|Accessible Design|Thermal Mass|Daylighting,26.7094199,113.26948,Design Institute of Landscape and Architecture,Anren,,,2024.0,5000.0,2.0
p_anren_culture_center_for_sect_of_great_c_1032785_interiors_p_anren_culture_center_for_sect_of_great_c_1032785,Anren Culture Center For Sect Of Great C 1032785 Interiors P Anren Culture Center For Sect Of Great C,unknown,unknown,unknown,unknown,unknown,"['i_p_anren_culture_center_for_sect_of_great_c_1032785_interiors_p_anren_culture_center_for_sect_of_great_c_1032785_p_anren_culture_center_for_sect_of_great_c_1032785_interiors_p_anren_culture_center_for_sect_of_great_c_1032785_interior_1', 'i_p_anren_culture_center_for_sect_of_great_c_1032785_interiors_p_anren_culture_center_for_sect_of_great_c_1032785_p_anren_culture_center_for_sect_of_great_c_1032785_interiors_p_anren_culture_center_for_sect_of_great_c_1032785_interior_2', 'i_p_anren_culture_center_for_sect_of_great_c_1032785_interiors_p_anren_culture_center_for_sect_of_great_c_1032785_p_anren_culture_center_for_sect_of_great_c_1032785_interiors_p_anren_culture_center_for_sect_of_great_c_1032785_interior_3']",[],Cultural Center|Anren|Concrete|Glass|Modernist|Sustainable|Natural Ventilation|Community Space|Exhibition Hall|Courtyard|High-Performance Glazing|Vertical Fins|Solar Energy|Landscaped|Urban|Hunan|China|Theater|Art Gallery|Cultural Heritage|Community Engagement|Natural Lighting|Green Architecture|Water Recycling|Local Materials|Open Space|Public Interaction|Landscape Architecture|Accessible Design|Thermal Mass|Daylighting,26.7094199,113.26948,Design Institute of Landscape and Architecture,Anren,,,2024.0,5000.0,2.0
p_antonio_raimondi_college_library_territo_1030084_diagrams_p_antonio_raimondi_college_library_territo_1030084,Antonio Raimondi College Library Territo 1030084 Diagrams P Antonio Raimondi College Library Territo,unknown,unknown,unknown,unknown,unknown,"['i_p_antonio_raimondi_college_library_territo_1030084_diagrams_p_antonio_raimondi_college_library_territo_1030084_p_antonio_raimondi_college_library_territo_1030084_diagrams_p_antonio_raimondi_college_library_territo_1030084_diagram_1', 'i_p_antonio_raimondi_college_library_territo_1030084_diagrams_p_antonio_raimondi_college_library_territo_1030084_p_antonio_raimondi_college_library_territo_1030084_diagrams_p_antonio_raimondi_college_library_territo_1030084_diagram_2', 'i_p_antonio_raimondi_college_library_territo_1030084_diagrams_p_antonio_raimondi_college_library_territo_1030084_p_antonio_raimondi_college_library_territo_1030084_diagrams_p_antonio_raimondi_college_library_territo_1030084_diagram_3']",[],Library|Concrete|Glass|Modernist|Open Plan|Central Atrium|Sustainable Design|Green Roof|Natural Ventilation|Study Spaces|Collaborative Areas|Urban|High-Performance Glazing|Solar Panels|Reinforced Concrete|High Insulation|Vertical Fins|Educational Facility|Lima|Peru|Cultural|Institutional|Natural Light|Landscaped Areas|Thermal Mass|Overhangs|Community Engagement|Contemporary Architecture|Architectural Innovation|Environmentally Friendly|Comfort,0.0,0.0,Territo,Lima,,,2024.0,2000.0,2.0
p_antonio_raimondi_college_library_territo_1030084_exteriors_p_antonio_raimondi_college_library_territo_1030084,Antonio Raimondi College Library Territo 1030084 Exteriors P Antonio Raimondi College Library Territo,unknown,unknown,unknown,unknown,unknown,"['i_p_antonio_raimondi_college_library_territo_1030084_exteriors_p_antonio_raimondi_college_library_territo_1030084_p_antonio_raimondi_college_library_territo_1030084_exteriors_p_antonio_raimondi_college_library_territo_1030084_exterior_1', 'i_p_antonio_raimondi_college_library_territo_1030084_exteriors_p_antonio_raimondi_college_library_territo_1030084_p_antonio_raimondi_college_library_territo_1030084_exteriors_p_antonio_raimondi_college_library_territo_1030084_exterior_2']",[],Library|Concrete|Glass|Modernist|Open Plan|Central Atrium|Sustainable Design|Green Roof|Natural Ventilation|Study Spaces|Collaborative Areas|Urban|High-Performance Glazing|Solar Panels|Reinforced Concrete|High Insulation|Vertical Fins|Educational Facility|Lima|Peru|Cultural|Institutional|Natural Light|Landscaped Areas|Thermal Mass|Overhangs|Community Engagement|Contemporary Architecture|Architectural Innovation|Environmentally Friendly|Comfort,0.0,0.0,Territo,Lima,,,2024.0,2000.0,2.0
p_antonio_raimondi_college_library_territo_1030084_interiors_p_antonio_raimondi_college_library_territo_1030084,Antonio Raimondi College Library Territo 1030084 Interiors P Antonio Raimondi College Library Territo,unknown,unknown,unknown,unknown,unknown,"['i_p_antonio_raimondi_college_library_territo_1030084_interiors_p_antonio_raimondi_college_library_territo_1030084_p_antonio_raimondi_college_library_territo_1030084_interiors_p_antonio_raimondi_college_library_territo_1030084_interior_1', 'i_p_antonio_raimondi_college_library_territo_1030084_interiors_p_antonio_raimondi_college_library_territo_1030084_p_antonio_raimondi_college_library_territo_1030084_interiors_p_antonio_raimondi_college_library_territo_1030084_interior_2', 'i_p_antonio_raimondi_college_library_territo_1030084_interiors_p_antonio_raimondi_college_library_territo_1030084_p_antonio_raimondi_college_library_territo_1030084_interiors_p_antonio_raimondi_college_library_territo_1030084_interior_3', 'i_p_antonio_raimondi_college_library_territo_1030084_interiors_p_antonio_raimondi_college_library_territo_1030084_p_antonio_raimondi_college_library_territo_1030084_interiors_p_antonio_raimondi_college_library_territo_1030084_interior_4', 'i_p_antonio_raimondi_college_library_territo_1030084_interiors_p_antonio_raimondi_college_library_territo_1030084_p_antonio_raimondi_college_library_territo_1030084_interiors_p_antonio_raimondi_college_library_territo_1030084_interior_5']",[],Library|Concrete|Glass|Modernist|Open Plan|Central Atrium|Sustainable Design|Green Roof|Natural Ventilation|Study Spaces|Collaborative Areas|Urban|High-Performance Glazing|Solar Panels|Reinforced Concrete|High Insulation|Vertical Fins|Educational Facility|Lima|Peru|Cultural|Institutional|Natural Light|Landscaped Areas|Thermal Mass|Overhangs|Community Engagement|Contemporary Architecture|Architectural Innovation|Environmentally Friendly|Comfort,0.0,0.0,Territo,Lima,,,2024.0,2000.0,2.0
p_as_above_so_below_khaa_kuo_huang_and_ass_1035348_diagrams_p_as_above_so_below_khaa_kuo_huang_and_ass_1035348,As Above So Below Khaa Kuo Huang And Ass 1035348 Diagrams P As Above So Below Khaa Kuo Huang And Ass,unknown,unknown,unknown,unknown,unknown,"['i_p_as_above_so_below_khaa_kuo_huang_and_ass_1035348_diagrams_p_as_above_so_below_khaa_kuo_huang_and_ass_1035348_p_as_above_so_below_khaa_kuo_huang_and_ass_1035348_diagrams_p_as_above_so_below_khaa_kuo_huang_and_ass_1035348_diagram_1', 'i_p_as_above_so_below_khaa_kuo_huang_and_ass_1035348_diagrams_p_as_above_so_below_khaa_kuo_huang_and_ass_1035348_p_as_above_so_below_khaa_kuo_huang_and_ass_1035348_diagrams_p_as_above_so_below_khaa_kuo_huang_and_ass_1035348_diagram_2', 'i_p_as_above_so_below_khaa_kuo_huang_and_ass_1035348_diagrams_p_as_above_so_below_khaa_kuo_huang_and_ass_1035348_p_as_above_so_below_khaa_kuo_huang_and_ass_1035348_diagrams_p_as_above_so_below_khaa_kuo_huang_and_ass_1035348_diagram_3']",[],Concrete|Glass|Modernist|Cultural|Community Space|Exhibition Hall|Natural Ventilation|Daylighting|Green Roof|Sustainable Architecture|Fragmented Massing|Central Circulation|Interactive Spaces|Urban|Taiwan|Contemporary Design,24.525396,120.7731331,Khaa Kuo Huang And Ass,Changhua,,,2024.0,0.0,2.0
p_as_above_so_below_khaa_kuo_huang_and_ass_1035348_exteriors_p_as_above_so_below_khaa_kuo_huang_and_ass_1035348,As Above So Below Khaa Kuo Huang And Ass 1035348 Exteriors P As Above So Below Khaa Kuo Huang And Ass,unknown,unknown,unknown,unknown,unknown,"['i_p_as_above_so_below_khaa_kuo_huang_and_ass_1035348_exteriors_p_as_above_so_below_khaa_kuo_huang_and_ass_1035348_p_as_above_so_below_khaa_kuo_huang_and_ass_1035348_exteriors_p_as_above_so_below_khaa_kuo_huang_and_ass_1035348_exterior_1', 'i_p_as_above_so_below_khaa_kuo_huang_and_ass_1035348_exteriors_p_as_above_so_below_khaa_kuo_huang_and_ass_1035348_p_as_above_so_below_khaa_kuo_huang_and_ass_1035348_exteriors_p_as_above_so_below_khaa_kuo_huang_and_ass_1035348_exterior_2']",[],Concrete|Glass|Modernist|Cultural|Community Space|Exhibition Hall|Natural Ventilation|Daylighting|Green Roof|Sustainable Architecture|Fragmented Massing|Central Circulation|Interactive Spaces|Urban|Taiwan|Contemporary Design,24.525396,120.7731331,Khaa Kuo Huang And Ass,Changhua,,,2024.0,0.0,2.0
p_as_above_so_below_khaa_kuo_huang_and_ass_1035348_interiors_p_as_above_so_below_khaa_kuo_huang_and_ass_1035348,As Above So Below Khaa Kuo Huang And Ass 1035348 Interiors P As Above So Below Khaa Kuo Huang And Ass,unknown,unknown,unknown,unknown,unknown,"['i_p_as_above_so_below_khaa_kuo_huang_and_ass_1035348_interiors_p_as_above_so_below_khaa_kuo_huang_and_ass_1035348_p_as_above_so_below_khaa_kuo_huang_and_ass_1035348_interiors_p_as_above_so_below_khaa_kuo_huang_and_ass_1035348_interior_1', 'i_p_as_above_so_below_khaa_kuo_huang_and_ass_1035348_interiors_p_as_above_so_below_khaa_kuo_huang_and_ass_1035348_p_as_above_so_below_khaa_kuo_huang_and_ass_1035348_interiors_p_as_above_so_below_khaa_kuo_huang_and_ass_1035348_interior_2']",[],Concrete|Glass|Modernist|Cultural|Community Space|Exhibition Hall|Natural Ventilation|Daylighting|Green Roof|Sustainable Architecture|Fragmented Massing|Central Circulation|Interactive Spaces|Urban|Taiwan|Contemporary Design,24.525396,120.7731331,Khaa Kuo Huang And Ass,Changhua,,,2024.0,0.0,2.0
p_as_salam_mosque_archeground_ltd_1030739_diagrams_p_as_salam_mosque_archeground_ltd_1030739,As Salam Mosque Archeground Ltd 1030739 Diagrams P As Salam Mosque Archeground Ltd,unknown,unknown,unknown,unknown,unknown,"['i_p_as_salam_mosque_archeground_ltd_1030739_diagrams_p_as_salam_mosque_archeground_ltd_1030739_p_as_salam_mosque_archeground_ltd_1030739_diagrams_p_as_salam_mosque_archeground_ltd_1030739_diagram_1', 'i_p_as_salam_mosque_archeground_ltd_1030739_diagrams_p_as_salam_mosque_archeground_ltd_1030739_p_as_salam_mosque_archeground_ltd_1030739_diagrams_p_as_salam_mosque_archeground_ltd_1030739_diagram_2', 'i_p_as_salam_mosque_archeground_ltd_1030739_diagrams_p_as_salam_mosque_archeground_ltd_1030739_p_as_salam_mosque_archeground_ltd_1030739_diagrams_p_as_salam_mosque_archeground_ltd_1030739_diagram_3']",[],Mosque|Religious Architecture|Concrete|Glass|Modern|Community Space|Sustainable Design|Tropical Climate|Natural Ventilation|Thermal Mass|Urban Context|Prayer Hall|Community Gathering Space|Minaret|Design Concept|Landscape Integration|Community Engagement|Cultural Context|Vertical Elements|Spatial Organization|Lighting Strategy|Passive Design|Shading|Open Space|Decorative Elements|Environmentally Friendly|Local Materials|Cultural Significance|Architectural Innovation|Fragmented Form,22.6577315,90.9103517,Archeground Ltd,unknown,,,2024.0,0.0,1.0
p_as_salam_mosque_archeground_ltd_1030739_exteriors_p_as_salam_mosque_archeground_ltd_1030739,As Salam Mosque Archeground Ltd 1030739 Exteriors P As Salam Mosque Archeground Ltd,unknown,unknown,unknown,unknown,unknown,"['i_p_as_salam_mosque_archeground_ltd_1030739_exteriors_p_as_salam_mosque_archeground_ltd_1030739_p_as_salam_mosque_archeground_ltd_1030739_exteriors_p_as_salam_mosque_archeground_ltd_1030739_exterior_1', 'i_p_as_salam_mosque_archeground_ltd_1030739_exteriors_p_as_salam_mosque_archeground_ltd_1030739_p_as_salam_mosque_archeground_ltd_1030739_exteriors_p_as_salam_mosque_archeground_ltd_1030739_exterior_2']",[],Mosque|Religious Architecture|Concrete|Glass|Modern|Community Space|Sustainable Design|Tropical Climate|Natural Ventilation|Thermal Mass|Urban Context|Prayer Hall|Community Gathering Space|Minaret|Design Concept|Landscape Integration|Community Engagement|Cultural Context|Vertical Elements|Spatial Organization|Lighting Strategy|Passive Design|Shading|Open Space|Decorative Elements|Environmentally Friendly|Local Materials|Cultural Significance|Architectural Innovation|Fragmented Form,22.6577315,90.9103517,Archeground Ltd,unknown,,,2024.0,0.0,1.0
p_as_salam_mosque_archeground_ltd_1030739_interiors_p_as_salam_mosque_archeground_ltd_1030739,As Salam Mosque Archeground Ltd 1030739 Interiors P As Salam Mosque Archeground Ltd,unknown,unknown,unknown,unknown,unknown,"['i_p_as_salam_mosque_archeground_ltd_1030739_interiors_p_as_salam_mosque_archeground_ltd_1030739_p_as_salam_mosque_archeground_ltd_1030739_interiors_p_as_salam_mosque_archeground_ltd_1030739_interior_1', 'i_p_as_salam_mosque_archeground_ltd_1030739_interiors_p_as_salam_mosque_archeground_ltd_1030739_p_as_salam_mosque_archeground_ltd_1030739_interiors_p_as_salam_mosque_archeground_ltd_1030739_interior_2', 'i_p_as_salam_mosque_archeground_ltd_1030739_interiors_p_as_salam_mosque_archeground_ltd_1030739_p_as_salam_mosque_archeground_ltd_1030739_interiors_p_as_salam_mosque_archeground_ltd_1030739_interior_3', 'i_p_as_salam_mosque_archeground_ltd_1030739_interiors_p_as_salam_mosque_archeground_ltd_1030739_p_as_salam_mosque_archeground_ltd_1030739_interiors_p_as_salam_mosque_archeground_ltd_1030739_interior_4', 'i_p_as_salam_mosque_archeground_ltd_1030739_interiors_p_as_salam_mosque_archeground_ltd_1030739_p_as_salam_mosque_archeground_ltd_1030739_interiors_p_as_salam_mosque_archeground_ltd_1030739_interior_5']",[],Mosque|Religious Architecture|Concrete|Glass|Modern|Community Space|Sustainable Design|Tropical Climate|Natural Ventilation|Thermal Mass|Urban Context|Prayer Hall|Community Gathering Space|Minaret|Design Concept|Landscape Integration|Community Engagement|Cultural Context|Vertical Elements|Spatial Organization|Lighting Strategy|Passive Design|Shading|Open Space|Decorative Elements|Environmentally Friendly|Local Materials|Cultural Significance|Architectural Innovation|Fragmented Form,22.6577315,90.9103517,Archeground Ltd,unknown,,,2024.0,0.0,1.0
p_atipografia_threshold_and_treasure_galle_993445_diagrams_p_atipografia_threshold_and_treasure_galle_993445,Atipografia Threshold And Treasure Galle 993445 Diagrams P Atipografia Threshold And Treasure Galle,unknown,unknown,unknown,unknown,unknown,"['i_p_atipografia_threshold_and_treasure_galle_993445_diagrams_p_atipografia_threshold_and_treasure_galle_993445_p_atipografia_threshold_and_treasure_galle_993445_diagrams_p_atipografia_threshold_and_treasure_galle_993445_diagram_1', 'i_p_atipografia_threshold_and_treasure_galle_993445_diagrams_p_atipografia_threshold_and_treasure_galle_993445_p_atipografia_threshold_and_treasure_galle_993445_diagrams_p_atipografia_threshold_and_treasure_galle_993445_diagram_2', 'i_p_atipografia_threshold_and_treasure_galle_993445_diagrams_p_atipografia_threshold_and_treasure_galle_993445_p_atipografia_threshold_and_treasure_galle_993445_diagrams_p_atipografia_threshold_and_treasure_galle_993445_diagram_3']",[],Concrete|Glass|Modernist|Fragmented|Cultural|Gallery|Exhibition|Community|Open Plan|Natural Ventilation|Rainwater Harvesting|Daylighting|Solar Panels|Contemporary|Urban|Tropical|Passive Design|Interior Courtyard|Polished Concrete|Wood|Landscape Integration|Green Roofs|Interactive Spaces|Exhibition Hall|Art Installation|Mixed-Use|Two-Story|Public Space|Community Engagement|Sustainable Architecture|Low-E Glazing|Environmental Design,45.5217777,11.3355291,Atipografia,Galle,,,2024.0,1500.0,2.0
p_atipografia_threshold_and_treasure_galle_993445_exteriors_p_atipografia_threshold_and_treasure_galle_993445,Atipografia Threshold And Treasure Galle 993445 Exteriors P Atipografia Threshold And Treasure Galle,unknown,unknown,unknown,unknown,unknown,"['i_p_atipografia_threshold_and_treasure_galle_993445_exteriors_p_atipografia_threshold_and_treasure_galle_993445_p_atipografia_threshold_and_treasure_galle_993445_exteriors_p_atipografia_threshold_and_treasure_galle_993445_exterior_1', 'i_p_atipografia_threshold_and_treasure_galle_993445_exteriors_p_atipografia_threshold_and_treasure_galle_993445_p_atipografia_threshold_and_treasure_galle_993445_exteriors_p_atipografia_threshold_and_treasure_galle_993445_exterior_2', 'i_p_atipografia_threshold_and_treasure_galle_993445_exteriors_p_atipografia_threshold_and_treasure_galle_993445_p_atipografia_threshold_and_treasure_galle_993445_exteriors_p_atipografia_threshold_and_treasure_galle_993445_exterior_3']",[],Concrete|Glass|Modernist|Fragmented|Cultural|Gallery|Exhibition|Community|Open Plan|Natural Ventilation|Rainwater Harvesting|Daylighting|Solar Panels|Contemporary|Urban|Tropical|Passive Design|Interior Courtyard|Polished Concrete|Wood|Landscape Integration|Green Roofs|Interactive Spaces|Exhibition Hall|Art Installation|Mixed-Use|Two-Story|Public Space|Community Engagement|Sustainable Architecture|Low-E Glazing|Environmental Design,45.5217777,11.3355291,Atipografia,Galle,,,2024.0,1500.0,2.0
p_atipografia_threshold_and_treasure_galle_993445_interiors_p_atipografia_threshold_and_treasure_galle_993445,Atipografia Threshold And Treasure Galle 993445 Interiors P Atipografia Threshold And Treasure Galle,unknown,unknown,unknown,unknown,unknown,"['i_p_atipografia_threshold_and_treasure_galle_993445_interiors_p_atipografia_threshold_and_treasure_galle_993445_p_atipografia_threshold_and_treasure_galle_993445_interiors_p_atipografia_threshold_and_treasure_galle_993445_interior_1', 'i_p_atipografia_threshold_and_treasure_galle_993445_interiors_p_atipografia_threshold_and_treasure_galle_993445_p_atipografia_threshold_and_treasure_galle_993445_interiors_p_atipografia_threshold_and_treasure_galle_993445_interior_2', 'i_p_atipografia_threshold_and_treasure_galle_993445_interiors_p_atipografia_threshold_and_treasure_galle_993445_p_atipografia_threshold_and_treasure_galle_993445_interiors_p_atipografia_threshold_and_treasure_galle_993445_interior_3', 'i_p_atipografia_threshold_and_treasure_galle_993445_interiors_p_atipografia_threshold_and_treasure_galle_993445_p_atipografia_threshold_and_treasure_galle_993445_interiors_p_atipografia_threshold_and_treasure_galle_993445_interior_4', 'i_p_atipografia_threshold_and_treasure_galle_993445_interiors_p_atipografia_threshold_and_treasure_galle_993445_p_atipografia_threshold_and_treasure_galle_993445_interiors_p_atipografia_threshold_and_treasure_galle_993445_interior_5']",[],Concrete|Glass|Modernist|Fragmented|Cultural|Gallery|Exhibition|Community|Open Plan|Natural Ventilation|Rainwater Harvesting|Daylighting|Solar Panels|Contemporary|Urban|Tropical|Passive Design|Interior Courtyard|Polished Concrete|Wood|Landscape Integration|Green Roofs|Interactive Spaces|Exhibition Hall|Art Installation|Mixed-Use|Two-Story|Public Space|Community Engagement|Sustainable Architecture|Low-E Glazing|Environmental Design,45.5217777,11.3355291,Atipografia,Galle,,,2024.0,1500.0,2.0
p_barrancos_mortuary_mesa_atelier_1033276_diagrams_p_barrancos_mortuary_mesa_atelier_1033276,Barrancos Mortuary Mesa Atelier 1033276 Diagrams P Barrancos Mortuary Mesa Atelier,unknown,unknown,unknown,unknown,unknown,"['i_p_barrancos_mortuary_mesa_atelier_1033276_diagrams_p_barrancos_mortuary_mesa_atelier_1033276_p_barrancos_mortuary_mesa_atelier_1033276_diagrams_p_barrancos_mortuary_mesa_atelier_1033276_diagram_1', 'i_p_barrancos_mortuary_mesa_atelier_1033276_diagrams_p_barrancos_mortuary_mesa_atelier_1033276_p_barrancos_mortuary_mesa_atelier_1033276_diagrams_p_barrancos_mortuary_mesa_atelier_1033276_diagram_2', 'i_p_barrancos_mortuary_mesa_atelier_1033276_diagrams_p_barrancos_mortuary_mesa_atelier_1033276_p_barrancos_mortuary_mesa_atelier_1033276_diagrams_p_barrancos_mortuary_mesa_atelier_1033276_diagram_3']",[],Mortuary|Concrete|Glass|Modernist|Fragmented|Cultural|Warm|Sustainable|Natural Light|Central Circulation|Green Roof|Urban|Andalusia|Memorial Space|Community|Reflection|Mourning|Contemporary Architecture|Integrated Landscape|Natural Ventilation|Thermal Mass|Healing Spaces|Calm|Peaceful|Innovative|Architectural Design,38.1328809,-6.977312599999999,Mesa Atelier,Barrancos,,,2024.0,0.0,1.0
p_barrancos_mortuary_mesa_atelier_1033276_exteriors_p_barrancos_mortuary_mesa_atelier_1033276,Barrancos Mortuary Mesa Atelier 1033276 Exteriors P Barrancos Mortuary Mesa Atelier,unknown,unknown,unknown,unknown,unknown,"['i_p_barrancos_mortuary_mesa_atelier_1033276_exteriors_p_barrancos_mortuary_mesa_atelier_1033276_p_barrancos_mortuary_mesa_atelier_1033276_exteriors_p_barrancos_mortuary_mesa_atelier_1033276_exterior_1', 'i_p_barrancos_mortuary_mesa_atelier_1033276_exteriors_p_barrancos_mortuary_mesa_atelier_1033276_p_barrancos_mortuary_mesa_atelier_1033276_exteriors_p_barrancos_mortuary_mesa_atelier_1033276_exterior_2']",[],Mortuary|Concrete|Glass|Modernist|Fragmented|Cultural|Warm|Sustainable|Natural Light|Central Circulation|Green Roof|Urban|Andalusia|Memorial Space|Community|Reflection|Mourning|Contemporary Architecture|Integrated Landscape|Natural Ventilation|Thermal Mass|Healing Spaces|Calm|Peaceful|Innovative|Architectural Design,38.1328809,-6.977312599999999,Mesa Atelier,Barrancos,,,2024.0,0.0,1.0
p_barrancos_mortuary_mesa_atelier_1033276_interiors_p_barrancos_mortuary_mesa_atelier_1033276,Barrancos Mortuary Mesa Atelier 1033276 Interiors P Barrancos Mortuary Mesa Atelier,unknown,unknown,unknown,unknown,unknown,"['i_p_barrancos_mortuary_mesa_atelier_1033276_interiors_p_barrancos_mortuary_mesa_atelier_1033276_p_barrancos_mortuary_mesa_atelier_1033276_interiors_p_barrancos_mortuary_mesa_atelier_1033276_interior_1', 'i_p_barrancos_mortuary_mesa_atelier_1033276_interiors_p_barrancos_mortuary_mesa_atelier_1033276_p_barrancos_mortuary_mesa_atelier_1033276_interiors_p_barrancos_mortuary_mesa_atelier_1033276_interior_2', 'i_p_barrancos_mortuary_mesa_atelier_1033276_interiors_p_barrancos_mortuary_mesa_atelier_1033276_p_barrancos_mortuary_mesa_atelier_1033276_interiors_p_barrancos_mortuary_mesa_atelier_1033276_interior_3', 'i_p_barrancos_mortuary_mesa_atelier_1033276_interiors_p_barrancos_mortuary_mesa_atelier_1033276_p_barrancos_mortuary_mesa_atelier_1033276_interiors_p_barrancos_mortuary_mesa_atelier_1033276_interior_4', 'i_p_barrancos_mortuary_mesa_atelier_1033276_interiors_p_barrancos_mortuary_mesa_atelier_1033276_p_barrancos_mortuary_mesa_atelier_1033276_interiors_p_barrancos_mortuary_mesa_atelier_1033276_interior_5']",[],Mortuary|Concrete|Glass|Modernist|Fragmented|Cultural|Warm|Sustainable|Natural Light|Central Circulation|Green Roof|Urban|Andalusia|Memorial Space|Community|Reflection|Mourning|Contemporary Architecture|Integrated Landscape|Natural Ventilation|Thermal Mass|Healing Spaces|Calm|Peaceful|Innovative|Architectural Design,38.1328809,-6.977312599999999,Mesa Atelier,Barrancos,,,2024.0,0.0,1.0
p_basilica_di_massenzio_exhibition_pathway_1035088_diagrams_p_basilica_di_massenzio_exhibition_pathway_1035088,Basilica Di Massenzio Exhibition Pathway 1035088 Diagrams P Basilica Di Massenzio Exhibition Pathway,unknown,unknown,unknown,unknown,unknown,['i_p_basilica_di_massenzio_exhibition_pathway_1035088_diagrams_p_basilica_di_massenzio_exhibition_pathway_1035088_p_basilica_di_massenzio_exhibition_pathway_1035088_diagrams_p_basilica_di_massenzio_exhibition_pathway_1035088_diagram_1'],[],Exhibition Pathway|Basilica Di Massenzio|Linear Design|Cultural Architecture|Historical Integration|Museum Quality|Stone Materials|Mediterranean Climate|Natural Shading|Visitor Engagement|Archaeological Context|Site Heritage|Local Materials|Curated Spaces|Urban Environment|Pathway Design|Education|Interactive|Architectural Experience|Art Display|Light And Space|Tourism|Cultural Preservation|Sustainable Architecture|Community Space|Exhibition Design|Urban Archaeology|Pedestrian Access|Landscape Integration|Archaeological Pathway|Historical Preservation,41.8967068,12.4822025,Unknown,Rome,,,2024.0,0.0,0.0
p_basilica_di_massenzio_exhibition_pathway_1035088_exteriors_p_basilica_di_massenzio_exhibition_pathway_1035088,Basilica Di Massenzio Exhibition Pathway 1035088 Exteriors P Basilica Di Massenzio Exhibition Pathway,unknown,unknown,unknown,unknown,unknown,"['i_p_basilica_di_massenzio_exhibition_pathway_1035088_exteriors_p_basilica_di_massenzio_exhibition_pathway_1035088_p_basilica_di_massenzio_exhibition_pathway_1035088_exteriors_p_basilica_di_massenzio_exhibition_pathway_1035088_exterior_1', 'i_p_basilica_di_massenzio_exhibition_pathway_1035088_exteriors_p_basilica_di_massenzio_exhibition_pathway_1035088_p_basilica_di_massenzio_exhibition_pathway_1035088_exteriors_p_basilica_di_massenzio_exhibition_pathway_1035088_exterior_2']",[],Exhibition Pathway|Basilica Di Massenzio|Linear Design|Cultural Architecture|Historical Integration|Museum Quality|Stone Materials|Mediterranean Climate|Natural Shading|Visitor Engagement|Archaeological Context|Site Heritage|Local Materials|Curated Spaces|Urban Environment|Pathway Design|Education|Interactive|Architectural Experience|Art Display|Light And Space|Tourism|Cultural Preservation|Sustainable Architecture|Community Space|Exhibition Design|Urban Archaeology|Pedestrian Access|Landscape Integration|Archaeological Pathway|Historical Preservation,41.8967068,12.4822025,Unknown,Rome,,,2024.0,0.0,0.0
p_basilica_di_massenzio_exhibition_pathway_1035088_interiors_p_basilica_di_massenzio_exhibition_pathway_1035088,Basilica Di Massenzio Exhibition Pathway 1035088 Interiors P Basilica Di Massenzio Exhibition Pathway,unknown,unknown,unknown,unknown,unknown,"['i_p_basilica_di_massenzio_exhibition_pathway_1035088_interiors_p_basilica_di_massenzio_exhibition_pathway_1035088_p_basilica_di_massenzio_exhibition_pathway_1035088_interiors_p_basilica_di_massenzio_exhibition_pathway_1035088_interior_1', 'i_p_basilica_di_massenzio_exhibition_pathway_1035088_interiors_p_basilica_di_massenzio_exhibition_pathway_1035088_p_basilica_di_massenzio_exhibition_pathway_1035088_interiors_p_basilica_di_massenzio_exhibition_pathway_1035088_interior_2']",[],Exhibition Pathway|Basilica Di Massenzio|Linear Design|Cultural Architecture|Historical Integration|Museum Quality|Stone Materials|Mediterranean Climate|Natural Shading|Visitor Engagement|Archaeological Context|Site Heritage|Local Materials|Curated Spaces|Urban Environment|Pathway Design|Education|Interactive|Architectural Experience|Art Display|Light And Space|Tourism|Cultural Preservation|Sustainable Architecture|Community Space|Exhibition Design|Urban Archaeology|Pedestrian Access|Landscape Integration|Archaeological Pathway|Historical Preservation,41.8967068,12.4822025,Unknown,Rome,,,2024.0,0.0,0.0
p_beijing_751_library_do_union_architectur_1020683_diagrams_p_beijing_751_library_do_union_architectur_1020683,Beijing 751 Library Do Union Architectur 1020683 Diagrams P Beijing 751 Library Do Union Architectur,unknown,unknown,unknown,unknown,unknown,"['i_p_beijing_751_library_do_union_architectur_1020683_diagrams_p_beijing_751_library_do_union_architectur_1020683_p_beijing_751_library_do_union_architectur_1020683_diagrams_p_beijing_751_library_do_union_architectur_1020683_diagram_1', 'i_p_beijing_751_library_do_union_architectur_1020683_diagrams_p_beijing_751_library_do_union_architectur_1020683_p_beijing_751_library_do_union_architectur_1020683_diagrams_p_beijing_751_library_do_union_architectur_1020683_diagram_2', 'i_p_beijing_751_library_do_union_architectur_1020683_diagrams_p_beijing_751_library_do_union_architectur_1020683_p_beijing_751_library_do_union_architectur_1020683_diagrams_p_beijing_751_library_do_union_architectur_1020683_diagram_3']",[],Library|Concrete|Glass|Modernist|Institutional|Public Space|Community|Sustainable Design|Central Atrium|Natural Ventilation|High-Performance Glazing|Urban|Cultural Hub|Reading Room|Green Roof|Solar Panels|Flexible Spaces|Accessible Design|Pedestrian Pathways|Interior Wood|Lighting Design|Library Typology|International Architecture|2024 Completion|Do Union Architect|Beijing|Contemporary Architecture|Community Engagement|Public Architecture|Educational Space|Natural Lighting|Urban Design,39.904211,116.407395,Do Union Architect,Beijing,,,2024.0,2500.0,3.0
p_beijing_751_library_do_union_architectur_1020683_exteriors_p_beijing_751_library_do_union_architectur_1020683,Beijing 751 Library Do Union Architectur 1020683 Exteriors P Beijing 751 Library Do Union Architectur,unknown,unknown,unknown,unknown,unknown,"['i_p_beijing_751_library_do_union_architectur_1020683_exteriors_p_beijing_751_library_do_union_architectur_1020683_p_beijing_751_library_do_union_architectur_1020683_exteriors_p_beijing_751_library_do_union_architectur_1020683_exterior_1', 'i_p_beijing_751_library_do_union_architectur_1020683_exteriors_p_beijing_751_library_do_union_architectur_1020683_p_beijing_751_library_do_union_architectur_1020683_exteriors_p_beijing_751_library_do_union_architectur_1020683_exterior_2']",[],Library|Concrete|Glass|Modernist|Institutional|Public Space|Community|Sustainable Design|Central Atrium|Natural Ventilation|High-Performance Glazing|Urban|Cultural Hub|Reading Room|Green Roof|Solar Panels|Flexible Spaces|Accessible Design|Pedestrian Pathways|Interior Wood|Lighting Design|Library Typology|International Architecture|2024 Completion|Do Union Architect|Beijing|Contemporary Architecture|Community Engagement|Public Architecture|Educational Space|Natural Lighting|Urban Design,39.904211,116.407395,Do Union Architect,Beijing,,,2024.0,2500.0,3.0
p_beijing_751_library_do_union_architectur_1020683_interiors_p_beijing_751_library_do_union_architectur_1020683,Beijing 751 Library Do Union Architectur 1020683 Interiors P Beijing 751 Library Do Union Architectur,unknown,unknown,unknown,unknown,unknown,"['i_p_beijing_751_library_do_union_architectur_1020683_interiors_p_beijing_751_library_do_union_architectur_1020683_p_beijing_751_library_do_union_architectur_1020683_interiors_p_beijing_751_library_do_union_architectur_1020683_interior_1', 'i_p_beijing_751_library_do_union_architectur_1020683_interiors_p_beijing_751_library_do_union_architectur_1020683_p_beijing_751_library_do_union_architectur_1020683_interiors_p_beijing_751_library_do_union_architectur_1020683_interior_2']",[],Library|Concrete|Glass|Modernist|Institutional|Public Space|Community|Sustainable Design|Central Atrium|Natural Ventilation|High-Performance Glazing|Urban|Cultural Hub|Reading Room|Green Roof|Solar Panels|Flexible Spaces|Accessible Design|Pedestrian Pathways|Interior Wood|Lighting Design|Library Typology|International Architecture|2024 Completion|Do Union Architect|Beijing|Contemporary Architecture|Community Engagement|Public Architecture|Educational Space|Natural Lighting|Urban Design,39.904211,116.407395,Do Union Architect,Beijing,,,2024.0,2500.0,3.0
p_beijing_sub_center_library_sn_hetta_1024024_diagrams_p_beijing_sub_center_library_sn_hetta_1024024,Beijing Sub Center Library Sn Hetta 1024024 Diagrams P Beijing Sub Center Library Sn Hetta,unknown,unknown,unknown,unknown,unknown,"['i_p_beijing_sub_center_library_sn_hetta_1024024_diagrams_p_beijing_sub_center_library_sn_hetta_1024024_p_beijing_sub_center_library_sn_hetta_1024024_diagrams_p_beijing_sub_center_library_sn_hetta_1024024_diagram_1', 'i_p_beijing_sub_center_library_sn_hetta_1024024_diagrams_p_beijing_sub_center_library_sn_hetta_1024024_p_beijing_sub_center_library_sn_hetta_1024024_diagrams_p_beijing_sub_center_library_sn_hetta_1024024_diagram_2']",[],Beijing|Library|Snøhetta|Contemporary|Public Space|Sustainability|Green Roof|Community Center|Cultural Architecture|Natural Ventilation|Glass Facade|Steel Structure|Urban Design|Interactive Spaces|Educational|Modernist|Innovative|Public Library|Architectural Landmark|Natural Lighting|Energy Efficient|Landscape Design|Modern Architecture|Public Amenities|Civic Building|Urban Center|Reading Rooms|Exhibition Space|Thermal Efficiency|Civic Engagement|Connectivity|Urban Library,39.7485799,116.5629299,Snøhetta,Beijing,,,2024.0,0.0,0.0
p_beijing_sub_center_library_sn_hetta_1024024_exteriors_p_beijing_sub_center_library_sn_hetta_1024024,Beijing Sub Center Library Sn Hetta 1024024 Exteriors P Beijing Sub Center Library Sn Hetta,unknown,unknown,unknown,unknown,unknown,"['i_p_beijing_sub_center_library_sn_hetta_1024024_exteriors_p_beijing_sub_center_library_sn_hetta_1024024_p_beijing_sub_center_library_sn_hetta_1024024_exteriors_p_beijing_sub_center_library_sn_hetta_1024024_exterior_1', 'i_p_beijing_sub_center_library_sn_hetta_1024024_exteriors_p_beijing_sub_center_library_sn_hetta_1024024_p_beijing_sub_center_library_sn_hetta_1024024_exteriors_p_beijing_sub_center_library_sn_hetta_1024024_exterior_2']",[],Beijing|Library|Snøhetta|Contemporary|Public Space|Sustainability|Green Roof|Community Center|Cultural Architecture|Natural Ventilation|Glass Facade|Steel Structure|Urban Design|Interactive Spaces|Educational|Modernist|Innovative|Public Library|Architectural Landmark|Natural Lighting|Energy Efficient|Landscape Design|Modern Architecture|Public Amenities|Civic Building|Urban Center|Reading Rooms|Exhibition Space|Thermal Efficiency|Civic Engagement|Connectivity|Urban Library,39.7485799,116.5629299,Snøhetta,Beijing,,,2024.0,0.0,0.0
p_beijing_sub_center_library_sn_hetta_1024024_interiors_p_beijing_sub_center_library_sn_hetta_1024024,Beijing Sub Center Library Sn Hetta 1024024 Interiors P Beijing Sub Center Library Sn Hetta,unknown,unknown,unknown,unknown,unknown,"['i_p_beijing_sub_center_library_sn_hetta_1024024_interiors_p_beijing_sub_center_library_sn_hetta_1024024_p_beijing_sub_center_library_sn_hetta_1024024_interiors_p_beijing_sub_center_library_sn_hetta_1024024_interior_1', 'i_p_beijing_sub_center_library_sn_hetta_1024024_interiors_p_beijing_sub_center_library_sn_hetta_1024024_p_beijing_sub_center_library_sn_hetta_1024024_interiors_p_beijing_sub_center_library_sn_hetta_1024024_interior_2', 'i_p_beijing_sub_center_library_sn_hetta_1024024_interiors_p_beijing_sub_center_library_sn_hetta_1024024_p_beijing_sub_center_library_sn_hetta_1024024_interiors_p_beijing_sub_center_library_sn_hetta_1024024_interior_3', 'i_p_beijing_sub_center_library_sn_hetta_1024024_interiors_p_beijing_sub_center_library_sn_hetta_1024024_p_beijing_sub_center_library_sn_hetta_1024024_interiors_p_beijing_sub_center_library_sn_hetta_1024024_interior_4']",[],Beijing|Library|Snøhetta|Contemporary|Public Space|Sustainability|Green Roof|Community Center|Cultural Architecture|Natural Ventilation|Glass Facade|Steel Structure|Urban Design|Interactive Spaces|Educational|Modernist|Innovative|Public Library|Architectural Landmark|Natural Lighting|Energy Efficient|Landscape Design|Modern Architecture|Public Amenities|Civic Building|Urban Center|Reading Rooms|Exhibition Space|Thermal Efficiency|Civic Engagement|Connectivity|Urban Library,39.7485799,116.5629299,Snøhetta,Beijing,,,2024.0,0.0,0.0
p_bloomberg_student_center_big_rockwell_gr_1035127_exteriors_p_bloomberg_student_center_big_rockwell_gr_1035127,Bloomberg Student Center Big Rockwell Gr 1035127 Exteriors P Bloomberg Student Center Big Rockwell Gr,unknown,unknown,unknown,unknown,unknown,"['i_p_bloomberg_student_center_big_rockwell_gr_1035127_exteriors_p_bloomberg_student_center_big_rockwell_gr_1035127_p_bloomberg_student_center_big_rockwell_gr_1035127_exteriors_p_bloomberg_student_center_big_rockwell_gr_1035127_exterior_1', 'i_p_bloomberg_student_center_big_rockwell_gr_1035127_exteriors_p_bloomberg_student_center_big_rockwell_gr_1035127_p_bloomberg_student_center_big_rockwell_gr_1035127_exteriors_p_bloomberg_student_center_big_rockwell_gr_1035127_exterior_2', 'i_p_bloomberg_student_center_big_rockwell_gr_1035127_exteriors_p_bloomberg_student_center_big_rockwell_gr_1035127_p_bloomberg_student_center_big_rockwell_gr_1035127_exteriors_p_bloomberg_student_center_big_rockwell_gr_1035127_exterior_3', 'i_p_bloomberg_student_center_big_rockwell_gr_1035127_exteriors_p_bloomberg_student_center_big_rockwell_gr_1035127_p_bloomberg_student_center_big_rockwell_gr_1035127_exteriors_p_bloomberg_student_center_big_rockwell_gr_1035127_exterior_4', 'i_p_bloomberg_student_center_big_rockwell_gr_1035127_exteriors_p_bloomberg_student_center_big_rockwell_gr_1035127_p_bloomberg_student_center_big_rockwell_gr_1035127_exteriors_p_bloomberg_student_center_big_rockwell_gr_1035127_exterior_5']",[],Student Center|Rockwell Group|Glass|Steel|Modernist|Open Plan|Social Spaces|Sustainability|Natural Ventilation|Green Roof|Daylighting|Urban Design|Flexible Spaces|Interior Courtyard|Community|Baltimore|Institutional|Building Renovation|High-Performance|Environmental Design|Engagement|Landscape Architecture|Educational Facilities|Inclusive Design|Modern Architecture|Public Space|Adaptive Reuse|Student Engagement|Collaborative Spaces,39.2905023,-76.6104072,Rockwell Group,Baltimore,,,2024.0,0.0,3.0
p_bloomberg_student_center_big_rockwell_gr_1035127_interiors_p_bloomberg_student_center_big_rockwell_gr_1035127,Bloomberg Student Center Big Rockwell Gr 1035127 Interiors P Bloomberg Student Center Big Rockwell Gr,unknown,unknown,unknown,unknown,unknown,"['i_p_bloomberg_student_center_big_rockwell_gr_1035127_interiors_p_bloomberg_student_center_big_rockwell_gr_1035127_p_bloomberg_student_center_big_rockwell_gr_1035127_interiors_p_bloomberg_student_center_big_rockwell_gr_1035127_interior_1', 'i_p_bloomberg_student_center_big_rockwell_gr_1035127_interiors_p_bloomberg_student_center_big_rockwell_gr_1035127_p_bloomberg_student_center_big_rockwell_gr_1035127_interiors_p_bloomberg_student_center_big_rockwell_gr_1035127_interior_2', 'i_p_bloomberg_student_center_big_rockwell_gr_1035127_interiors_p_bloomberg_student_center_big_rockwell_gr_1035127_p_bloomberg_student_center_big_rockwell_gr_1035127_interiors_p_bloomberg_student_center_big_rockwell_gr_1035127_interior_3', 'i_p_bloomberg_student_center_big_rockwell_gr_1035127_interiors_p_bloomberg_student_center_big_rockwell_gr_1035127_p_bloomberg_student_center_big_rockwell_gr_1035127_interiors_p_bloomberg_student_center_big_rockwell_gr_1035127_interior_4']",[],Student Center|Rockwell Group|Glass|Steel|Modernist|Open Plan|Social Spaces|Sustainability|Natural Ventilation|Green Roof|Daylighting|Urban Design|Flexible Spaces|Interior Courtyard|Community|Baltimore|Institutional|Building Renovation|High-Performance|Environmental Design|Engagement|Landscape Architecture|Educational Facilities|Inclusive Design|Modern Architecture|Public Space|Adaptive Reuse|Student Engagement|Collaborative Spaces,39.2905023,-76.6104072,Rockwell Group,Baltimore,,,2024.0,0.0,3.0
p_brixen_public_library_carlana_mezzalira_1026833_diagrams_p_brixen_public_library_carlana_mezzalira_1026833,Brixen Public Library Carlana Mezzalira 1026833 Diagrams P Brixen Public Library Carlana Mezzalira,unknown,unknown,unknown,unknown,unknown,"['i_p_brixen_public_library_carlana_mezzalira_1026833_diagrams_p_brixen_public_library_carlana_mezzalira_1026833_p_brixen_public_library_carlana_mezzalira_1026833_diagrams_p_brixen_public_library_carlana_mezzalira_1026833_diagram_1', 'i_p_brixen_public_library_carlana_mezzalira_1026833_diagrams_p_brixen_public_library_carlana_mezzalira_1026833_p_brixen_public_library_carlana_mezzalira_1026833_diagrams_p_brixen_public_library_carlana_mezzalira_1026833_diagram_2', 'i_p_brixen_public_library_carlana_mezzalira_1026833_diagrams_p_brixen_public_library_carlana_mezzalira_1026833_p_brixen_public_library_carlana_mezzalira_1026833_diagrams_p_brixen_public_library_carlana_mezzalira_1026833_diagram_3']",[],Library|Public Building|Sustainability|Community Space|Contemporary Architecture|Timber|Glass|Concrete|Urban Integration|Daylighting|Natural Ventilation|Green Roof|Energy Efficiency|Brixen|Italy|Carlana Mezzalira|Modern Design|Spatial Organization|Reading Room|Study Area|Cultural Hub|Event Space|Architectural Innovation|Concrete Frame|Ventilated Facade|Public Accessibility|Urban Context|Thermal Mass|Modular Design|Environmental Design,46.7104236,11.6524696,Carlana Mezzalira,Brixen,,,2024.0,0.0,2.0
p_brixen_public_library_carlana_mezzalira_1026833_exteriors_p_brixen_public_library_carlana_mezzalira_1026833,Brixen Public Library Carlana Mezzalira 1026833 Exteriors P Brixen Public Library Carlana Mezzalira,unknown,unknown,unknown,unknown,unknown,"['i_p_brixen_public_library_carlana_mezzalira_1026833_exteriors_p_brixen_public_library_carlana_mezzalira_1026833_p_brixen_public_library_carlana_mezzalira_1026833_exteriors_p_brixen_public_library_carlana_mezzalira_1026833_exterior_1', 'i_p_brixen_public_library_carlana_mezzalira_1026833_exteriors_p_brixen_public_library_carlana_mezzalira_1026833_p_brixen_public_library_carlana_mezzalira_1026833_exteriors_p_brixen_public_library_carlana_mezzalira_1026833_exterior_2', 'i_p_brixen_public_library_carlana_mezzalira_1026833_exteriors_p_brixen_public_library_carlana_mezzalira_1026833_p_brixen_public_library_carlana_mezzalira_1026833_exteriors_p_brixen_public_library_carlana_mezzalira_1026833_exterior_3', 'i_p_brixen_public_library_carlana_mezzalira_1026833_exteriors_p_brixen_public_library_carlana_mezzalira_1026833_p_brixen_public_library_carlana_mezzalira_1026833_exteriors_p_brixen_public_library_carlana_mezzalira_1026833_exterior_4', 'i_p_brixen_public_library_carlana_mezzalira_1026833_exteriors_p_brixen_public_library_carlana_mezzalira_1026833_p_brixen_public_library_carlana_mezzalira_1026833_exteriors_p_brixen_public_library_carlana_mezzalira_1026833_exterior_5']",[],Library|Public Building|Sustainability|Community Space|Contemporary Architecture|Timber|Glass|Concrete|Urban Integration|Daylighting|Natural Ventilation|Green Roof|Energy Efficiency|Brixen|Italy|Carlana Mezzalira|Modern Design|Spatial Organization|Reading Room|Study Area|Cultural Hub|Event Space|Architectural Innovation|Concrete Frame|Ventilated Facade|Public Accessibility|Urban Context|Thermal Mass|Modular Design|Environmental Design,46.7104236,11.6524696,Carlana Mezzalira,Brixen,,,2024.0,0.0,2.0
p_brixen_public_library_carlana_mezzalira_1026833_interiors_p_brixen_public_library_carlana_mezzalira_1026833,Brixen Public Library Carlana Mezzalira 1026833 Interiors P Brixen Public Library Carlana Mezzalira,unknown,unknown,unknown,unknown,unknown,"['i_p_brixen_public_library_carlana_mezzalira_1026833_interiors_p_brixen_public_library_carlana_mezzalira_1026833_p_brixen_public_library_carlana_mezzalira_1026833_interiors_p_brixen_public_library_carlana_mezzalira_1026833_interior_1', 'i_p_brixen_public_library_carlana_mezzalira_1026833_interiors_p_brixen_public_library_carlana_mezzalira_1026833_p_brixen_public_library_carlana_mezzalira_1026833_interiors_p_brixen_public_library_carlana_mezzalira_1026833_interior_2', 'i_p_brixen_public_library_carlana_mezzalira_1026833_interiors_p_brixen_public_library_carlana_mezzalira_1026833_p_brixen_public_library_carlana_mezzalira_1026833_interiors_p_brixen_public_library_carlana_mezzalira_1026833_interior_3', 'i_p_brixen_public_library_carlana_mezzalira_1026833_interiors_p_brixen_public_library_carlana_mezzalira_1026833_p_brixen_public_library_carlana_mezzalira_1026833_interiors_p_brixen_public_library_carlana_mezzalira_1026833_interior_4', 'i_p_brixen_public_library_carlana_mezzalira_1026833_interiors_p_brixen_public_library_carlana_mezzalira_1026833_p_brixen_public_library_carlana_mezzalira_1026833_interiors_p_brixen_public_library_carlana_mezzalira_1026833_interior_5']",[],Library|Public Building|Sustainability|Community Space|Contemporary Architecture|Timber|Glass|Concrete|Urban Integration|Daylighting|Natural Ventilation|Green Roof|Energy Efficiency|Brixen|Italy|Carlana Mezzalira|Modern Design|Spatial Organization|Reading Room|Study Area|Cultural Hub|Event Space|Architectural Innovation|Concrete Frame|Ventilated Facade|Public Accessibility|Urban Context|Thermal Mass|Modular Design|Environmental Design,46.7104236,11.6524696,Carlana Mezzalira,Brixen,,,2024.0,0.0,2.0
p_calder_gardens_museum_herzog_de_meuron_1034362_diagrams_p_calder_gardens_museum_herzog_de_meuron_1034362,Calder Gardens Museum Herzog De Meuron 1034362 Diagrams P Calder Gardens Museum Herzog De Meuron,unknown,unknown,unknown,unknown,unknown,"['i_p_calder_gardens_museum_herzog_de_meuron_1034362_diagrams_p_calder_gardens_museum_herzog_de_meuron_1034362_p_calder_gardens_museum_herzog_de_meuron_1034362_diagrams_p_calder_gardens_museum_herzog_de_meuron_1034362_diagram_1', 'i_p_calder_gardens_museum_herzog_de_meuron_1034362_diagrams_p_calder_gardens_museum_herzog_de_meuron_1034362_p_calder_gardens_museum_herzog_de_meuron_1034362_diagrams_p_calder_gardens_museum_herzog_de_meuron_1034362_diagram_2', 'i_p_calder_gardens_museum_herzog_de_meuron_1034362_diagrams_p_calder_gardens_museum_herzog_de_meuron_1034362_p_calder_gardens_museum_herzog_de_meuron_1034362_diagrams_p_calder_gardens_museum_herzog_de_meuron_1034362_diagram_3']",[],Museum|Herzog & De Meuron|Concrete|Glass|Modernist|Fragmented|Central Atrium|Natural Ventilation|Sustainable Design|East-West Orientation|Community Space|Art Exhibitions|Urban Context|Daylighting|Green Roof|Rainwater Harvesting|Thermally Efficient|High-Performance Glazing|Museum Design|Cultural Institution|Polished Concrete|Landscape Integration|Interior Wood Paneling|Led Lighting|Solar Energy|Public Engagement|Education|Art And Culture|Architectural Innovation|Urban Landscaping|Interactive Design,39.9525839,-75.1652215,Herzog & de Meuron,Philadelphia,,,2024.0,0.0,0.0
p_calder_gardens_museum_herzog_de_meuron_1034362_exteriors_p_calder_gardens_museum_herzog_de_meuron_1034362,Calder Gardens Museum Herzog De Meuron 1034362 Exteriors P Calder Gardens Museum Herzog De Meuron,unknown,unknown,unknown,unknown,unknown,"['i_p_calder_gardens_museum_herzog_de_meuron_1034362_exteriors_p_calder_gardens_museum_herzog_de_meuron_1034362_p_calder_gardens_museum_herzog_de_meuron_1034362_exteriors_p_calder_gardens_museum_herzog_de_meuron_1034362_exterior_1', 'i_p_calder_gardens_museum_herzog_de_meuron_1034362_exteriors_p_calder_gardens_museum_herzog_de_meuron_1034362_p_calder_gardens_museum_herzog_de_meuron_1034362_exteriors_p_calder_gardens_museum_herzog_de_meuron_1034362_exterior_2', 'i_p_calder_gardens_museum_herzog_de_meuron_1034362_exteriors_p_calder_gardens_museum_herzog_de_meuron_1034362_p_calder_gardens_museum_herzog_de_meuron_1034362_exteriors_p_calder_gardens_museum_herzog_de_meuron_1034362_exterior_3', 'i_p_calder_gardens_museum_herzog_de_meuron_1034362_exteriors_p_calder_gardens_museum_herzog_de_meuron_1034362_p_calder_gardens_museum_herzog_de_meuron_1034362_exteriors_p_calder_gardens_museum_herzog_de_meuron_1034362_exterior_4', 'i_p_calder_gardens_museum_herzog_de_meuron_1034362_exteriors_p_calder_gardens_museum_herzog_de_meuron_1034362_p_calder_gardens_museum_herzog_de_meuron_1034362_exteriors_p_calder_gardens_museum_herzog_de_meuron_1034362_exterior_5']",[],Museum|Herzog & De Meuron|Concrete|Glass|Modernist|Fragmented|Central Atrium|Natural Ventilation|Sustainable Design|East-West Orientation|Community Space|Art Exhibitions|Urban Context|Daylighting|Green Roof|Rainwater Harvesting|Thermally Efficient|High-Performance Glazing|Museum Design|Cultural Institution|Polished Concrete|Landscape Integration|Interior Wood Paneling|Led Lighting|Solar Energy|Public Engagement|Education|Art And Culture|Architectural Innovation|Urban Landscaping|Interactive Design,39.9525839,-75.1652215,Herzog & de Meuron,Philadelphia,,,2024.0,0.0,0.0
p_calder_gardens_museum_herzog_de_meuron_1034362_interiors_p_calder_gardens_museum_herzog_de_meuron_1034362,Calder Gardens Museum Herzog De Meuron 1034362 Interiors P Calder Gardens Museum Herzog De Meuron,unknown,unknown,unknown,unknown,unknown,"['i_p_calder_gardens_museum_herzog_de_meuron_1034362_interiors_p_calder_gardens_museum_herzog_de_meuron_1034362_p_calder_gardens_museum_herzog_de_meuron_1034362_interiors_p_calder_gardens_museum_herzog_de_meuron_1034362_interior_1', 'i_p_calder_gardens_museum_herzog_de_meuron_1034362_interiors_p_calder_gardens_museum_herzog_de_meuron_1034362_p_calder_gardens_museum_herzog_de_meuron_1034362_interiors_p_calder_gardens_museum_herzog_de_meuron_1034362_interior_2', 'i_p_calder_gardens_museum_herzog_de_meuron_1034362_interiors_p_calder_gardens_museum_herzog_de_meuron_1034362_p_calder_gardens_museum_herzog_de_meuron_1034362_interiors_p_calder_gardens_museum_herzog_de_meuron_1034362_interior_3', 'i_p_calder_gardens_museum_herzog_de_meuron_1034362_interiors_p_calder_gardens_museum_herzog_de_meuron_1034362_p_calder_gardens_museum_herzog_de_meuron_1034362_interiors_p_calder_gardens_museum_herzog_de_meuron_1034362_interior_4', 'i_p_calder_gardens_museum_herzog_de_meuron_1034362_interiors_p_calder_gardens_museum_herzog_de_meuron_1034362_p_calder_gardens_museum_herzog_de_meuron_1034362_interiors_p_calder_gardens_museum_herzog_de_meuron_1034362_interior_5']",[],Museum|Herzog & De Meuron|Concrete|Glass|Modernist|Fragmented|Central Atrium|Natural Ventilation|Sustainable Design|East-West Orientation|Community Space|Art Exhibitions|Urban Context|Daylighting|Green Roof|Rainwater Harvesting|Thermally Efficient|High-Performance Glazing|Museum Design|Cultural Institution|Polished Concrete|Landscape Integration|Interior Wood Paneling|Led Lighting|Solar Energy|Public Engagement|Education|Art And Culture|Architectural Innovation|Urban Landscaping|Interactive Design,39.9525839,-75.1652215,Herzog & de Meuron,Philadelphia,,,2024.0,0.0,0.0
p_canopy_blue_temple_1035642_diagrams_p_canopy_blue_temple_1035642,Canopy Blue Temple 1035642 Diagrams P Canopy Blue Temple,unknown,unknown,unknown,unknown,unknown,"['i_p_canopy_blue_temple_1035642_diagrams_p_canopy_blue_temple_1035642_p_canopy_blue_temple_1035642_diagrams_p_canopy_blue_temple_1035642_diagram_1', 'i_p_canopy_blue_temple_1035642_diagrams_p_canopy_blue_temple_1035642_p_canopy_blue_temple_1035642_diagrams_p_canopy_blue_temple_1035642_diagram_2', 'i_p_canopy_blue_temple_1035642_diagrams_p_canopy_blue_temple_1035642_p_canopy_blue_temple_1035642_diagrams_p_canopy_blue_temple_1035642_diagram_3']",[],Glass|Timber|Modernist|Religious|Open Plan|Natural Ventilation|Sustainability|Solar Panels|Community Space|Tropical|Cultural|Ceramic|Daylighting|Flat Site|Rural|Integration With Nature|Low-Emissivity|Thermal Mass|Blue|Pavilion|Central Circulation|Ceremonial Space|Cross Ventilation|Local Materials|Passive Cooling|Durable|Worship Area|Congregational|Landscaped|Environmentally Friendly|Ecological Design,0.0,0.0,Unknown,Unknown,,,2024.0,0.0,1.0
p_canopy_blue_temple_1035642_exteriors_p_canopy_blue_temple_1035642,Canopy Blue Temple 1035642 Exteriors P Canopy Blue Temple,unknown,unknown,unknown,unknown,unknown,"['i_p_canopy_blue_temple_1035642_exteriors_p_canopy_blue_temple_1035642_p_canopy_blue_temple_1035642_exteriors_p_canopy_blue_temple_1035642_exterior_1', 'i_p_canopy_blue_temple_1035642_exteriors_p_canopy_blue_temple_1035642_p_canopy_blue_temple_1035642_exteriors_p_canopy_blue_temple_1035642_exterior_2']",[],Glass|Timber|Modernist|Religious|Open Plan|Natural Ventilation|Sustainability|Solar Panels|Community Space|Tropical|Cultural|Ceramic|Daylighting|Flat Site|Rural|Integration With Nature|Low-Emissivity|Thermal Mass|Blue|Pavilion|Central Circulation|Ceremonial Space|Cross Ventilation|Local Materials|Passive Cooling|Durable|Worship Area|Congregational|Landscaped|Environmentally Friendly|Ecological Design,0.0,0.0,Unknown,Unknown,,,2024.0,0.0,1.0
p_canopy_blue_temple_1035642_interiors_p_canopy_blue_temple_1035642,Canopy Blue Temple 1035642 Interiors P Canopy Blue Temple,unknown,unknown,unknown,unknown,unknown,"['i_p_canopy_blue_temple_1035642_interiors_p_canopy_blue_temple_1035642_p_canopy_blue_temple_1035642_interiors_p_canopy_blue_temple_1035642_interior_1', 'i_p_canopy_blue_temple_1035642_interiors_p_canopy_blue_temple_1035642_p_canopy_blue_temple_1035642_interiors_p_canopy_blue_temple_1035642_interior_2', 'i_p_canopy_blue_temple_1035642_interiors_p_canopy_blue_temple_1035642_p_canopy_blue_temple_1035642_interiors_p_canopy_blue_temple_1035642_interior_3', 'i_p_canopy_blue_temple_1035642_interiors_p_canopy_blue_temple_1035642_p_canopy_blue_temple_1035642_interiors_p_canopy_blue_temple_1035642_interior_4', 'i_p_canopy_blue_temple_1035642_interiors_p_canopy_blue_temple_1035642_p_canopy_blue_temple_1035642_interiors_p_canopy_blue_temple_1035642_interior_5']",[],Glass|Timber|Modernist|Religious|Open Plan|Natural Ventilation|Sustainability|Solar Panels|Community Space|Tropical|Cultural|Ceramic|Daylighting|Flat Site|Rural|Integration With Nature|Low-Emissivity|Thermal Mass|Blue|Pavilion|Central Circulation|Ceremonial Space|Cross Ventilation|Local Materials|Passive Cooling|Durable|Worship Area|Congregational|Landscaped|Environmentally Friendly|Ecological Design,0.0,0.0,Unknown,Unknown,,,2024.0,0.0,1.0
p_center_for_intangible_cultural_heritage_1035396_diagrams_p_center_for_intangible_cultural_heritage_1035396,Center For Intangible Cultural Heritage 1035396 Diagrams P Center For Intangible Cultural Heritage,unknown,unknown,unknown,unknown,unknown,"['i_p_center_for_intangible_cultural_heritage_1035396_diagrams_p_center_for_intangible_cultural_heritage_1035396_p_center_for_intangible_cultural_heritage_1035396_diagrams_p_center_for_intangible_cultural_heritage_1035396_diagram_1', 'i_p_center_for_intangible_cultural_heritage_1035396_diagrams_p_center_for_intangible_cultural_heritage_1035396_p_center_for_intangible_cultural_heritage_1035396_diagrams_p_center_for_intangible_cultural_heritage_1035396_diagram_2', 'i_p_center_for_intangible_cultural_heritage_1035396_diagrams_p_center_for_intangible_cultural_heritage_1035396_p_center_for_intangible_cultural_heritage_1035396_diagrams_p_center_for_intangible_cultural_heritage_1035396_diagram_3']",[],Cultural Center|Glass|Concrete|Modernist|Open Plan|Natural Ventilation|Daylighting|Green Roof|Exhibition Space|Community Hub|Urban Design|Integrated Landscape|Sustainable Architecture|Interior Design|Educational Space|Public Engagement|Workshop Areas|Artistic Expression|Interactive Installations|Heating And Cooling Efficiency|Solar Energy|Rainwater Collection|Transparency|Modern Architecture|Local Materials|Flexible Spaces|Civic Engagement|Cultural Exhibits|Reflection Of Culture|Community Participation,37.4768953,126.8629512,Unknown Architect,Unknown City,,,2024.0,0.0,2.0
p_center_for_intangible_cultural_heritage_1035396_exteriors_p_center_for_intangible_cultural_heritage_1035396,Center For Intangible Cultural Heritage 1035396 Exteriors P Center For Intangible Cultural Heritage,unknown,unknown,unknown,unknown,unknown,"['i_p_center_for_intangible_cultural_heritage_1035396_exteriors_p_center_for_intangible_cultural_heritage_1035396_p_center_for_intangible_cultural_heritage_1035396_exteriors_p_center_for_intangible_cultural_heritage_1035396_exterior_1', 'i_p_center_for_intangible_cultural_heritage_1035396_exteriors_p_center_for_intangible_cultural_heritage_1035396_p_center_for_intangible_cultural_heritage_1035396_exteriors_p_center_for_intangible_cultural_heritage_1035396_exterior_2', 'i_p_center_for_intangible_cultural_heritage_1035396_exteriors_p_center_for_intangible_cultural_heritage_1035396_p_center_for_intangible_cultural_heritage_1035396_exteriors_p_center_for_intangible_cultural_heritage_1035396_exterior_3', 'i_p_center_for_intangible_cultural_heritage_1035396_exteriors_p_center_for_intangible_cultural_heritage_1035396_p_center_for_intangible_cultural_heritage_1035396_exteriors_p_center_for_intangible_cultural_heritage_1035396_exterior_4', 'i_p_center_for_intangible_cultural_heritage_1035396_exteriors_p_center_for_intangible_cultural_heritage_1035396_p_center_for_intangible_cultural_heritage_1035396_exteriors_p_center_for_intangible_cultural_heritage_1035396_exterior_5']",[],Cultural Center|Glass|Concrete|Modernist|Open Plan|Natural Ventilation|Daylighting|Green Roof|Exhibition Space|Community Hub|Urban Design|Integrated Landscape|Sustainable Architecture|Interior Design|Educational Space|Public Engagement|Workshop Areas|Artistic Expression|Interactive Installations|Heating And Cooling Efficiency|Solar Energy|Rainwater Collection|Transparency|Modern Architecture|Local Materials|Flexible Spaces|Civic Engagement|Cultural Exhibits|Reflection Of Culture|Community Participation,37.4768953,126.8629512,Unknown Architect,Unknown City,,,2024.0,0.0,2.0
p_center_for_intangible_cultural_heritage_1035396_interiors_p_center_for_intangible_cultural_heritage_1035396,Center For Intangible Cultural Heritage 1035396 Interiors P Center For Intangible Cultural Heritage,unknown,unknown,unknown,unknown,unknown,"['i_p_center_for_intangible_cultural_heritage_1035396_interiors_p_center_for_intangible_cultural_heritage_1035396_p_center_for_intangible_cultural_heritage_1035396_interiors_p_center_for_intangible_cultural_heritage_1035396_interior_1', 'i_p_center_for_intangible_cultural_heritage_1035396_interiors_p_center_for_intangible_cultural_heritage_1035396_p_center_for_intangible_cultural_heritage_1035396_interiors_p_center_for_intangible_cultural_heritage_1035396_interior_2']",[],Cultural Center|Glass|Concrete|Modernist|Open Plan|Natural Ventilation|Daylighting|Green Roof|Exhibition Space|Community Hub|Urban Design|Integrated Landscape|Sustainable Architecture|Interior Design|Educational Space|Public Engagement|Workshop Areas|Artistic Expression|Interactive Installations|Heating And Cooling Efficiency|Solar Energy|Rainwater Collection|Transparency|Modern Architecture|Local Materials|Flexible Spaces|Civic Engagement|Cultural Exhibits|Reflection Of Culture|Community Participation,37.4768953,126.8629512,Unknown Architect,Unknown City,,,2024.0,0.0,2.0
p_charlotte_william_bloomberg_medford_publ_987376_diagrams_p_charlotte_william_bloomberg_medford_publ_987376,Charlotte William Bloomberg Medford Publ 987376 Diagrams P Charlotte William Bloomberg Medford Publ,unknown,unknown,unknown,unknown,unknown,"['i_p_charlotte_william_bloomberg_medford_publ_987376_diagrams_p_charlotte_william_bloomberg_medford_publ_987376_p_charlotte_william_bloomberg_medford_publ_987376_diagrams_p_charlotte_william_bloomberg_medford_publ_987376_diagram_1', 'i_p_charlotte_william_bloomberg_medford_publ_987376_diagrams_p_charlotte_william_bloomberg_medford_publ_987376_p_charlotte_william_bloomberg_medford_publ_987376_diagrams_p_charlotte_william_bloomberg_medford_publ_987376_diagram_2', 'i_p_charlotte_william_bloomberg_medford_publ_987376_diagrams_p_charlotte_william_bloomberg_medford_publ_987376_p_charlotte_william_bloomberg_medford_publ_987376_diagrams_p_charlotte_william_bloomberg_medford_publ_987376_diagram_3']",[],Library|Medford|Oregon|Contemporary|Sustainable|Green Roof|Community Space|Public Architecture|Steel Frame|Glass Facade|Natural Lighting|Energy Efficient|Urban|Reading Areas|Study Rooms|Children'S Spaces|Media Center|Natural Ventilation|Low-E Glazing|Solar Panels|Rainwater Harvesting|Modernist|Central Atrium|Landscaping|Accessibility|Csb Climate|Local Materials|Community Engagement|Educational Space|Flat Site|Passive Design|Passive Strategies|Interior Design,42.3230112,-122.8767396,Charlotte William Bloomberg,Medford,,,2024.0,0.0,2.0
p_charlotte_william_bloomberg_medford_publ_987376_exteriors_p_charlotte_william_bloomberg_medford_publ_987376,Charlotte William Bloomberg Medford Publ 987376 Exteriors P Charlotte William Bloomberg Medford Publ,unknown,unknown,unknown,unknown,unknown,"['i_p_charlotte_william_bloomberg_medford_publ_987376_exteriors_p_charlotte_william_bloomberg_medford_publ_987376_p_charlotte_william_bloomberg_medford_publ_987376_exteriors_p_charlotte_william_bloomberg_medford_publ_987376_exterior_1', 'i_p_charlotte_william_bloomberg_medford_publ_987376_exteriors_p_charlotte_william_bloomberg_medford_publ_987376_p_charlotte_william_bloomberg_medford_publ_987376_exteriors_p_charlotte_william_bloomberg_medford_publ_987376_exterior_2']",[],Library|Medford|Oregon|Contemporary|Sustainable|Green Roof|Community Space|Public Architecture|Steel Frame|Glass Facade|Natural Lighting|Energy Efficient|Urban|Reading Areas|Study Rooms|Children'S Spaces|Media Center|Natural Ventilation|Low-E Glazing|Solar Panels|Rainwater Harvesting|Modernist|Central Atrium|Landscaping|Accessibility|Csb Climate|Local Materials|Community Engagement|Educational Space|Flat Site|Passive Design|Passive Strategies|Interior Design,42.3230112,-122.8767396,Charlotte William Bloomberg,Medford,,,2024.0,0.0,2.0
p_charlotte_william_bloomberg_medford_publ_987376_interiors_p_charlotte_william_bloomberg_medford_publ_987376,Charlotte William Bloomberg Medford Publ 987376 Interiors P Charlotte William Bloomberg Medford Publ,unknown,unknown,unknown,unknown,unknown,"['i_p_charlotte_william_bloomberg_medford_publ_987376_interiors_p_charlotte_william_bloomberg_medford_publ_987376_p_charlotte_william_bloomberg_medford_publ_987376_interiors_p_charlotte_william_bloomberg_medford_publ_987376_interior_1', 'i_p_charlotte_william_bloomberg_medford_publ_987376_interiors_p_charlotte_william_bloomberg_medford_publ_987376_p_charlotte_william_bloomberg_medford_publ_987376_interiors_p_charlotte_william_bloomberg_medford_publ_987376_interior_2', 'i_p_charlotte_william_bloomberg_medford_publ_987376_interiors_p_charlotte_william_bloomberg_medford_publ_987376_p_charlotte_william_bloomberg_medford_publ_987376_interiors_p_charlotte_william_bloomberg_medford_publ_987376_interior_3', 'i_p_charlotte_william_bloomberg_medford_publ_987376_interiors_p_charlotte_william_bloomberg_medford_publ_987376_p_charlotte_william_bloomberg_medford_publ_987376_interiors_p_charlotte_william_bloomberg_medford_publ_987376_interior_4', 'i_p_charlotte_william_bloomberg_medford_publ_987376_interiors_p_charlotte_william_bloomberg_medford_publ_987376_p_charlotte_william_bloomberg_medford_publ_987376_interiors_p_charlotte_william_bloomberg_medford_publ_987376_interior_5']",[],Library|Medford|Oregon|Contemporary|Sustainable|Green Roof|Community Space|Public Architecture|Steel Frame|Glass Facade|Natural Lighting|Energy Efficient|Urban|Reading Areas|Study Rooms|Children'S Spaces|Media Center|Natural Ventilation|Low-E Glazing|Solar Panels|Rainwater Harvesting|Modernist|Central Atrium|Landscaping|Accessibility|Csb Climate|Local Materials|Community Engagement|Educational Space|Flat Site|Passive Design|Passive Strategies|Interior Design,42.3230112,-122.8767396,Charlotte William Bloomberg,Medford,,,2024.0,0.0,2.0
p_chazal_school_renovation_and_playground_1035078_exteriors_p_chazal_school_renovation_and_playground_1035078,Chazal School Renovation And Playground 1035078 Exteriors P Chazal School Renovation And Playground,unknown,unknown,unknown,unknown,unknown,"['i_p_chazal_school_renovation_and_playground_1035078_exteriors_p_chazal_school_renovation_and_playground_1035078_p_chazal_school_renovation_and_playground_1035078_exteriors_p_chazal_school_renovation_and_playground_1035078_exterior_1', 'i_p_chazal_school_renovation_and_playground_1035078_exteriors_p_chazal_school_renovation_and_playground_1035078_p_chazal_school_renovation_and_playground_1035078_exteriors_p_chazal_school_renovation_and_playground_1035078_exterior_2', 'i_p_chazal_school_renovation_and_playground_1035078_exteriors_p_chazal_school_renovation_and_playground_1035078_p_chazal_school_renovation_and_playground_1035078_exteriors_p_chazal_school_renovation_and_playground_1035078_exterior_3', 'i_p_chazal_school_renovation_and_playground_1035078_exteriors_p_chazal_school_renovation_and_playground_1035078_p_chazal_school_renovation_and_playground_1035078_exteriors_p_chazal_school_renovation_and_playground_1035078_exterior_4', 'i_p_chazal_school_renovation_and_playground_1035078_exteriors_p_chazal_school_renovation_and_playground_1035078_p_chazal_school_renovation_and_playground_1035078_exteriors_p_chazal_school_renovation_and_playground_1035078_exterior_5']",[],Renovation|School|Playground|Belgium|Sustainable Design|Green Roof|Brick|Glass|Education|Institutional|Community Space|Urban Planning|Natural Ventilation|Daylighting|Modern|Central Hub|Open Space|Courtyard|Climate-Responsive|Play Zones|Interactive Design|Adaptive Reuse|Concrete|Wood|Community Building|Water Management|Landscape Architecture|Youth Engagement|Environmental Education|Indoor-Outdoor Connection,50.8643377,4.3735116,Unknown,Brussels,,,2024.0,0.0,2.0
p_chazal_school_renovation_and_playground_1035078_interiors_p_chazal_school_renovation_and_playground_1035078,Chazal School Renovation And Playground 1035078 Interiors P Chazal School Renovation And Playground,unknown,unknown,unknown,unknown,unknown,"['i_p_chazal_school_renovation_and_playground_1035078_interiors_p_chazal_school_renovation_and_playground_1035078_p_chazal_school_renovation_and_playground_1035078_interiors_p_chazal_school_renovation_and_playground_1035078_interior_1', 'i_p_chazal_school_renovation_and_playground_1035078_interiors_p_chazal_school_renovation_and_playground_1035078_p_chazal_school_renovation_and_playground_1035078_interiors_p_chazal_school_renovation_and_playground_1035078_interior_2', 'i_p_chazal_school_renovation_and_playground_1035078_interiors_p_chazal_school_renovation_and_playground_1035078_p_chazal_school_renovation_and_playground_1035078_interiors_p_chazal_school_renovation_and_playground_1035078_interior_3']",[],Renovation|School|Playground|Belgium|Sustainable Design|Green Roof|Brick|Glass|Education|Institutional|Community Space|Urban Planning|Natural Ventilation|Daylighting|Modern|Central Hub|Open Space|Courtyard|Climate-Responsive|Play Zones|Interactive Design|Adaptive Reuse|Concrete|Wood|Community Building|Water Management|Landscape Architecture|Youth Engagement|Environmental Education|Indoor-Outdoor Connection,50.8643377,4.3735116,Unknown,Brussels,,,2024.0,0.0,2.0
p_chieng_ban_kindergarten_1_1_2_architects_1034717_diagrams_p_chieng_ban_kindergarten_1_1_2_architects_1034717,Chieng Ban Kindergarten 1 1 2 Architects 1034717 Diagrams P Chieng Ban Kindergarten 1 1 2 Architects,unknown,unknown,unknown,unknown,unknown,"['i_p_chieng_ban_kindergarten_1_1_2_architects_1034717_diagrams_p_chieng_ban_kindergarten_1_1_2_architects_1034717_p_chieng_ban_kindergarten_1_1_2_architects_1034717_diagrams_p_chieng_ban_kindergarten_1_1_2_architects_1034717_diagram_1', 'i_p_chieng_ban_kindergarten_1_1_2_architects_1034717_diagrams_p_chieng_ban_kindergarten_1_1_2_architects_1034717_p_chieng_ban_kindergarten_1_1_2_architects_1034717_diagrams_p_chieng_ban_kindergarten_1_1_2_architects_1034717_diagram_2', 'i_p_chieng_ban_kindergarten_1_1_2_architects_1034717_diagrams_p_chieng_ban_kindergarten_1_1_2_architects_1034717_p_chieng_ban_kindergarten_1_1_2_architects_1034717_diagrams_p_chieng_ban_kindergarten_1_1_2_architects_1034717_diagram_3']",[],Kindergarten|School|Vietnam|Concrete|Wood|Sustainable|Natural Ventilation|Outdoor Learning|Playgrounds|Children'S Space|Landscaped|Tropical Climate|Courtyard|Institutional|Early Education|Indoor-Outdoor Flow|Central Circulation|Green Design|Community Space|Interactive Learning|Modern Architecture|Child-Friendly|Natural Materials|Energy-Efficient|Classroom|Learning Environments|Pedagogical Design|Eco-Friendly|Open Spaces|Environmentally Conscious,21.3269024,103.9143869,1 1 2 Architects,Chieng Ban,,,2024.0,0.0,1.0
p_chieng_ban_kindergarten_1_1_2_architects_1034717_exteriors_p_chieng_ban_kindergarten_1_1_2_architects_1034717,Chieng Ban Kindergarten 1 1 2 Architects 1034717 Exteriors P Chieng Ban Kindergarten 1 1 2 Architects,unknown,unknown,unknown,unknown,unknown,"['i_p_chieng_ban_kindergarten_1_1_2_architects_1034717_exteriors_p_chieng_ban_kindergarten_1_1_2_architects_1034717_p_chieng_ban_kindergarten_1_1_2_architects_1034717_exteriors_p_chieng_ban_kindergarten_1_1_2_architects_1034717_exterior_1', 'i_p_chieng_ban_kindergarten_1_1_2_architects_1034717_exteriors_p_chieng_ban_kindergarten_1_1_2_architects_1034717_p_chieng_ban_kindergarten_1_1_2_architects_1034717_exteriors_p_chieng_ban_kindergarten_1_1_2_architects_1034717_exterior_2', 'i_p_chieng_ban_kindergarten_1_1_2_architects_1034717_exteriors_p_chieng_ban_kindergarten_1_1_2_architects_1034717_p_chieng_ban_kindergarten_1_1_2_architects_1034717_exteriors_p_chieng_ban_kindergarten_1_1_2_architects_1034717_exterior_3', 'i_p_chieng_ban_kindergarten_1_1_2_architects_1034717_exteriors_p_chieng_ban_kindergarten_1_1_2_architects_1034717_p_chieng_ban_kindergarten_1_1_2_architects_1034717_exteriors_p_chieng_ban_kindergarten_1_1_2_architects_1034717_exterior_4']",[],Kindergarten|School|Vietnam|Concrete|Wood|Sustainable|Natural Ventilation|Outdoor Learning|Playgrounds|Children'S Space|Landscaped|Tropical Climate|Courtyard|Institutional|Early Education|Indoor-Outdoor Flow|Central Circulation|Green Design|Community Space|Interactive Learning|Modern Architecture|Child-Friendly|Natural Materials|Energy-Efficient|Classroom|Learning Environments|Pedagogical Design|Eco-Friendly|Open Spaces|Environmentally Conscious,21.3269024,103.9143869,1 1 2 Architects,Chieng Ban,,,2024.0,0.0,1.0
p_chieng_ban_kindergarten_1_1_2_architects_1034717_interiors_p_chieng_ban_kindergarten_1_1_2_architects_1034717,Chieng Ban Kindergarten 1 1 2 Architects 1034717 Interiors P Chieng Ban Kindergarten 1 1 2 Architects,unknown,unknown,unknown,unknown,unknown,"['i_p_chieng_ban_kindergarten_1_1_2_architects_1034717_interiors_p_chieng_ban_kindergarten_1_1_2_architects_1034717_p_chieng_ban_kindergarten_1_1_2_architects_1034717_interiors_p_chieng_ban_kindergarten_1_1_2_architects_1034717_interior_1', 'i_p_chieng_ban_kindergarten_1_1_2_architects_1034717_interiors_p_chieng_ban_kindergarten_1_1_2_architects_1034717_p_chieng_ban_kindergarten_1_1_2_architects_1034717_interiors_p_chieng_ban_kindergarten_1_1_2_architects_1034717_interior_2', 'i_p_chieng_ban_kindergarten_1_1_2_architects_1034717_interiors_p_chieng_ban_kindergarten_1_1_2_architects_1034717_p_chieng_ban_kindergarten_1_1_2_architects_1034717_interiors_p_chieng_ban_kindergarten_1_1_2_architects_1034717_interior_3']",[],Kindergarten|School|Vietnam|Concrete|Wood|Sustainable|Natural Ventilation|Outdoor Learning|Playgrounds|Children'S Space|Landscaped|Tropical Climate|Courtyard|Institutional|Early Education|Indoor-Outdoor Flow|Central Circulation|Green Design|Community Space|Interactive Learning|Modern Architecture|Child-Friendly|Natural Materials|Energy-Efficient|Classroom|Learning Environments|Pedagogical Design|Eco-Friendly|Open Spaces|Environmentally Conscious,21.3269024,103.9143869,1 1 2 Architects,Chieng Ban,,,2024.0,0.0,1.0
p_china_national_convention_center_phase_i_1034910_exteriors_p_china_national_convention_center_phase_i_1034910,China National Convention Center Phase I 1034910 Exteriors P China National Convention Center Phase I,unknown,unknown,unknown,unknown,unknown,"['i_p_china_national_convention_center_phase_i_1034910_exteriors_p_china_national_convention_center_phase_i_1034910_p_china_national_convention_center_phase_i_1034910_exteriors_p_china_national_convention_center_phase_i_1034910_exterior_1', 'i_p_china_national_convention_center_phase_i_1034910_exteriors_p_china_national_convention_center_phase_i_1034910_p_china_national_convention_center_phase_i_1034910_exteriors_p_china_national_convention_center_phase_i_1034910_exterior_2', 'i_p_china_national_convention_center_phase_i_1034910_exteriors_p_china_national_convention_center_phase_i_1034910_p_china_national_convention_center_phase_i_1034910_exteriors_p_china_national_convention_center_phase_i_1034910_exterior_3', 'i_p_china_national_convention_center_phase_i_1034910_exteriors_p_china_national_convention_center_phase_i_1034910_p_china_national_convention_center_phase_i_1034910_exteriors_p_china_national_convention_center_phase_i_1034910_exterior_4', 'i_p_china_national_convention_center_phase_i_1034910_exteriors_p_china_national_convention_center_phase_i_1034910_p_china_national_convention_center_phase_i_1034910_exteriors_p_china_national_convention_center_phase_i_1034910_exterior_5']",[],Glass|Steel|Modernist|Large Span|Convention Center|Urban|Natural Ventilation|Energy Efficiency|Polished Concrete|Open Plan|Large Windows|Sustainable Design|Flexible Spaces|High-Performance Glazing|Climate-Responsive|Integrated Project Delivery|Exhibition Space|Central Atrium|Landscape Integration|Daylighting|Building Automation|Outdoor Spaces|Vertical Fins|Overhangs|Transparency|Architectural Lighting|Community Space|Event Venue|Urban Planning|Building Technology|Construction Techniques,39.904211,116.407395,Design Institute of Building and Planning,Beijing,,,2024.0,0.0,0.0
p_china_national_convention_center_phase_i_1034910_interiors_p_china_national_convention_center_phase_i_1034910,China National Convention Center Phase I 1034910 Interiors P China National Convention Center Phase I,unknown,unknown,unknown,unknown,unknown,"['i_p_china_national_convention_center_phase_i_1034910_interiors_p_china_national_convention_center_phase_i_1034910_p_china_national_convention_center_phase_i_1034910_interiors_p_china_national_convention_center_phase_i_1034910_interior_1', 'i_p_china_national_convention_center_phase_i_1034910_interiors_p_china_national_convention_center_phase_i_1034910_p_china_national_convention_center_phase_i_1034910_interiors_p_china_national_convention_center_phase_i_1034910_interior_2']",[],Glass|Steel|Modernist|Large Span|Convention Center|Urban|Natural Ventilation|Energy Efficiency|Polished Concrete|Open Plan|Large Windows|Sustainable Design|Flexible Spaces|High-Performance Glazing|Climate-Responsive|Integrated Project Delivery|Exhibition Space|Central Atrium|Landscape Integration|Daylighting|Building Automation|Outdoor Spaces|Vertical Fins|Overhangs|Transparency|Architectural Lighting|Community Space|Event Venue|Urban Planning|Building Technology|Construction Techniques,39.904211,116.407395,Design Institute of Building and Planning,Beijing,,,2024.0,0.0,0.0
p_church_borderouge_studio_aqui_triptyque_1031762_diagrams_p_church_borderouge_studio_aqui_triptyque_1031762,Church Borderouge Studio Aqui Triptyque 1031762 Diagrams P Church Borderouge Studio Aqui Triptyque,unknown,unknown,unknown,unknown,unknown,"['i_p_church_borderouge_studio_aqui_triptyque_1031762_diagrams_p_church_borderouge_studio_aqui_triptyque_1031762_p_church_borderouge_studio_aqui_triptyque_1031762_diagrams_p_church_borderouge_studio_aqui_triptyque_1031762_diagram_1', 'i_p_church_borderouge_studio_aqui_triptyque_1031762_diagrams_p_church_borderouge_studio_aqui_triptyque_1031762_p_church_borderouge_studio_aqui_triptyque_1031762_diagrams_p_church_borderouge_studio_aqui_triptyque_1031762_diagram_2', 'i_p_church_borderouge_studio_aqui_triptyque_1031762_diagrams_p_church_borderouge_studio_aqui_triptyque_1031762_p_church_borderouge_studio_aqui_triptyque_1031762_diagrams_p_church_borderouge_studio_aqui_triptyque_1031762_diagram_3']",[],Church|Community Center|Religious Architecture|Reinforced Concrete|Glass Facade|Sustainable Design|Natural Light|Toulouse|Modern Architecture|Ecological Features|Open Plan|Central Nave|Interactive Spaces|Urban Integration|Contemporary Worship|Community Gathering|Passive Design|Energy Efficient|Rainwater Harvesting|Green Roof|Wood Finishes|Polished Concrete|Landscape Design|Spatial Organization|Thermal Mass|Natural Ventilation|Architectural Collaboration|Design Innovation|Cfb|Occitanie|France|Europe,43.6048462,1.442848,Studio Aqui,Toulouse,,,2024.0,0.0,1.0
p_church_borderouge_studio_aqui_triptyque_1031762_exteriors_p_church_borderouge_studio_aqui_triptyque_1031762,Church Borderouge Studio Aqui Triptyque 1031762 Exteriors P Church Borderouge Studio Aqui Triptyque,unknown,unknown,unknown,unknown,unknown,"['i_p_church_borderouge_studio_aqui_triptyque_1031762_exteriors_p_church_borderouge_studio_aqui_triptyque_1031762_p_church_borderouge_studio_aqui_triptyque_1031762_exteriors_p_church_borderouge_studio_aqui_triptyque_1031762_exterior_1', 'i_p_church_borderouge_studio_aqui_triptyque_1031762_exteriors_p_church_borderouge_studio_aqui_triptyque_1031762_p_church_borderouge_studio_aqui_triptyque_1031762_exteriors_p_church_borderouge_studio_aqui_triptyque_1031762_exterior_2', 'i_p_church_borderouge_studio_aqui_triptyque_1031762_exteriors_p_church_borderouge_studio_aqui_triptyque_1031762_p_church_borderouge_studio_aqui_triptyque_1031762_exteriors_p_church_borderouge_studio_aqui_triptyque_1031762_exterior_3']",[],Church|Community Center|Religious Architecture|Reinforced Concrete|Glass Facade|Sustainable Design|Natural Light|Toulouse|Modern Architecture|Ecological Features|Open Plan|Central Nave|Interactive Spaces|Urban Integration|Contemporary Worship|Community Gathering|Passive Design|Energy Efficient|Rainwater Harvesting|Green Roof|Wood Finishes|Polished Concrete|Landscape Design|Spatial Organization|Thermal Mass|Natural Ventilation|Architectural Collaboration|Design Innovation|Cfb|Occitanie|France|Europe,43.6048462,1.442848,Studio Aqui,Toulouse,,,2024.0,0.0,1.0
p_church_borderouge_studio_aqui_triptyque_1031762_interiors_p_church_borderouge_studio_aqui_triptyque_1031762,Church Borderouge Studio Aqui Triptyque 1031762 Interiors P Church Borderouge Studio Aqui Triptyque,unknown,unknown,unknown,unknown,unknown,"['i_p_church_borderouge_studio_aqui_triptyque_1031762_interiors_p_church_borderouge_studio_aqui_triptyque_1031762_p_church_borderouge_studio_aqui_triptyque_1031762_interiors_p_church_borderouge_studio_aqui_triptyque_1031762_interior_1', 'i_p_church_borderouge_studio_aqui_triptyque_1031762_interiors_p_church_borderouge_studio_aqui_triptyque_1031762_p_church_borderouge_studio_aqui_triptyque_1031762_interiors_p_church_borderouge_studio_aqui_triptyque_1031762_interior_2', 'i_p_church_borderouge_studio_aqui_triptyque_1031762_interiors_p_church_borderouge_studio_aqui_triptyque_1031762_p_church_borderouge_studio_aqui_triptyque_1031762_interiors_p_church_borderouge_studio_aqui_triptyque_1031762_interior_3', 'i_p_church_borderouge_studio_aqui_triptyque_1031762_interiors_p_church_borderouge_studio_aqui_triptyque_1031762_p_church_borderouge_studio_aqui_triptyque_1031762_interiors_p_church_borderouge_studio_aqui_triptyque_1031762_interior_4']",[],Church|Community Center|Religious Architecture|Reinforced Concrete|Glass Facade|Sustainable Design|Natural Light|Toulouse|Modern Architecture|Ecological Features|Open Plan|Central Nave|Interactive Spaces|Urban Integration|Contemporary Worship|Community Gathering|Passive Design|Energy Efficient|Rainwater Harvesting|Green Roof|Wood Finishes|Polished Concrete|Landscape Design|Spatial Organization|Thermal Mass|Natural Ventilation|Architectural Collaboration|Design Innovation|Cfb|Occitanie|France|Europe,43.6048462,1.442848,Studio Aqui,Toulouse,,,2024.0,0.0,1.0
p_church_of_joy_department_of_architecture_1026972_diagrams_p_church_of_joy_department_of_architecture_1026972,Church Of Joy Department Of Architecture 1026972 Diagrams P Church Of Joy Department Of Architecture,unknown,unknown,unknown,unknown,unknown,"['i_p_church_of_joy_department_of_architecture_1026972_diagrams_p_church_of_joy_department_of_architecture_1026972_p_church_of_joy_department_of_architecture_1026972_diagrams_p_church_of_joy_department_of_architecture_1026972_diagram_1', 'i_p_church_of_joy_department_of_architecture_1026972_diagrams_p_church_of_joy_department_of_architecture_1026972_p_church_of_joy_department_of_architecture_1026972_diagrams_p_church_of_joy_department_of_architecture_1026972_diagram_2']",[],Church|Religious|Bangkok|Concrete|Glass|Pavilion|Modern|Sustainability|Natural Ventilation|Daylighting|Community Space|Open Plan|Urban|Tropical Climate|Cross Ventilation|Thermal Mass|Large Windows|Overhangs|Louvers|Rainwater Harvesting|Tempered Glass|Serene|Landscaped Gardens|Central Area|Spatial Organization|Congregation|Architectural Innovation|Modernist|Interior Design|Natural Materials|Cultural Context,13.7189146,100.5671855,Department Of Architecture,Bangkok,,,2024.0,0.0,1.0
p_church_of_joy_department_of_architecture_1026972_exteriors_p_church_of_joy_department_of_architecture_1026972,Church Of Joy Department Of Architecture 1026972 Exteriors P Church Of Joy Department Of Architecture,unknown,unknown,unknown,unknown,unknown,"['i_p_church_of_joy_department_of_architecture_1026972_exteriors_p_church_of_joy_department_of_architecture_1026972_p_church_of_joy_department_of_architecture_1026972_exteriors_p_church_of_joy_department_of_architecture_1026972_exterior_1', 'i_p_church_of_joy_department_of_architecture_1026972_exteriors_p_church_of_joy_department_of_architecture_1026972_p_church_of_joy_department_of_architecture_1026972_exteriors_p_church_of_joy_department_of_architecture_1026972_exterior_2', 'i_p_church_of_joy_department_of_architecture_1026972_exteriors_p_church_of_joy_department_of_architecture_1026972_p_church_of_joy_department_of_architecture_1026972_exteriors_p_church_of_joy_department_of_architecture_1026972_exterior_3', 'i_p_church_of_joy_department_of_architecture_1026972_exteriors_p_church_of_joy_department_of_architecture_1026972_p_church_of_joy_department_of_architecture_1026972_exteriors_p_church_of_joy_department_of_architecture_1026972_exterior_4', 'i_p_church_of_joy_department_of_architecture_1026972_exteriors_p_church_of_joy_department_of_architecture_1026972_p_church_of_joy_department_of_architecture_1026972_exteriors_p_church_of_joy_department_of_architecture_1026972_exterior_5']",[],Church|Religious|Bangkok|Concrete|Glass|Pavilion|Modern|Sustainability|Natural Ventilation|Daylighting|Community Space|Open Plan|Urban|Tropical Climate|Cross Ventilation|Thermal Mass|Large Windows|Overhangs|Louvers|Rainwater Harvesting|Tempered Glass|Serene|Landscaped Gardens|Central Area|Spatial Organization|Congregation|Architectural Innovation|Modernist|Interior Design|Natural Materials|Cultural Context,13.7189146,100.5671855,Department Of Architecture,Bangkok,,,2024.0,0.0,1.0
p_church_of_joy_department_of_architecture_1026972_interiors_p_church_of_joy_department_of_architecture_1026972,Church Of Joy Department Of Architecture 1026972 Interiors P Church Of Joy Department Of Architecture,unknown,unknown,unknown,unknown,unknown,"['i_p_church_of_joy_department_of_architecture_1026972_interiors_p_church_of_joy_department_of_architecture_1026972_p_church_of_joy_department_of_architecture_1026972_interiors_p_church_of_joy_department_of_architecture_1026972_interior_1', 'i_p_church_of_joy_department_of_architecture_1026972_interiors_p_church_of_joy_department_of_architecture_1026972_p_church_of_joy_department_of_architecture_1026972_interiors_p_church_of_joy_department_of_architecture_1026972_interior_2']",[],Church|Religious|Bangkok|Concrete|Glass|Pavilion|Modern|Sustainability|Natural Ventilation|Daylighting|Community Space|Open Plan|Urban|Tropical Climate|Cross Ventilation|Thermal Mass|Large Windows|Overhangs|Louvers|Rainwater Harvesting|Tempered Glass|Serene|Landscaped Gardens|Central Area|Spatial Organization|Congregation|Architectural Innovation|Modernist|Interior Design|Natural Materials|Cultural Context,13.7189146,100.5671855,Department Of Architecture,Bangkok,,,2024.0,0.0,1.0
p_claremont_mckenna_college_robert_day_sci_1034623_exteriors_p_claremont_mckenna_college_robert_day_sci_1034623,Claremont Mckenna College Robert Day Sci 1034623 Exteriors P Claremont Mckenna College Robert Day Sci,unknown,unknown,unknown,unknown,unknown,"['i_p_claremont_mckenna_college_robert_day_sci_1034623_exteriors_p_claremont_mckenna_college_robert_day_sci_1034623_p_claremont_mckenna_college_robert_day_sci_1034623_exteriors_p_claremont_mckenna_college_robert_day_sci_1034623_exterior_1', 'i_p_claremont_mckenna_college_robert_day_sci_1034623_exteriors_p_claremont_mckenna_college_robert_day_sci_1034623_p_claremont_mckenna_college_robert_day_sci_1034623_exteriors_p_claremont_mckenna_college_robert_day_sci_1034623_exterior_2', 'i_p_claremont_mckenna_college_robert_day_sci_1034623_exteriors_p_claremont_mckenna_college_robert_day_sci_1034623_p_claremont_mckenna_college_robert_day_sci_1034623_exteriors_p_claremont_mckenna_college_robert_day_sci_1034623_exterior_3', 'i_p_claremont_mckenna_college_robert_day_sci_1034623_exteriors_p_claremont_mckenna_college_robert_day_sci_1034623_p_claremont_mckenna_college_robert_day_sci_1034623_exteriors_p_claremont_mckenna_college_robert_day_sci_1034623_exterior_4', 'i_p_claremont_mckenna_college_robert_day_sci_1034623_exteriors_p_claremont_mckenna_college_robert_day_sci_1034623_p_claremont_mckenna_college_robert_day_sci_1034623_exteriors_p_claremont_mckenna_college_robert_day_sci_1034623_exterior_5']",[],Education|Science Center|Sustainable Design|Modern Architecture|California|Collaborative Spaces|High Performance|Natural Ventilation|Daylighting|Green Roof|Urban|Concrete|Glass|Metal Panel|Institutional|Energy Efficient|Pedestrian Pathways|Landscaped|Open Plan|Flexibility|Teaching Laboratory|Classroom|Culture|Community|Innovative|Teaching Environment|Higher Education|Interior Design|Environmental Design|Architecture|Campus Design,34.0966764,-117.7197785,ZGF Architects,Claremont,,,2024.0,0.0,3.0
p_claremont_mckenna_college_robert_day_sci_1034623_interiors_p_claremont_mckenna_college_robert_day_sci_1034623,Claremont Mckenna College Robert Day Sci 1034623 Interiors P Claremont Mckenna College Robert Day Sci,unknown,unknown,unknown,unknown,unknown,"['i_p_claremont_mckenna_college_robert_day_sci_1034623_interiors_p_claremont_mckenna_college_robert_day_sci_1034623_p_claremont_mckenna_college_robert_day_sci_1034623_interiors_p_claremont_mckenna_college_robert_day_sci_1034623_interior_1', 'i_p_claremont_mckenna_college_robert_day_sci_1034623_interiors_p_claremont_mckenna_college_robert_day_sci_1034623_p_claremont_mckenna_college_robert_day_sci_1034623_interiors_p_claremont_mckenna_college_robert_day_sci_1034623_interior_2', 'i_p_claremont_mckenna_college_robert_day_sci_1034623_interiors_p_claremont_mckenna_college_robert_day_sci_1034623_p_claremont_mckenna_college_robert_day_sci_1034623_interiors_p_claremont_mckenna_college_robert_day_sci_1034623_interior_3', 'i_p_claremont_mckenna_college_robert_day_sci_1034623_interiors_p_claremont_mckenna_college_robert_day_sci_1034623_p_claremont_mckenna_college_robert_day_sci_1034623_interiors_p_claremont_mckenna_college_robert_day_sci_1034623_interior_4', 'i_p_claremont_mckenna_college_robert_day_sci_1034623_interiors_p_claremont_mckenna_college_robert_day_sci_1034623_p_claremont_mckenna_college_robert_day_sci_1034623_interiors_p_claremont_mckenna_college_robert_day_sci_1034623_interior_5']",[],Education|Science Center|Sustainable Design|Modern Architecture|California|Collaborative Spaces|High Performance|Natural Ventilation|Daylighting|Green Roof|Urban|Concrete|Glass|Metal Panel|Institutional|Energy Efficient|Pedestrian Pathways|Landscaped|Open Plan|Flexibility|Teaching Laboratory|Classroom|Culture|Community|Innovative|Teaching Environment|Higher Education|Interior Design|Environmental Design|Architecture|Campus Design,34.0966764,-117.7197785,ZGF Architects,Claremont,,,2024.0,0.0,3.0
p_codec_training_centre_kuakata_community_1034720_exteriors_p_codec_training_centre_kuakata_community_1034720,Codec Training Centre Kuakata Community 1034720 Exteriors P Codec Training Centre Kuakata Community,unknown,unknown,unknown,unknown,unknown,"['i_p_codec_training_centre_kuakata_community_1034720_exteriors_p_codec_training_centre_kuakata_community_1034720_p_codec_training_centre_kuakata_community_1034720_exteriors_p_codec_training_centre_kuakata_community_1034720_exterior_1', 'i_p_codec_training_centre_kuakata_community_1034720_exteriors_p_codec_training_centre_kuakata_community_1034720_p_codec_training_centre_kuakata_community_1034720_exteriors_p_codec_training_centre_kuakata_community_1034720_exterior_2', 'i_p_codec_training_centre_kuakata_community_1034720_exteriors_p_codec_training_centre_kuakata_community_1034720_p_codec_training_centre_kuakata_community_1034720_exteriors_p_codec_training_centre_kuakata_community_1034720_exterior_3', 'i_p_codec_training_centre_kuakata_community_1034720_exteriors_p_codec_training_centre_kuakata_community_1034720_p_codec_training_centre_kuakata_community_1034720_exteriors_p_codec_training_centre_kuakata_community_1034720_exterior_4', 'i_p_codec_training_centre_kuakata_community_1034720_exteriors_p_codec_training_centre_kuakata_community_1034720_p_codec_training_centre_kuakata_community_1034720_exteriors_p_codec_training_centre_kuakata_community_1034720_exterior_5']",[],Bangladesh|Education|Community|Sustainability|Coastal Architecture|Open Plan|Natural Ventilation|Solar Power|Reinforced Concrete|Modernist|Institutional|Environmentally Friendly|Learning Spaces|Community Hub|Rainwater Harvesting|Landscape Integration|Central Circulation|Educational Facility|Green Building|High-Performance Glazing|Shading Devices|Two-Story|Natural Lighting|Artificial Lighting|Modern Architecture|Architectural Design|Eco-Friendly|Adaptive Reuse|Interior Design|Exterior Design|Community Engagement,21.8182277,90.1397812,Unknown,Kuakata,,,2024.0,0.0,2.0
p_codec_training_centre_kuakata_community_1034720_interiors_p_codec_training_centre_kuakata_community_1034720,Codec Training Centre Kuakata Community 1034720 Interiors P Codec Training Centre Kuakata Community,unknown,unknown,unknown,unknown,unknown,"['i_p_codec_training_centre_kuakata_community_1034720_interiors_p_codec_training_centre_kuakata_community_1034720_p_codec_training_centre_kuakata_community_1034720_interiors_p_codec_training_centre_kuakata_community_1034720_interior_1', 'i_p_codec_training_centre_kuakata_community_1034720_interiors_p_codec_training_centre_kuakata_community_1034720_p_codec_training_centre_kuakata_community_1034720_interiors_p_codec_training_centre_kuakata_community_1034720_interior_2', 'i_p_codec_training_centre_kuakata_community_1034720_interiors_p_codec_training_centre_kuakata_community_1034720_p_codec_training_centre_kuakata_community_1034720_interiors_p_codec_training_centre_kuakata_community_1034720_interior_3', 'i_p_codec_training_centre_kuakata_community_1034720_interiors_p_codec_training_centre_kuakata_community_1034720_p_codec_training_centre_kuakata_community_1034720_interiors_p_codec_training_centre_kuakata_community_1034720_interior_4']",[],Bangladesh|Education|Community|Sustainability|Coastal Architecture|Open Plan|Natural Ventilation|Solar Power|Reinforced Concrete|Modernist|Institutional|Environmentally Friendly|Learning Spaces|Community Hub|Rainwater Harvesting|Landscape Integration|Central Circulation|Educational Facility|Green Building|High-Performance Glazing|Shading Devices|Two-Story|Natural Lighting|Artificial Lighting|Modern Architecture|Architectural Design|Eco-Friendly|Adaptive Reuse|Interior Design|Exterior Design|Community Engagement,21.8182277,90.1397812,Unknown,Kuakata,,,2024.0,0.0,2.0
p_collector_s_house_museum_atelier_data_1024946_diagrams_p_collector_s_house_museum_atelier_data_1024946,Collector S House Museum Atelier Data 1024946 Diagrams P Collector S House Museum Atelier Data,unknown,unknown,unknown,unknown,unknown,"['i_p_collector_s_house_museum_atelier_data_1024946_diagrams_p_collector_s_house_museum_atelier_data_1024946_p_collector_s_house_museum_atelier_data_1024946_diagrams_p_collector_s_house_museum_atelier_data_1024946_diagram_1', 'i_p_collector_s_house_museum_atelier_data_1024946_diagrams_p_collector_s_house_museum_atelier_data_1024946_p_collector_s_house_museum_atelier_data_1024946_diagrams_p_collector_s_house_museum_atelier_data_1024946_diagram_2', 'i_p_collector_s_house_museum_atelier_data_1024946_diagrams_p_collector_s_house_museum_atelier_data_1024946_p_collector_s_house_museum_atelier_data_1024946_diagrams_p_collector_s_house_museum_atelier_data_1024946_diagram_3']",[],Museum|Atelier|Concrete|Glass|Sustainable|Fragmented|Natural Ventilation|Thermal Mass|Low-E Glazing|Art Studios|Cultural|Passive Design|Landscape Integration|Green Roofing|Sun Shading|Central Circulation|White Facade|Medium Wwr|Urban|Sloping|South-Facing|Gallery|Innovative|Open Spaces|Contemporary|Art Integration|Collectors' Space|Nature-Infused|Interconnected|Exhibition|Light|Community Engagement|Local Context,37.085011,-7.787727099999999,Unknown,Unknown,,,2024.0,0.0,2.0
p_collector_s_house_museum_atelier_data_1024946_exteriors_p_collector_s_house_museum_atelier_data_1024946,Collector S House Museum Atelier Data 1024946 Exteriors P Collector S House Museum Atelier Data,unknown,unknown,unknown,unknown,unknown,"['i_p_collector_s_house_museum_atelier_data_1024946_exteriors_p_collector_s_house_museum_atelier_data_1024946_p_collector_s_house_museum_atelier_data_1024946_exteriors_p_collector_s_house_museum_atelier_data_1024946_exterior_1', 'i_p_collector_s_house_museum_atelier_data_1024946_exteriors_p_collector_s_house_museum_atelier_data_1024946_p_collector_s_house_museum_atelier_data_1024946_exteriors_p_collector_s_house_museum_atelier_data_1024946_exterior_2', 'i_p_collector_s_house_museum_atelier_data_1024946_exteriors_p_collector_s_house_museum_atelier_data_1024946_p_collector_s_house_museum_atelier_data_1024946_exteriors_p_collector_s_house_museum_atelier_data_1024946_exterior_3', 'i_p_collector_s_house_museum_atelier_data_1024946_exteriors_p_collector_s_house_museum_atelier_data_1024946_p_collector_s_house_museum_atelier_data_1024946_exteriors_p_collector_s_house_museum_atelier_data_1024946_exterior_4']",[],Museum|Atelier|Concrete|Glass|Sustainable|Fragmented|Natural Ventilation|Thermal Mass|Low-E Glazing|Art Studios|Cultural|Passive Design|Landscape Integration|Green Roofing|Sun Shading|Central Circulation|White Facade|Medium Wwr|Urban|Sloping|South-Facing|Gallery|Innovative|Open Spaces|Contemporary|Art Integration|Collectors' Space|Nature-Infused|Interconnected|Exhibition|Light|Community Engagement|Local Context,37.085011,-7.787727099999999,Unknown,Unknown,,,2024.0,0.0,2.0
p_collector_s_house_museum_atelier_data_1024946_interiors_p_collector_s_house_museum_atelier_data_1024946,Collector S House Museum Atelier Data 1024946 Interiors P Collector S House Museum Atelier Data,unknown,unknown,unknown,unknown,unknown,"['i_p_collector_s_house_museum_atelier_data_1024946_interiors_p_collector_s_house_museum_atelier_data_1024946_p_collector_s_house_museum_atelier_data_1024946_interiors_p_collector_s_house_museum_atelier_data_1024946_interior_1', 'i_p_collector_s_house_museum_atelier_data_1024946_interiors_p_collector_s_house_museum_atelier_data_1024946_p_collector_s_house_museum_atelier_data_1024946_interiors_p_collector_s_house_museum_atelier_data_1024946_interior_2', 'i_p_collector_s_house_museum_atelier_data_1024946_interiors_p_collector_s_house_museum_atelier_data_1024946_p_collector_s_house_museum_atelier_data_1024946_interiors_p_collector_s_house_museum_atelier_data_1024946_interior_3', 'i_p_collector_s_house_museum_atelier_data_1024946_interiors_p_collector_s_house_museum_atelier_data_1024946_p_collector_s_house_museum_atelier_data_1024946_interiors_p_collector_s_house_museum_atelier_data_1024946_interior_4', 'i_p_collector_s_house_museum_atelier_data_1024946_interiors_p_collector_s_house_museum_atelier_data_1024946_p_collector_s_house_museum_atelier_data_1024946_interiors_p_collector_s_house_museum_atelier_data_1024946_interior_5']",[],Museum|Atelier|Concrete|Glass|Sustainable|Fragmented|Natural Ventilation|Thermal Mass|Low-E Glazing|Art Studios|Cultural|Passive Design|Landscape Integration|Green Roofing|Sun Shading|Central Circulation|White Facade|Medium Wwr|Urban|Sloping|South-Facing|Gallery|Innovative|Open Spaces|Contemporary|Art Integration|Collectors' Space|Nature-Infused|Interconnected|Exhibition|Light|Community Engagement|Local Context,37.085011,-7.787727099999999,Unknown,Unknown,,,2024.0,0.0,2.0
p_coonawarra_willam_aquatic_centre_ivanhoe_1035598_diagrams_p_coonawarra_willam_aquatic_centre_ivanhoe_1035598,Coonawarra Willam Aquatic Centre Ivanhoe 1035598 Diagrams P Coonawarra Willam Aquatic Centre Ivanhoe,unknown,unknown,unknown,unknown,unknown,"['i_p_coonawarra_willam_aquatic_centre_ivanhoe_1035598_diagrams_p_coonawarra_willam_aquatic_centre_ivanhoe_1035598_p_coonawarra_willam_aquatic_centre_ivanhoe_1035598_diagrams_p_coonawarra_willam_aquatic_centre_ivanhoe_1035598_diagram_1', 'i_p_coonawarra_willam_aquatic_centre_ivanhoe_1035598_diagrams_p_coonawarra_willam_aquatic_centre_ivanhoe_1035598_p_coonawarra_willam_aquatic_centre_ivanhoe_1035598_diagrams_p_coonawarra_willam_aquatic_centre_ivanhoe_1035598_diagram_2', 'i_p_coonawarra_willam_aquatic_centre_ivanhoe_1035598_diagrams_p_coonawarra_willam_aquatic_centre_ivanhoe_1035598_p_coonawarra_willam_aquatic_centre_ivanhoe_1035598_diagrams_p_coonawarra_willam_aquatic_centre_ivanhoe_1035598_diagram_3']",[],Aquatic Centre|Modern Architecture|Sustainable Design|Natural Ventilation|Solar Panels|Community Facility|Swimming Pool|Natural Light|Water Features|Ceramic Tiles|Green Building|Swimming Technology|Urban Design|Concrete Construction|Melbourne Architecture|Community-Focused|Modernist|Energy Efficiency|Pool Terrace|Changing Rooms|Landscaped Area|Sports Facility|Public Infrastructure|Accessible Design|Transition Spaces|Fitness|Recreational Space|Interior Design|Social Space|Pool Accessibility|All-Season Use,-36.9847807,143.3906074,Willam Architects,Ivanhoe,,,2024.0,2000.0,2.0
p_coonawarra_willam_aquatic_centre_ivanhoe_1035598_exteriors_p_coonawarra_willam_aquatic_centre_ivanhoe_1035598,Coonawarra Willam Aquatic Centre Ivanhoe 1035598 Exteriors P Coonawarra Willam Aquatic Centre Ivanhoe,unknown,unknown,unknown,unknown,unknown,"['i_p_coonawarra_willam_aquatic_centre_ivanhoe_1035598_exteriors_p_coonawarra_willam_aquatic_centre_ivanhoe_1035598_p_coonawarra_willam_aquatic_centre_ivanhoe_1035598_exteriors_p_coonawarra_willam_aquatic_centre_ivanhoe_1035598_exterior_1', 'i_p_coonawarra_willam_aquatic_centre_ivanhoe_1035598_exteriors_p_coonawarra_willam_aquatic_centre_ivanhoe_1035598_p_coonawarra_willam_aquatic_centre_ivanhoe_1035598_exteriors_p_coonawarra_willam_aquatic_centre_ivanhoe_1035598_exterior_2', 'i_p_coonawarra_willam_aquatic_centre_ivanhoe_1035598_exteriors_p_coonawarra_willam_aquatic_centre_ivanhoe_1035598_p_coonawarra_willam_aquatic_centre_ivanhoe_1035598_exteriors_p_coonawarra_willam_aquatic_centre_ivanhoe_1035598_exterior_3', 'i_p_coonawarra_willam_aquatic_centre_ivanhoe_1035598_exteriors_p_coonawarra_willam_aquatic_centre_ivanhoe_1035598_p_coonawarra_willam_aquatic_centre_ivanhoe_1035598_exteriors_p_coonawarra_willam_aquatic_centre_ivanhoe_1035598_exterior_4', 'i_p_coonawarra_willam_aquatic_centre_ivanhoe_1035598_exteriors_p_coonawarra_willam_aquatic_centre_ivanhoe_1035598_p_coonawarra_willam_aquatic_centre_ivanhoe_1035598_exteriors_p_coonawarra_willam_aquatic_centre_ivanhoe_1035598_exterior_5']",[],Aquatic Centre|Modern Architecture|Sustainable Design|Natural Ventilation|Solar Panels|Community Facility|Swimming Pool|Natural Light|Water Features|Ceramic Tiles|Green Building|Swimming Technology|Urban Design|Concrete Construction|Melbourne Architecture|Community-Focused|Modernist|Energy Efficiency|Pool Terrace|Changing Rooms|Landscaped Area|Sports Facility|Public Infrastructure|Accessible Design|Transition Spaces|Fitness|Recreational Space|Interior Design|Social Space|Pool Accessibility|All-Season Use,-36.9847807,143.3906074,Willam Architects,Ivanhoe,,,2024.0,2000.0,2.0
p_coonawarra_willam_aquatic_centre_ivanhoe_1035598_interiors_p_coonawarra_willam_aquatic_centre_ivanhoe_1035598,Coonawarra Willam Aquatic Centre Ivanhoe 1035598 Interiors P Coonawarra Willam Aquatic Centre Ivanhoe,unknown,unknown,unknown,unknown,unknown,"['i_p_coonawarra_willam_aquatic_centre_ivanhoe_1035598_interiors_p_coonawarra_willam_aquatic_centre_ivanhoe_1035598_p_coonawarra_willam_aquatic_centre_ivanhoe_1035598_interiors_p_coonawarra_willam_aquatic_centre_ivanhoe_1035598_interior_1', 'i_p_coonawarra_willam_aquatic_centre_ivanhoe_1035598_interiors_p_coonawarra_willam_aquatic_centre_ivanhoe_1035598_p_coonawarra_willam_aquatic_centre_ivanhoe_1035598_interiors_p_coonawarra_willam_aquatic_centre_ivanhoe_1035598_interior_2', 'i_p_coonawarra_willam_aquatic_centre_ivanhoe_1035598_interiors_p_coonawarra_willam_aquatic_centre_ivanhoe_1035598_p_coonawarra_willam_aquatic_centre_ivanhoe_1035598_interiors_p_coonawarra_willam_aquatic_centre_ivanhoe_1035598_interior_3', 'i_p_coonawarra_willam_aquatic_centre_ivanhoe_1035598_interiors_p_coonawarra_willam_aquatic_centre_ivanhoe_1035598_p_coonawarra_willam_aquatic_centre_ivanhoe_1035598_interiors_p_coonawarra_willam_aquatic_centre_ivanhoe_1035598_interior_4', 'i_p_coonawarra_willam_aquatic_centre_ivanhoe_1035598_interiors_p_coonawarra_willam_aquatic_centre_ivanhoe_1035598_p_coonawarra_willam_aquatic_centre_ivanhoe_1035598_interiors_p_coonawarra_willam_aquatic_centre_ivanhoe_1035598_interior_5']",[],Aquatic Centre|Modern Architecture|Sustainable Design|Natural Ventilation|Solar Panels|Community Facility|Swimming Pool|Natural Light|Water Features|Ceramic Tiles|Green Building|Swimming Technology|Urban Design|Concrete Construction|Melbourne Architecture|Community-Focused|Modernist|Energy Efficiency|Pool Terrace|Changing Rooms|Landscaped Area|Sports Facility|Public Infrastructure|Accessible Design|Transition Spaces|Fitness|Recreational Space|Interior Design|Social Space|Pool Accessibility|All-Season Use,-36.9847807,143.3906074,Willam Architects,Ivanhoe,,,2024.0,2000.0,2.0
p_cube_workshop_building_civic_architects_1034679_diagrams_p_cube_workshop_building_civic_architects_1034679,Cube Workshop Building Civic Architects 1034679 Diagrams P Cube Workshop Building Civic Architects,unknown,unknown,unknown,unknown,unknown,"['i_p_cube_workshop_building_civic_architects_1034679_diagrams_p_cube_workshop_building_civic_architects_1034679_p_cube_workshop_building_civic_architects_1034679_diagrams_p_cube_workshop_building_civic_architects_1034679_diagram_1', 'i_p_cube_workshop_building_civic_architects_1034679_diagrams_p_cube_workshop_building_civic_architects_1034679_p_cube_workshop_building_civic_architects_1034679_diagrams_p_cube_workshop_building_civic_architects_1034679_diagram_2', 'i_p_cube_workshop_building_civic_architects_1034679_diagrams_p_cube_workshop_building_civic_architects_1034679_p_cube_workshop_building_civic_architects_1034679_diagrams_p_cube_workshop_building_civic_architects_1034679_diagram_3']",[],Workshop|Mixed-Use|Civic Architecture|Sustainability|Collaboration|Urban Design|Brick|Glass|Natural Ventilation|Daylighting|Green Roof|Rainwater Harvesting|Creative Space|Modernist|Fragmented Massing|Central Circulation|Community|Artisan|Office Space|High Performance|Urban Context|Temperate Climate|Passive Design|Concrete Frame|Interior Wood Finishes|Energy-Efficient|Landscape Integration|Social Interaction|Interior Design|Workspace|Adaptive Reuse|Building Technology|Design Innovation,52.3942887,4.8368666,Civic Architects,Amsterdam,,,2024.0,0.0,2.0
p_cube_workshop_building_civic_architects_1034679_exteriors_p_cube_workshop_building_civic_architects_1034679,Cube Workshop Building Civic Architects 1034679 Exteriors P Cube Workshop Building Civic Architects,unknown,unknown,unknown,unknown,unknown,"['i_p_cube_workshop_building_civic_architects_1034679_exteriors_p_cube_workshop_building_civic_architects_1034679_p_cube_workshop_building_civic_architects_1034679_exteriors_p_cube_workshop_building_civic_architects_1034679_exterior_1', 'i_p_cube_workshop_building_civic_architects_1034679_exteriors_p_cube_workshop_building_civic_architects_1034679_p_cube_workshop_building_civic_architects_1034679_exteriors_p_cube_workshop_building_civic_architects_1034679_exterior_2', 'i_p_cube_workshop_building_civic_architects_1034679_exteriors_p_cube_workshop_building_civic_architects_1034679_p_cube_workshop_building_civic_architects_1034679_exteriors_p_cube_workshop_building_civic_architects_1034679_exterior_3', 'i_p_cube_workshop_building_civic_architects_1034679_exteriors_p_cube_workshop_building_civic_architects_1034679_p_cube_workshop_building_civic_architects_1034679_exteriors_p_cube_workshop_building_civic_architects_1034679_exterior_4', 'i_p_cube_workshop_building_civic_architects_1034679_exteriors_p_cube_workshop_building_civic_architects_1034679_p_cube_workshop_building_civic_architects_1034679_exteriors_p_cube_workshop_building_civic_architects_1034679_exterior_5']",[],Workshop|Mixed-Use|Civic Architecture|Sustainability|Collaboration|Urban Design|Brick|Glass|Natural Ventilation|Daylighting|Green Roof|Rainwater Harvesting|Creative Space|Modernist|Fragmented Massing|Central Circulation|Community|Artisan|Office Space|High Performance|Urban Context|Temperate Climate|Passive Design|Concrete Frame|Interior Wood Finishes|Energy-Efficient|Landscape Integration|Social Interaction|Interior Design|Workspace|Adaptive Reuse|Building Technology|Design Innovation,52.3942887,4.8368666,Civic Architects,Amsterdam,,,2024.0,0.0,2.0
p_cube_workshop_building_civic_architects_1034679_interiors_p_cube_workshop_building_civic_architects_1034679,Cube Workshop Building Civic Architects 1034679 Interiors P Cube Workshop Building Civic Architects,unknown,unknown,unknown,unknown,unknown,"['i_p_cube_workshop_building_civic_architects_1034679_interiors_p_cube_workshop_building_civic_architects_1034679_p_cube_workshop_building_civic_architects_1034679_interiors_p_cube_workshop_building_civic_architects_1034679_interior_1', 'i_p_cube_workshop_building_civic_architects_1034679_interiors_p_cube_workshop_building_civic_architects_1034679_p_cube_workshop_building_civic_architects_1034679_interiors_p_cube_workshop_building_civic_architects_1034679_interior_2', 'i_p_cube_workshop_building_civic_architects_1034679_interiors_p_cube_workshop_building_civic_architects_1034679_p_cube_workshop_building_civic_architects_1034679_interiors_p_cube_workshop_building_civic_architects_1034679_interior_3', 'i_p_cube_workshop_building_civic_architects_1034679_interiors_p_cube_workshop_building_civic_architects_1034679_p_cube_workshop_building_civic_architects_1034679_interiors_p_cube_workshop_building_civic_architects_1034679_interior_4', 'i_p_cube_workshop_building_civic_architects_1034679_interiors_p_cube_workshop_building_civic_architects_1034679_p_cube_workshop_building_civic_architects_1034679_interiors_p_cube_workshop_building_civic_architects_1034679_interior_5']",[],Workshop|Mixed-Use|Civic Architecture|Sustainability|Collaboration|Urban Design|Brick|Glass|Natural Ventilation|Daylighting|Green Roof|Rainwater Harvesting|Creative Space|Modernist|Fragmented Massing|Central Circulation|Community|Artisan|Office Space|High Performance|Urban Context|Temperate Climate|Passive Design|Concrete Frame|Interior Wood Finishes|Energy-Efficient|Landscape Integration|Social Interaction|Interior Design|Workspace|Adaptive Reuse|Building Technology|Design Innovation,52.3942887,4.8368666,Civic Architects,Amsterdam,,,2024.0,0.0,2.0
p_datta_vihara_shrine_karan_darda_architec_1029737_diagrams_p_datta_vihara_shrine_karan_darda_architec_1029737,Datta Vihara Shrine Karan Darda Architec 1029737 Diagrams P Datta Vihara Shrine Karan Darda Architec,unknown,unknown,unknown,unknown,unknown,"['i_p_datta_vihara_shrine_karan_darda_architec_1029737_diagrams_p_datta_vihara_shrine_karan_darda_architec_1029737_p_datta_vihara_shrine_karan_darda_architec_1029737_diagrams_p_datta_vihara_shrine_karan_darda_architec_1029737_diagram_1', 'i_p_datta_vihara_shrine_karan_darda_architec_1029737_diagrams_p_datta_vihara_shrine_karan_darda_architec_1029737_p_datta_vihara_shrine_karan_darda_architec_1029737_diagrams_p_datta_vihara_shrine_karan_darda_architec_1029737_diagram_2', 'i_p_datta_vihara_shrine_karan_darda_architec_1029737_diagrams_p_datta_vihara_shrine_karan_darda_architec_1029737_p_datta_vihara_shrine_karan_darda_architec_1029737_diagrams_p_datta_vihara_shrine_karan_darda_architec_1029737_diagram_3']",[],Shrine|Karan Darda|Spiritual Architecture|Sustainable Design|Pavilion|Natural Ventilation|Community Space|Earthy Materials|Meditative Space|Landscape Architecture|Light-Filled Spaces|Cross Ventilation|Tropical Architecture|Rainwater Harvesting|Cultural Design|Integrated Into Landscape|Local Craftsmanship|Earth Tones|Concrete|Glass|Wood|Stone|Passive Design|Gathering Areas|Architectural Harmony|South Asian Architecture|Light Management|Nature-Embedded|Relaxation Areas|Interaction With Nature|Recreational Areas,18.5246091,73.8786239,Karan Darda,Undisclosed,,,2024.0,300.0,1.0
p_datta_vihara_shrine_karan_darda_architec_1029737_exteriors_p_datta_vihara_shrine_karan_darda_architec_1029737,Datta Vihara Shrine Karan Darda Architec 1029737 Exteriors P Datta Vihara Shrine Karan Darda Architec,unknown,unknown,unknown,unknown,unknown,"['i_p_datta_vihara_shrine_karan_darda_architec_1029737_exteriors_p_datta_vihara_shrine_karan_darda_architec_1029737_p_datta_vihara_shrine_karan_darda_architec_1029737_exteriors_p_datta_vihara_shrine_karan_darda_architec_1029737_exterior_1', 'i_p_datta_vihara_shrine_karan_darda_architec_1029737_exteriors_p_datta_vihara_shrine_karan_darda_architec_1029737_p_datta_vihara_shrine_karan_darda_architec_1029737_exteriors_p_datta_vihara_shrine_karan_darda_architec_1029737_exterior_2', 'i_p_datta_vihara_shrine_karan_darda_architec_1029737_exteriors_p_datta_vihara_shrine_karan_darda_architec_1029737_p_datta_vihara_shrine_karan_darda_architec_1029737_exteriors_p_datta_vihara_shrine_karan_darda_architec_1029737_exterior_3', 'i_p_datta_vihara_shrine_karan_darda_architec_1029737_exteriors_p_datta_vihara_shrine_karan_darda_architec_1029737_p_datta_vihara_shrine_karan_darda_architec_1029737_exteriors_p_datta_vihara_shrine_karan_darda_architec_1029737_exterior_4', 'i_p_datta_vihara_shrine_karan_darda_architec_1029737_exteriors_p_datta_vihara_shrine_karan_darda_architec_1029737_p_datta_vihara_shrine_karan_darda_architec_1029737_exteriors_p_datta_vihara_shrine_karan_darda_architec_1029737_exterior_5']",[],Shrine|Karan Darda|Spiritual Architecture|Sustainable Design|Pavilion|Natural Ventilation|Community Space|Earthy Materials|Meditative Space|Landscape Architecture|Light-Filled Spaces|Cross Ventilation|Tropical Architecture|Rainwater Harvesting|Cultural Design|Integrated Into Landscape|Local Craftsmanship|Earth Tones|Concrete|Glass|Wood|Stone|Passive Design|Gathering Areas|Architectural Harmony|South Asian Architecture|Light Management|Nature-Embedded|Relaxation Areas|Interaction With Nature|Recreational Areas,18.5246091,73.8786239,Karan Darda,Undisclosed,,,2024.0,300.0,1.0
p_datta_vihara_shrine_karan_darda_architec_1029737_interiors_p_datta_vihara_shrine_karan_darda_architec_1029737,Datta Vihara Shrine Karan Darda Architec 1029737 Interiors P Datta Vihara Shrine Karan Darda Architec,unknown,unknown,unknown,unknown,unknown,"['i_p_datta_vihara_shrine_karan_darda_architec_1029737_interiors_p_datta_vihara_shrine_karan_darda_architec_1029737_p_datta_vihara_shrine_karan_darda_architec_1029737_interiors_p_datta_vihara_shrine_karan_darda_architec_1029737_interior_1', 'i_p_datta_vihara_shrine_karan_darda_architec_1029737_interiors_p_datta_vihara_shrine_karan_darda_architec_1029737_p_datta_vihara_shrine_karan_darda_architec_1029737_interiors_p_datta_vihara_shrine_karan_darda_architec_1029737_interior_2', 'i_p_datta_vihara_shrine_karan_darda_architec_1029737_interiors_p_datta_vihara_shrine_karan_darda_architec_1029737_p_datta_vihara_shrine_karan_darda_architec_1029737_interiors_p_datta_vihara_shrine_karan_darda_architec_1029737_interior_3', 'i_p_datta_vihara_shrine_karan_darda_architec_1029737_interiors_p_datta_vihara_shrine_karan_darda_architec_1029737_p_datta_vihara_shrine_karan_darda_architec_1029737_interiors_p_datta_vihara_shrine_karan_darda_architec_1029737_interior_4', 'i_p_datta_vihara_shrine_karan_darda_architec_1029737_interiors_p_datta_vihara_shrine_karan_darda_architec_1029737_p_datta_vihara_shrine_karan_darda_architec_1029737_interiors_p_datta_vihara_shrine_karan_darda_architec_1029737_interior_5']",[],Shrine|Karan Darda|Spiritual Architecture|Sustainable Design|Pavilion|Natural Ventilation|Community Space|Earthy Materials|Meditative Space|Landscape Architecture|Light-Filled Spaces|Cross Ventilation|Tropical Architecture|Rainwater Harvesting|Cultural Design|Integrated Into Landscape|Local Craftsmanship|Earth Tones|Concrete|Glass|Wood|Stone|Passive Design|Gathering Areas|Architectural Harmony|South Asian Architecture|Light Management|Nature-Embedded|Relaxation Areas|Interaction With Nature|Recreational Areas,18.5246091,73.8786239,Karan Darda,Undisclosed,,,2024.0,300.0,1.0
p_david_rubenstein_treehouse_harvard_unive_1035475_diagrams_p_david_rubenstein_treehouse_harvard_unive_1035475,David Rubenstein Treehouse Harvard Unive 1035475 Diagrams P David Rubenstein Treehouse Harvard Unive,unknown,unknown,unknown,unknown,unknown,"['i_p_david_rubenstein_treehouse_harvard_unive_1035475_diagrams_p_david_rubenstein_treehouse_harvard_unive_1035475_p_david_rubenstein_treehouse_harvard_unive_1035475_diagrams_p_david_rubenstein_treehouse_harvard_unive_1035475_diagram_1', 'i_p_david_rubenstein_treehouse_harvard_unive_1035475_diagrams_p_david_rubenstein_treehouse_harvard_unive_1035475_p_david_rubenstein_treehouse_harvard_unive_1035475_diagrams_p_david_rubenstein_treehouse_harvard_unive_1035475_diagram_2', 'i_p_david_rubenstein_treehouse_harvard_unive_1035475_diagrams_p_david_rubenstein_treehouse_harvard_unive_1035475_p_david_rubenstein_treehouse_harvard_unive_1035475_diagrams_p_david_rubenstein_treehouse_harvard_unive_1035475_diagram_3']",[],Renzo Piano|Harvard University|Educational Architecture|Sustainable Design|Treehouse|Wood|Glass|Natural Lighting|Environmental Science|Research Facility|Eco-Friendly|Open Plan|High-Performance Glazing|Natural Ventilation|Green Roof|Daylighting|Pavilion|Urban|Wooded Landscape|Modern Architecture|Institutional|Outdoor Learning|Interactive Spaces|Biophilic Design|Thermal Mass|Solar Panels|Rainwater Harvesting|Concrete|Reclaimed Materials|Skylights,42.3555076,-71.0565364,Renzo Piano,Cambridge,,,2024.0,0.0,2.0
p_david_rubenstein_treehouse_harvard_unive_1035475_exteriors_p_david_rubenstein_treehouse_harvard_unive_1035475,David Rubenstein Treehouse Harvard Unive 1035475 Exteriors P David Rubenstein Treehouse Harvard Unive,unknown,unknown,unknown,unknown,unknown,"['i_p_david_rubenstein_treehouse_harvard_unive_1035475_exteriors_p_david_rubenstein_treehouse_harvard_unive_1035475_p_david_rubenstein_treehouse_harvard_unive_1035475_exteriors_p_david_rubenstein_treehouse_harvard_unive_1035475_exterior_1', 'i_p_david_rubenstein_treehouse_harvard_unive_1035475_exteriors_p_david_rubenstein_treehouse_harvard_unive_1035475_p_david_rubenstein_treehouse_harvard_unive_1035475_exteriors_p_david_rubenstein_treehouse_harvard_unive_1035475_exterior_2', 'i_p_david_rubenstein_treehouse_harvard_unive_1035475_exteriors_p_david_rubenstein_treehouse_harvard_unive_1035475_p_david_rubenstein_treehouse_harvard_unive_1035475_exteriors_p_david_rubenstein_treehouse_harvard_unive_1035475_exterior_3']",[],Renzo Piano|Harvard University|Educational Architecture|Sustainable Design|Treehouse|Wood|Glass|Natural Lighting|Environmental Science|Research Facility|Eco-Friendly|Open Plan|High-Performance Glazing|Natural Ventilation|Green Roof|Daylighting|Pavilion|Urban|Wooded Landscape|Modern Architecture|Institutional|Outdoor Learning|Interactive Spaces|Biophilic Design|Thermal Mass|Solar Panels|Rainwater Harvesting|Concrete|Reclaimed Materials|Skylights,42.3555076,-71.0565364,Renzo Piano,Cambridge,,,2024.0,0.0,2.0
p_david_rubenstein_treehouse_harvard_unive_1035475_interiors_p_david_rubenstein_treehouse_harvard_unive_1035475,David Rubenstein Treehouse Harvard Unive 1035475 Interiors P David Rubenstein Treehouse Harvard Unive,unknown,unknown,unknown,unknown,unknown,"['i_p_david_rubenstein_treehouse_harvard_unive_1035475_interiors_p_david_rubenstein_treehouse_harvard_unive_1035475_p_david_rubenstein_treehouse_harvard_unive_1035475_interiors_p_david_rubenstein_treehouse_harvard_unive_1035475_interior_1', 'i_p_david_rubenstein_treehouse_harvard_unive_1035475_interiors_p_david_rubenstein_treehouse_harvard_unive_1035475_p_david_rubenstein_treehouse_harvard_unive_1035475_interiors_p_david_rubenstein_treehouse_harvard_unive_1035475_interior_2', 'i_p_david_rubenstein_treehouse_harvard_unive_1035475_interiors_p_david_rubenstein_treehouse_harvard_unive_1035475_p_david_rubenstein_treehouse_harvard_unive_1035475_interiors_p_david_rubenstein_treehouse_harvard_unive_1035475_interior_3', 'i_p_david_rubenstein_treehouse_harvard_unive_1035475_interiors_p_david_rubenstein_treehouse_harvard_unive_1035475_p_david_rubenstein_treehouse_harvard_unive_1035475_interiors_p_david_rubenstein_treehouse_harvard_unive_1035475_interior_4', 'i_p_david_rubenstein_treehouse_harvard_unive_1035475_interiors_p_david_rubenstein_treehouse_harvard_unive_1035475_p_david_rubenstein_treehouse_harvard_unive_1035475_interiors_p_david_rubenstein_treehouse_harvard_unive_1035475_interior_5']",[],Renzo Piano|Harvard University|Educational Architecture|Sustainable Design|Treehouse|Wood|Glass|Natural Lighting|Environmental Science|Research Facility|Eco-Friendly|Open Plan|High-Performance Glazing|Natural Ventilation|Green Roof|Daylighting|Pavilion|Urban|Wooded Landscape|Modern Architecture|Institutional|Outdoor Learning|Interactive Spaces|Biophilic Design|Thermal Mass|Solar Panels|Rainwater Harvesting|Concrete|Reclaimed Materials|Skylights,42.3555076,-71.0565364,Renzo Piano,Cambridge,,,2024.0,0.0,2.0
p_devalera_library_and_suil_gallery_keith_1029820_diagrams_p_devalera_library_and_suil_gallery_keith_1029820,Devalera Library And Suil Gallery Keith 1029820 Diagrams P Devalera Library And Suil Gallery Keith,unknown,unknown,unknown,unknown,unknown,"['i_p_devalera_library_and_suil_gallery_keith_1029820_diagrams_p_devalera_library_and_suil_gallery_keith_1029820_p_devalera_library_and_suil_gallery_keith_1029820_diagrams_p_devalera_library_and_suil_gallery_keith_1029820_diagram_1', 'i_p_devalera_library_and_suil_gallery_keith_1029820_diagrams_p_devalera_library_and_suil_gallery_keith_1029820_p_devalera_library_and_suil_gallery_keith_1029820_diagrams_p_devalera_library_and_suil_gallery_keith_1029820_diagram_2']",[],Library|Gallery|Community Space|Sustainable Architecture|Modernist|Natural Lighting|Energy Efficiency|Concrete|Glass|Steel|Urban Design|Public Building|Green Roof|Natural Ventilation|Gallery Space|Reading Room|Cultural Hub|Flexible Spaces|Material Efficiency|Landscaping|Interior Design|Double Height|Open Plan|Community Engagement|Solar Panels|Rainwater Harvesting|Urban Context|Daylighting|Modern Architecture|Contemporary Design,52.8470321,-8.9883123,Keith,Unknown,,,2024.0,1500.0,2.0
p_devalera_library_and_suil_gallery_keith_1029820_exteriors_p_devalera_library_and_suil_gallery_keith_1029820,Devalera Library And Suil Gallery Keith 1029820 Exteriors P Devalera Library And Suil Gallery Keith,unknown,unknown,unknown,unknown,unknown,"['i_p_devalera_library_and_suil_gallery_keith_1029820_exteriors_p_devalera_library_and_suil_gallery_keith_1029820_p_devalera_library_and_suil_gallery_keith_1029820_exteriors_p_devalera_library_and_suil_gallery_keith_1029820_exterior_1', 'i_p_devalera_library_and_suil_gallery_keith_1029820_exteriors_p_devalera_library_and_suil_gallery_keith_1029820_p_devalera_library_and_suil_gallery_keith_1029820_exteriors_p_devalera_library_and_suil_gallery_keith_1029820_exterior_2', 'i_p_devalera_library_and_suil_gallery_keith_1029820_exteriors_p_devalera_library_and_suil_gallery_keith_1029820_p_devalera_library_and_suil_gallery_keith_1029820_exteriors_p_devalera_library_and_suil_gallery_keith_1029820_exterior_3', 'i_p_devalera_library_and_suil_gallery_keith_1029820_exteriors_p_devalera_library_and_suil_gallery_keith_1029820_p_devalera_library_and_suil_gallery_keith_1029820_exteriors_p_devalera_library_and_suil_gallery_keith_1029820_exterior_4', 'i_p_devalera_library_and_suil_gallery_keith_1029820_exteriors_p_devalera_library_and_suil_gallery_keith_1029820_p_devalera_library_and_suil_gallery_keith_1029820_exteriors_p_devalera_library_and_suil_gallery_keith_1029820_exterior_5']",[],Library|Gallery|Community Space|Sustainable Architecture|Modernist|Natural Lighting|Energy Efficiency|Concrete|Glass|Steel|Urban Design|Public Building|Green Roof|Natural Ventilation|Gallery Space|Reading Room|Cultural Hub|Flexible Spaces|Material Efficiency|Landscaping|Interior Design|Double Height|Open Plan|Community Engagement|Solar Panels|Rainwater Harvesting|Urban Context|Daylighting|Modern Architecture|Contemporary Design,52.8470321,-8.9883123,Keith,Unknown,,,2024.0,1500.0,2.0
p_devalera_library_and_suil_gallery_keith_1029820_interiors_p_devalera_library_and_suil_gallery_keith_1029820,Devalera Library And Suil Gallery Keith 1029820 Interiors P Devalera Library And Suil Gallery Keith,unknown,unknown,unknown,unknown,unknown,"['i_p_devalera_library_and_suil_gallery_keith_1029820_interiors_p_devalera_library_and_suil_gallery_keith_1029820_p_devalera_library_and_suil_gallery_keith_1029820_interiors_p_devalera_library_and_suil_gallery_keith_1029820_interior_1', 'i_p_devalera_library_and_suil_gallery_keith_1029820_interiors_p_devalera_library_and_suil_gallery_keith_1029820_p_devalera_library_and_suil_gallery_keith_1029820_interiors_p_devalera_library_and_suil_gallery_keith_1029820_interior_2']",[],Library|Gallery|Community Space|Sustainable Architecture|Modernist|Natural Lighting|Energy Efficiency|Concrete|Glass|Steel|Urban Design|Public Building|Green Roof|Natural Ventilation|Gallery Space|Reading Room|Cultural Hub|Flexible Spaces|Material Efficiency|Landscaping|Interior Design|Double Height|Open Plan|Community Engagement|Solar Panels|Rainwater Harvesting|Urban Context|Daylighting|Modern Architecture|Contemporary Design,52.8470321,-8.9883123,Keith,Unknown,,,2024.0,1500.0,2.0
p_diriyah_art_futures_contemporary_art_hub_1023785_diagrams_p_diriyah_art_futures_contemporary_art_hub_1023785,Diriyah Art Futures Contemporary Art Hub 1023785 Diagrams P Diriyah Art Futures Contemporary Art Hub,unknown,unknown,unknown,unknown,unknown,"['i_p_diriyah_art_futures_contemporary_art_hub_1023785_diagrams_p_diriyah_art_futures_contemporary_art_hub_1023785_p_diriyah_art_futures_contemporary_art_hub_1023785_diagrams_p_diriyah_art_futures_contemporary_art_hub_1023785_diagram_1', 'i_p_diriyah_art_futures_contemporary_art_hub_1023785_diagrams_p_diriyah_art_futures_contemporary_art_hub_1023785_p_diriyah_art_futures_contemporary_art_hub_1023785_diagrams_p_diriyah_art_futures_contemporary_art_hub_1023785_diagram_2', 'i_p_diriyah_art_futures_contemporary_art_hub_1023785_diagrams_p_diriyah_art_futures_contemporary_art_hub_1023785_p_diriyah_art_futures_contemporary_art_hub_1023785_diagrams_p_diriyah_art_futures_contemporary_art_hub_1023785_diagram_3']",[],Concrete|Glass|Modernist|Cultural|Art Gallery|Exhibition Space|Natural Ventilation|Sustainable Design|Community Engagement|Polished Concrete|Wood|Landscape Integration|Green Roofs|Solar Panels|Thermally Efficient|Urban Architecture|Educational Facilities|Mixed-Use|Open Plan|Natural Lighting|Outdoor Spaces|Modern Architecture|Artistic Expression|Diriyah|Saudi Arabia|Arid Climate|Community Hub|Urban Design|Cultural Exchange|Pathways|Integration,24.7479649,46.5363683,Unknown,Diriyah,,,2024.0,0.0,2.0
p_diriyah_art_futures_contemporary_art_hub_1023785_exteriors_p_diriyah_art_futures_contemporary_art_hub_1023785,Diriyah Art Futures Contemporary Art Hub 1023785 Exteriors P Diriyah Art Futures Contemporary Art Hub,unknown,unknown,unknown,unknown,unknown,"['i_p_diriyah_art_futures_contemporary_art_hub_1023785_exteriors_p_diriyah_art_futures_contemporary_art_hub_1023785_p_diriyah_art_futures_contemporary_art_hub_1023785_exteriors_p_diriyah_art_futures_contemporary_art_hub_1023785_exterior_1', 'i_p_diriyah_art_futures_contemporary_art_hub_1023785_exteriors_p_diriyah_art_futures_contemporary_art_hub_1023785_p_diriyah_art_futures_contemporary_art_hub_1023785_exteriors_p_diriyah_art_futures_contemporary_art_hub_1023785_exterior_2', 'i_p_diriyah_art_futures_contemporary_art_hub_1023785_exteriors_p_diriyah_art_futures_contemporary_art_hub_1023785_p_diriyah_art_futures_contemporary_art_hub_1023785_exteriors_p_diriyah_art_futures_contemporary_art_hub_1023785_exterior_3', 'i_p_diriyah_art_futures_contemporary_art_hub_1023785_exteriors_p_diriyah_art_futures_contemporary_art_hub_1023785_p_diriyah_art_futures_contemporary_art_hub_1023785_exteriors_p_diriyah_art_futures_contemporary_art_hub_1023785_exterior_4']",[],Concrete|Glass|Modernist|Cultural|Art Gallery|Exhibition Space|Natural Ventilation|Sustainable Design|Community Engagement|Polished Concrete|Wood|Landscape Integration|Green Roofs|Solar Panels|Thermally Efficient|Urban Architecture|Educational Facilities|Mixed-Use|Open Plan|Natural Lighting|Outdoor Spaces|Modern Architecture|Artistic Expression|Diriyah|Saudi Arabia|Arid Climate|Community Hub|Urban Design|Cultural Exchange|Pathways|Integration,24.7479649,46.5363683,Unknown,Diriyah,,,2024.0,0.0,2.0
p_diriyah_art_futures_contemporary_art_hub_1023785_interiors_p_diriyah_art_futures_contemporary_art_hub_1023785,Diriyah Art Futures Contemporary Art Hub 1023785 Interiors P Diriyah Art Futures Contemporary Art Hub,unknown,unknown,unknown,unknown,unknown,"['i_p_diriyah_art_futures_contemporary_art_hub_1023785_interiors_p_diriyah_art_futures_contemporary_art_hub_1023785_p_diriyah_art_futures_contemporary_art_hub_1023785_interiors_p_diriyah_art_futures_contemporary_art_hub_1023785_interior_1', 'i_p_diriyah_art_futures_contemporary_art_hub_1023785_interiors_p_diriyah_art_futures_contemporary_art_hub_1023785_p_diriyah_art_futures_contemporary_art_hub_1023785_interiors_p_diriyah_art_futures_contemporary_art_hub_1023785_interior_2', 'i_p_diriyah_art_futures_contemporary_art_hub_1023785_interiors_p_diriyah_art_futures_contemporary_art_hub_1023785_p_diriyah_art_futures_contemporary_art_hub_1023785_interiors_p_diriyah_art_futures_contemporary_art_hub_1023785_interior_3', 'i_p_diriyah_art_futures_contemporary_art_hub_1023785_interiors_p_diriyah_art_futures_contemporary_art_hub_1023785_p_diriyah_art_futures_contemporary_art_hub_1023785_interiors_p_diriyah_art_futures_contemporary_art_hub_1023785_interior_4', 'i_p_diriyah_art_futures_contemporary_art_hub_1023785_interiors_p_diriyah_art_futures_contemporary_art_hub_1023785_p_diriyah_art_futures_contemporary_art_hub_1023785_interiors_p_diriyah_art_futures_contemporary_art_hub_1023785_interior_5']",[],Concrete|Glass|Modernist|Cultural|Art Gallery|Exhibition Space|Natural Ventilation|Sustainable Design|Community Engagement|Polished Concrete|Wood|Landscape Integration|Green Roofs|Solar Panels|Thermally Efficient|Urban Architecture|Educational Facilities|Mixed-Use|Open Plan|Natural Lighting|Outdoor Spaces|Modern Architecture|Artistic Expression|Diriyah|Saudi Arabia|Arid Climate|Community Hub|Urban Design|Cultural Exchange|Pathways|Integration,24.7479649,46.5363683,Unknown,Diriyah,,,2024.0,0.0,2.0
p_dom_turka_house_of_remembrance_tremend_1032509_exteriors_p_dom_turka_house_of_remembrance_tremend_1032509,Dom Turka House Of Remembrance Tremend 1032509 Exteriors P Dom Turka House Of Remembrance Tremend,unknown,unknown,unknown,unknown,unknown,"['i_p_dom_turka_house_of_remembrance_tremend_1032509_exteriors_p_dom_turka_house_of_remembrance_tremend_1032509_p_dom_turka_house_of_remembrance_tremend_1032509_exteriors_p_dom_turka_house_of_remembrance_tremend_1032509_exterior_1', 'i_p_dom_turka_house_of_remembrance_tremend_1032509_exteriors_p_dom_turka_house_of_remembrance_tremend_1032509_p_dom_turka_house_of_remembrance_tremend_1032509_exteriors_p_dom_turka_house_of_remembrance_tremend_1032509_exterior_2', 'i_p_dom_turka_house_of_remembrance_tremend_1032509_exteriors_p_dom_turka_house_of_remembrance_tremend_1032509_p_dom_turka_house_of_remembrance_tremend_1032509_exteriors_p_dom_turka_house_of_remembrance_tremend_1032509_exterior_3', 'i_p_dom_turka_house_of_remembrance_tremend_1032509_exteriors_p_dom_turka_house_of_remembrance_tremend_1032509_p_dom_turka_house_of_remembrance_tremend_1032509_exteriors_p_dom_turka_house_of_remembrance_tremend_1032509_exterior_4', 'i_p_dom_turka_house_of_remembrance_tremend_1032509_exteriors_p_dom_turka_house_of_remembrance_tremend_1032509_p_dom_turka_house_of_remembrance_tremend_1032509_exteriors_p_dom_turka_house_of_remembrance_tremend_1032509_exterior_5']",[],Concrete|Glass|Cultural|Remembrance|Modernist|Sustainable|Natural Ventilation|Daylighting|Green Roof|Memorial Space|Poland|Contemporary Architecture|Landscape Integration|Courtyard|Central Circulation|High-Performance Glazing|Artificial Lighting|Natural Materials|Temperature Regulation|Passive Design|Community Space|Urban Context|Open Plan|Landscaped Surroundings|Cfb Climate Zone|Light Gray Facade|Polished Concrete|Ventilation|Reflection|Natural Environment|Engagement With Nature,53.84344309999999,22.9796023,Tremend,Tremend,,,2024.0,0.0,1.0
p_dom_turka_house_of_remembrance_tremend_1032509_interiors_p_dom_turka_house_of_remembrance_tremend_1032509,Dom Turka House Of Remembrance Tremend 1032509 Interiors P Dom Turka House Of Remembrance Tremend,unknown,unknown,unknown,unknown,unknown,"['i_p_dom_turka_house_of_remembrance_tremend_1032509_interiors_p_dom_turka_house_of_remembrance_tremend_1032509_p_dom_turka_house_of_remembrance_tremend_1032509_interiors_p_dom_turka_house_of_remembrance_tremend_1032509_interior_1', 'i_p_dom_turka_house_of_remembrance_tremend_1032509_interiors_p_dom_turka_house_of_remembrance_tremend_1032509_p_dom_turka_house_of_remembrance_tremend_1032509_interiors_p_dom_turka_house_of_remembrance_tremend_1032509_interior_2', 'i_p_dom_turka_house_of_remembrance_tremend_1032509_interiors_p_dom_turka_house_of_remembrance_tremend_1032509_p_dom_turka_house_of_remembrance_tremend_1032509_interiors_p_dom_turka_house_of_remembrance_tremend_1032509_interior_3', 'i_p_dom_turka_house_of_remembrance_tremend_1032509_interiors_p_dom_turka_house_of_remembrance_tremend_1032509_p_dom_turka_house_of_remembrance_tremend_1032509_interiors_p_dom_turka_house_of_remembrance_tremend_1032509_interior_4', 'i_p_dom_turka_house_of_remembrance_tremend_1032509_interiors_p_dom_turka_house_of_remembrance_tremend_1032509_p_dom_turka_house_of_remembrance_tremend_1032509_interiors_p_dom_turka_house_of_remembrance_tremend_1032509_interior_5']",[],Concrete|Glass|Cultural|Remembrance|Modernist|Sustainable|Natural Ventilation|Daylighting|Green Roof|Memorial Space|Poland|Contemporary Architecture|Landscape Integration|Courtyard|Central Circulation|High-Performance Glazing|Artificial Lighting|Natural Materials|Temperature Regulation|Passive Design|Community Space|Urban Context|Open Plan|Landscaped Surroundings|Cfb Climate Zone|Light Gray Facade|Polished Concrete|Ventilation|Reflection|Natural Environment|Engagement With Nature,53.84344309999999,22.9796023,Tremend,Tremend,,,2024.0,0.0,1.0
p_educational_area_of_the_exhibition_a_riv_1035308_diagrams_p_educational_area_of_the_exhibition_a_riv_1035308,Educational Area Of The Exhibition A Riv 1035308 Diagrams P Educational Area Of The Exhibition A Riv,unknown,unknown,unknown,unknown,unknown,['i_p_educational_area_of_the_exhibition_a_riv_1035308_diagrams_p_educational_area_of_the_exhibition_a_riv_1035308_p_educational_area_of_the_exhibition_a_riv_1035308_diagrams_p_educational_area_of_the_exhibition_a_riv_1035308_diagram_1'],[],Educational|Exhibition|Interactive|Sustainable|Modern|Glass|Concrete|Natural Light|Vegetative Roofs|Urban|Central Circulation|Hybrid Structure|Natural Ventilation|Daylighting|Flexible Spaces|Community Integration|Open Plan|Technology Integration|Public Space|Environmental Design|Thermal Performance|Exhibit Space|Learning Zones|Natural Materials|Energy Efficiency|Urban Context|Exhibitory Design|Landscape Architecture|Innovation|Multi-Purpose|Dynamic,0.0,0.0,Unknown,Unknown,,,2024.0,0.0,0.0
p_educational_area_of_the_exhibition_a_riv_1035308_exteriors_p_educational_area_of_the_exhibition_a_riv_1035308,Educational Area Of The Exhibition A Riv 1035308 Exteriors P Educational Area Of The Exhibition A Riv,unknown,unknown,unknown,unknown,unknown,"['i_p_educational_area_of_the_exhibition_a_riv_1035308_exteriors_p_educational_area_of_the_exhibition_a_riv_1035308_p_educational_area_of_the_exhibition_a_riv_1035308_exteriors_p_educational_area_of_the_exhibition_a_riv_1035308_exterior_1', 'i_p_educational_area_of_the_exhibition_a_riv_1035308_exteriors_p_educational_area_of_the_exhibition_a_riv_1035308_p_educational_area_of_the_exhibition_a_riv_1035308_exteriors_p_educational_area_of_the_exhibition_a_riv_1035308_exterior_2']",[],Educational|Exhibition|Interactive|Sustainable|Modern|Glass|Concrete|Natural Light|Vegetative Roofs|Urban|Central Circulation|Hybrid Structure|Natural Ventilation|Daylighting|Flexible Spaces|Community Integration|Open Plan|Technology Integration|Public Space|Environmental Design|Thermal Performance|Exhibit Space|Learning Zones|Natural Materials|Energy Efficiency|Urban Context|Exhibitory Design|Landscape Architecture|Innovation|Multi-Purpose|Dynamic,0.0,0.0,Unknown,Unknown,,,2024.0,0.0,0.0
p_educational_area_of_the_exhibition_a_riv_1035308_interiors_p_educational_area_of_the_exhibition_a_riv_1035308,Educational Area Of The Exhibition A Riv 1035308 Interiors P Educational Area Of The Exhibition A Riv,unknown,unknown,unknown,unknown,unknown,"['i_p_educational_area_of_the_exhibition_a_riv_1035308_interiors_p_educational_area_of_the_exhibition_a_riv_1035308_p_educational_area_of_the_exhibition_a_riv_1035308_interiors_p_educational_area_of_the_exhibition_a_riv_1035308_interior_1', 'i_p_educational_area_of_the_exhibition_a_riv_1035308_interiors_p_educational_area_of_the_exhibition_a_riv_1035308_p_educational_area_of_the_exhibition_a_riv_1035308_interiors_p_educational_area_of_the_exhibition_a_riv_1035308_interior_2']",[],Educational|Exhibition|Interactive|Sustainable|Modern|Glass|Concrete|Natural Light|Vegetative Roofs|Urban|Central Circulation|Hybrid Structure|Natural Ventilation|Daylighting|Flexible Spaces|Community Integration|Open Plan|Technology Integration|Public Space|Environmental Design|Thermal Performance|Exhibit Space|Learning Zones|Natural Materials|Energy Efficiency|Urban Context|Exhibitory Design|Landscape Architecture|Innovation|Multi-Purpose|Dynamic,0.0,0.0,Unknown,Unknown,,,2024.0,0.0,0.0
p_elementary_school_at_le_grand_lemps_fran_935357_diagrams_p_elementary_school_at_le_grand_lemps_fran_935357,Elementary School At Le Grand Lemps Fran 935357 Diagrams P Elementary School At Le Grand Lemps Fran,unknown,unknown,unknown,unknown,unknown,"['i_p_elementary_school_at_le_grand_lemps_fran_935357_diagrams_p_elementary_school_at_le_grand_lemps_fran_935357_p_elementary_school_at_le_grand_lemps_fran_935357_diagrams_p_elementary_school_at_le_grand_lemps_fran_935357_diagram_1', 'i_p_elementary_school_at_le_grand_lemps_fran_935357_diagrams_p_elementary_school_at_le_grand_lemps_fran_935357_p_elementary_school_at_le_grand_lemps_fran_935357_diagrams_p_elementary_school_at_le_grand_lemps_fran_935357_diagram_2', 'i_p_elementary_school_at_le_grand_lemps_fran_935357_diagrams_p_elementary_school_at_le_grand_lemps_fran_935357_p_elementary_school_at_le_grand_lemps_fran_935357_diagrams_p_elementary_school_at_le_grand_lemps_fran_935357_diagram_3']",[],School|Education|Concrete|Glass|Contemporary|Courtyard|Natural Light|Sustainable Design|Ventilation|Playground|Institutional|Community|Suburban|Classroom|Green Roof|Passive Design|Low Energy|Integrated Landscape|Interactive Spaces|Flexible Classrooms|Administrative Area|Recreational Spaces|Urban Design|Environmental Impact|Modern Architecture|Collaborative Learning|Child-Friendly|Open Plan|Natural Materials|Efficient Glazing,45.3982622,5.4205185,Not specified,Le Grand Lemps,,,2024.0,0.0,2.0
p_elementary_school_at_le_grand_lemps_fran_935357_exteriors_p_elementary_school_at_le_grand_lemps_fran_935357,Elementary School At Le Grand Lemps Fran 935357 Exteriors P Elementary School At Le Grand Lemps Fran,unknown,unknown,unknown,unknown,unknown,"['i_p_elementary_school_at_le_grand_lemps_fran_935357_exteriors_p_elementary_school_at_le_grand_lemps_fran_935357_p_elementary_school_at_le_grand_lemps_fran_935357_exteriors_p_elementary_school_at_le_grand_lemps_fran_935357_exterior_1', 'i_p_elementary_school_at_le_grand_lemps_fran_935357_exteriors_p_elementary_school_at_le_grand_lemps_fran_935357_p_elementary_school_at_le_grand_lemps_fran_935357_exteriors_p_elementary_school_at_le_grand_lemps_fran_935357_exterior_2', 'i_p_elementary_school_at_le_grand_lemps_fran_935357_exteriors_p_elementary_school_at_le_grand_lemps_fran_935357_p_elementary_school_at_le_grand_lemps_fran_935357_exteriors_p_elementary_school_at_le_grand_lemps_fran_935357_exterior_3']",[],School|Education|Concrete|Glass|Contemporary|Courtyard|Natural Light|Sustainable Design|Ventilation|Playground|Institutional|Community|Suburban|Classroom|Green Roof|Passive Design|Low Energy|Integrated Landscape|Interactive Spaces|Flexible Classrooms|Administrative Area|Recreational Spaces|Urban Design|Environmental Impact|Modern Architecture|Collaborative Learning|Child-Friendly|Open Plan|Natural Materials|Efficient Glazing,45.3982622,5.4205185,Not specified,Le Grand Lemps,,,2024.0,0.0,2.0
p_elementary_school_at_le_grand_lemps_fran_935357_interiors_p_elementary_school_at_le_grand_lemps_fran_935357,Elementary School At Le Grand Lemps Fran 935357 Interiors P Elementary School At Le Grand Lemps Fran,unknown,unknown,unknown,unknown,unknown,"['i_p_elementary_school_at_le_grand_lemps_fran_935357_interiors_p_elementary_school_at_le_grand_lemps_fran_935357_p_elementary_school_at_le_grand_lemps_fran_935357_interiors_p_elementary_school_at_le_grand_lemps_fran_935357_interior_1', 'i_p_elementary_school_at_le_grand_lemps_fran_935357_interiors_p_elementary_school_at_le_grand_lemps_fran_935357_p_elementary_school_at_le_grand_lemps_fran_935357_interiors_p_elementary_school_at_le_grand_lemps_fran_935357_interior_2']",[],School|Education|Concrete|Glass|Contemporary|Courtyard|Natural Light|Sustainable Design|Ventilation|Playground|Institutional|Community|Suburban|Classroom|Green Roof|Passive Design|Low Energy|Integrated Landscape|Interactive Spaces|Flexible Classrooms|Administrative Area|Recreational Spaces|Urban Design|Environmental Impact|Modern Architecture|Collaborative Learning|Child-Friendly|Open Plan|Natural Materials|Efficient Glazing,45.3982622,5.4205185,Not specified,Le Grand Lemps,,,2024.0,0.0,2.0
p_elisabeth_and_robert_badinter_elementary_1034682_diagrams_p_elisabeth_and_robert_badinter_elementary_1034682,Elisabeth And Robert Badinter Elementary 1034682 Diagrams P Elisabeth And Robert Badinter Elementary,unknown,unknown,unknown,unknown,unknown,"['i_p_elisabeth_and_robert_badinter_elementary_1034682_diagrams_p_elisabeth_and_robert_badinter_elementary_1034682_p_elisabeth_and_robert_badinter_elementary_1034682_diagrams_p_elisabeth_and_robert_badinter_elementary_1034682_diagram_1', 'i_p_elisabeth_and_robert_badinter_elementary_1034682_diagrams_p_elisabeth_and_robert_badinter_elementary_1034682_p_elisabeth_and_robert_badinter_elementary_1034682_diagrams_p_elisabeth_and_robert_badinter_elementary_1034682_diagram_2', 'i_p_elisabeth_and_robert_badinter_elementary_1034682_diagrams_p_elisabeth_and_robert_badinter_elementary_1034682_p_elisabeth_and_robert_badinter_elementary_1034682_diagrams_p_elisabeth_and_robert_badinter_elementary_1034682_diagram_3']",[],Concrete|Glass|School|Modern|Sustainability|Natural Ventilation|Daylighting|Green Roof|Educational Facility|Urban|Flexible Learning|Play Areas|Acoustic Panels|Indoor-Outdoor Flow|Environmental Design|Energy Efficiency|Classroom|Community Space|Modernist|Open Plan|Schoolyard|Children'S Spaces|Interactive Areas|Nature Integration|Heat Management|Ventilation|Landscaping|Modern Education|Teaching Spaces|Urban Context|Circular Design,44.683992,-1.015512,Unknown,Unknown City,,,2024.0,0.0,2.0
p_elisabeth_and_robert_badinter_elementary_1034682_exteriors_p_elisabeth_and_robert_badinter_elementary_1034682,Elisabeth And Robert Badinter Elementary 1034682 Exteriors P Elisabeth And Robert Badinter Elementary,unknown,unknown,unknown,unknown,unknown,"['i_p_elisabeth_and_robert_badinter_elementary_1034682_exteriors_p_elisabeth_and_robert_badinter_elementary_1034682_p_elisabeth_and_robert_badinter_elementary_1034682_exteriors_p_elisabeth_and_robert_badinter_elementary_1034682_exterior_1', 'i_p_elisabeth_and_robert_badinter_elementary_1034682_exteriors_p_elisabeth_and_robert_badinter_elementary_1034682_p_elisabeth_and_robert_badinter_elementary_1034682_exteriors_p_elisabeth_and_robert_badinter_elementary_1034682_exterior_2', 'i_p_elisabeth_and_robert_badinter_elementary_1034682_exteriors_p_elisabeth_and_robert_badinter_elementary_1034682_p_elisabeth_and_robert_badinter_elementary_1034682_exteriors_p_elisabeth_and_robert_badinter_elementary_1034682_exterior_3', 'i_p_elisabeth_and_robert_badinter_elementary_1034682_exteriors_p_elisabeth_and_robert_badinter_elementary_1034682_p_elisabeth_and_robert_badinter_elementary_1034682_exteriors_p_elisabeth_and_robert_badinter_elementary_1034682_exterior_4', 'i_p_elisabeth_and_robert_badinter_elementary_1034682_exteriors_p_elisabeth_and_robert_badinter_elementary_1034682_p_elisabeth_and_robert_badinter_elementary_1034682_exteriors_p_elisabeth_and_robert_badinter_elementary_1034682_exterior_5']",[],Concrete|Glass|School|Modern|Sustainability|Natural Ventilation|Daylighting|Green Roof|Educational Facility|Urban|Flexible Learning|Play Areas|Acoustic Panels|Indoor-Outdoor Flow|Environmental Design|Energy Efficiency|Classroom|Community Space|Modernist|Open Plan|Schoolyard|Children'S Spaces|Interactive Areas|Nature Integration|Heat Management|Ventilation|Landscaping|Modern Education|Teaching Spaces|Urban Context|Circular Design,44.683992,-1.015512,Unknown,Unknown City,,,2024.0,0.0,2.0
p_elisabeth_and_robert_badinter_elementary_1034682_interiors_p_elisabeth_and_robert_badinter_elementary_1034682,Elisabeth And Robert Badinter Elementary 1034682 Interiors P Elisabeth And Robert Badinter Elementary,unknown,unknown,unknown,unknown,unknown,"['i_p_elisabeth_and_robert_badinter_elementary_1034682_interiors_p_elisabeth_and_robert_badinter_elementary_1034682_p_elisabeth_and_robert_badinter_elementary_1034682_interiors_p_elisabeth_and_robert_badinter_elementary_1034682_interior_1', 'i_p_elisabeth_and_robert_badinter_elementary_1034682_interiors_p_elisabeth_and_robert_badinter_elementary_1034682_p_elisabeth_and_robert_badinter_elementary_1034682_interiors_p_elisabeth_and_robert_badinter_elementary_1034682_interior_2', 'i_p_elisabeth_and_robert_badinter_elementary_1034682_interiors_p_elisabeth_and_robert_badinter_elementary_1034682_p_elisabeth_and_robert_badinter_elementary_1034682_interiors_p_elisabeth_and_robert_badinter_elementary_1034682_interior_3', 'i_p_elisabeth_and_robert_badinter_elementary_1034682_interiors_p_elisabeth_and_robert_badinter_elementary_1034682_p_elisabeth_and_robert_badinter_elementary_1034682_interiors_p_elisabeth_and_robert_badinter_elementary_1034682_interior_4', 'i_p_elisabeth_and_robert_badinter_elementary_1034682_interiors_p_elisabeth_and_robert_badinter_elementary_1034682_p_elisabeth_and_robert_badinter_elementary_1034682_interiors_p_elisabeth_and_robert_badinter_elementary_1034682_interior_5']",[],Concrete|Glass|School|Modern|Sustainability|Natural Ventilation|Daylighting|Green Roof|Educational Facility|Urban|Flexible Learning|Play Areas|Acoustic Panels|Indoor-Outdoor Flow|Environmental Design|Energy Efficiency|Classroom|Community Space|Modernist|Open Plan|Schoolyard|Children'S Spaces|Interactive Areas|Nature Integration|Heat Management|Ventilation|Landscaping|Modern Education|Teaching Spaces|Urban Context|Circular Design,44.683992,-1.015512,Unknown,Unknown City,,,2024.0,0.0,2.0
p_event_hall_l_agora_and_ernest_hemingway_1029943_diagrams_p_event_hall_l_agora_and_ernest_hemingway_1029943,Event Hall L Agora And Ernest Hemingway 1029943 Diagrams P Event Hall L Agora And Ernest Hemingway,unknown,unknown,unknown,unknown,unknown,['i_p_event_hall_l_agora_and_ernest_hemingway_1029943_diagrams_p_event_hall_l_agora_and_ernest_hemingway_1029943_p_event_hall_l_agora_and_ernest_hemingway_1029943_diagrams_p_event_hall_l_agora_and_ernest_hemingway_1029943_diagram_1'],[],Event Hall|Contemporary Architecture|Cultural Space|Flexible Layout|Sustainable Design|Glass Facade|Urban Design|Natural Ventilation|Daylighting|Solar Panels|Acoustic Panels|Urban Environment|Community Hub|Modern Design|Ambient Lighting|Wood Interiors|Concrete Structure|Overhang|Public Space|Multi-Purpose Venue,43.537476,4.137918,Unknown,Unknown,,,2024.0,0.0,1.0
p_event_hall_l_agora_and_ernest_hemingway_1029943_exteriors_p_event_hall_l_agora_and_ernest_hemingway_1029943,Event Hall L Agora And Ernest Hemingway 1029943 Exteriors P Event Hall L Agora And Ernest Hemingway,unknown,unknown,unknown,unknown,unknown,"['i_p_event_hall_l_agora_and_ernest_hemingway_1029943_exteriors_p_event_hall_l_agora_and_ernest_hemingway_1029943_p_event_hall_l_agora_and_ernest_hemingway_1029943_exteriors_p_event_hall_l_agora_and_ernest_hemingway_1029943_exterior_1', 'i_p_event_hall_l_agora_and_ernest_hemingway_1029943_exteriors_p_event_hall_l_agora_and_ernest_hemingway_1029943_p_event_hall_l_agora_and_ernest_hemingway_1029943_exteriors_p_event_hall_l_agora_and_ernest_hemingway_1029943_exterior_2', 'i_p_event_hall_l_agora_and_ernest_hemingway_1029943_exteriors_p_event_hall_l_agora_and_ernest_hemingway_1029943_p_event_hall_l_agora_and_ernest_hemingway_1029943_exteriors_p_event_hall_l_agora_and_ernest_hemingway_1029943_exterior_3', 'i_p_event_hall_l_agora_and_ernest_hemingway_1029943_exteriors_p_event_hall_l_agora_and_ernest_hemingway_1029943_p_event_hall_l_agora_and_ernest_hemingway_1029943_exteriors_p_event_hall_l_agora_and_ernest_hemingway_1029943_exterior_4', 'i_p_event_hall_l_agora_and_ernest_hemingway_1029943_exteriors_p_event_hall_l_agora_and_ernest_hemingway_1029943_p_event_hall_l_agora_and_ernest_hemingway_1029943_exteriors_p_event_hall_l_agora_and_ernest_hemingway_1029943_exterior_5']",[],Event Hall|Contemporary Architecture|Cultural Space|Flexible Layout|Sustainable Design|Glass Facade|Urban Design|Natural Ventilation|Daylighting|Solar Panels|Acoustic Panels|Urban Environment|Community Hub|Modern Design|Ambient Lighting|Wood Interiors|Concrete Structure|Overhang|Public Space|Multi-Purpose Venue,43.537476,4.137918,Unknown,Unknown,,,2024.0,0.0,1.0
p_event_hall_l_agora_and_ernest_hemingway_1029943_interiors_p_event_hall_l_agora_and_ernest_hemingway_1029943,Event Hall L Agora And Ernest Hemingway 1029943 Interiors P Event Hall L Agora And Ernest Hemingway,unknown,unknown,unknown,unknown,unknown,"['i_p_event_hall_l_agora_and_ernest_hemingway_1029943_interiors_p_event_hall_l_agora_and_ernest_hemingway_1029943_p_event_hall_l_agora_and_ernest_hemingway_1029943_interiors_p_event_hall_l_agora_and_ernest_hemingway_1029943_interior_1', 'i_p_event_hall_l_agora_and_ernest_hemingway_1029943_interiors_p_event_hall_l_agora_and_ernest_hemingway_1029943_p_event_hall_l_agora_and_ernest_hemingway_1029943_interiors_p_event_hall_l_agora_and_ernest_hemingway_1029943_interior_2', 'i_p_event_hall_l_agora_and_ernest_hemingway_1029943_interiors_p_event_hall_l_agora_and_ernest_hemingway_1029943_p_event_hall_l_agora_and_ernest_hemingway_1029943_interiors_p_event_hall_l_agora_and_ernest_hemingway_1029943_interior_3', 'i_p_event_hall_l_agora_and_ernest_hemingway_1029943_interiors_p_event_hall_l_agora_and_ernest_hemingway_1029943_p_event_hall_l_agora_and_ernest_hemingway_1029943_interiors_p_event_hall_l_agora_and_ernest_hemingway_1029943_interior_4', 'i_p_event_hall_l_agora_and_ernest_hemingway_1029943_interiors_p_event_hall_l_agora_and_ernest_hemingway_1029943_p_event_hall_l_agora_and_ernest_hemingway_1029943_interiors_p_event_hall_l_agora_and_ernest_hemingway_1029943_interior_5']",[],Event Hall|Contemporary Architecture|Cultural Space|Flexible Layout|Sustainable Design|Glass Facade|Urban Design|Natural Ventilation|Daylighting|Solar Panels|Acoustic Panels|Urban Environment|Community Hub|Modern Design|Ambient Lighting|Wood Interiors|Concrete Structure|Overhang|Public Space|Multi-Purpose Venue,43.537476,4.137918,Unknown,Unknown,,,2024.0,0.0,1.0
p_far_rockaway_library_sn_hetta_1022953_diagrams_p_far_rockaway_library_sn_hetta_1022953,Far Rockaway Library Sn Hetta 1022953 Diagrams P Far Rockaway Library Sn Hetta,unknown,unknown,unknown,unknown,unknown,"['i_p_far_rockaway_library_sn_hetta_1022953_diagrams_p_far_rockaway_library_sn_hetta_1022953_p_far_rockaway_library_sn_hetta_1022953_diagrams_p_far_rockaway_library_sn_hetta_1022953_diagram_1', 'i_p_far_rockaway_library_sn_hetta_1022953_diagrams_p_far_rockaway_library_sn_hetta_1022953_p_far_rockaway_library_sn_hetta_1022953_diagrams_p_far_rockaway_library_sn_hetta_1022953_diagram_2']",[],Library|Snøhetta|Green Roof|Energy-Efficient|Community Space|Natural Lighting|Sustainability|Urban Design|Steel Frame|Glass Facade|Bamboo Flooring|Reinforced Concrete|Interactive Spaces|Education|Public Space|Temp Climate Response|Pedestrian-Friendly|Accessible Design|Modern Architecture|Social Interaction|Civic Architecture|Fragmented Massing|Active Learning|Natural Ventilation|Daylighting|Community Engagement|Interior Design|Environmental Design|Aesthetically Pleasing|Urban Context|Cultural Relevance,40.7282239,-73.7948516,Snøhetta,Far Rockaway,,,2024.0,0.0,2.0
p_far_rockaway_library_sn_hetta_1022953_exteriors_p_far_rockaway_library_sn_hetta_1022953,Far Rockaway Library Sn Hetta 1022953 Exteriors P Far Rockaway Library Sn Hetta,unknown,unknown,unknown,unknown,unknown,"['i_p_far_rockaway_library_sn_hetta_1022953_exteriors_p_far_rockaway_library_sn_hetta_1022953_p_far_rockaway_library_sn_hetta_1022953_exteriors_p_far_rockaway_library_sn_hetta_1022953_exterior_1', 'i_p_far_rockaway_library_sn_hetta_1022953_exteriors_p_far_rockaway_library_sn_hetta_1022953_p_far_rockaway_library_sn_hetta_1022953_exteriors_p_far_rockaway_library_sn_hetta_1022953_exterior_2']",[],Library|Snøhetta|Green Roof|Energy-Efficient|Community Space|Natural Lighting|Sustainability|Urban Design|Steel Frame|Glass Facade|Bamboo Flooring|Reinforced Concrete|Interactive Spaces|Education|Public Space|Temp Climate Response|Pedestrian-Friendly|Accessible Design|Modern Architecture|Social Interaction|Civic Architecture|Fragmented Massing|Active Learning|Natural Ventilation|Daylighting|Community Engagement|Interior Design|Environmental Design|Aesthetically Pleasing|Urban Context|Cultural Relevance,40.7282239,-73.7948516,Snøhetta,Far Rockaway,,,2024.0,0.0,2.0
p_far_rockaway_library_sn_hetta_1022953_interiors_p_far_rockaway_library_sn_hetta_1022953,Far Rockaway Library Sn Hetta 1022953 Interiors P Far Rockaway Library Sn Hetta,unknown,unknown,unknown,unknown,unknown,"['i_p_far_rockaway_library_sn_hetta_1022953_interiors_p_far_rockaway_library_sn_hetta_1022953_p_far_rockaway_library_sn_hetta_1022953_interiors_p_far_rockaway_library_sn_hetta_1022953_interior_1', 'i_p_far_rockaway_library_sn_hetta_1022953_interiors_p_far_rockaway_library_sn_hetta_1022953_p_far_rockaway_library_sn_hetta_1022953_interiors_p_far_rockaway_library_sn_hetta_1022953_interior_2', 'i_p_far_rockaway_library_sn_hetta_1022953_interiors_p_far_rockaway_library_sn_hetta_1022953_p_far_rockaway_library_sn_hetta_1022953_interiors_p_far_rockaway_library_sn_hetta_1022953_interior_3', 'i_p_far_rockaway_library_sn_hetta_1022953_interiors_p_far_rockaway_library_sn_hetta_1022953_p_far_rockaway_library_sn_hetta_1022953_interiors_p_far_rockaway_library_sn_hetta_1022953_interior_4', 'i_p_far_rockaway_library_sn_hetta_1022953_interiors_p_far_rockaway_library_sn_hetta_1022953_p_far_rockaway_library_sn_hetta_1022953_interiors_p_far_rockaway_library_sn_hetta_1022953_interior_5']",[],Library|Snøhetta|Green Roof|Energy-Efficient|Community Space|Natural Lighting|Sustainability|Urban Design|Steel Frame|Glass Facade|Bamboo Flooring|Reinforced Concrete|Interactive Spaces|Education|Public Space|Temp Climate Response|Pedestrian-Friendly|Accessible Design|Modern Architecture|Social Interaction|Civic Architecture|Fragmented Massing|Active Learning|Natural Ventilation|Daylighting|Community Engagement|Interior Design|Environmental Design|Aesthetically Pleasing|Urban Context|Cultural Relevance,40.7282239,-73.7948516,Snøhetta,Far Rockaway,,,2024.0,0.0,2.0
p_fenix_art_museum_mad_architects_1030328_exteriors_p_fenix_art_museum_mad_architects_1030328,Fenix Art Museum Mad Architects 1030328 Exteriors P Fenix Art Museum Mad Architects,unknown,unknown,unknown,unknown,unknown,"['i_p_fenix_art_museum_mad_architects_1030328_exteriors_p_fenix_art_museum_mad_architects_1030328_p_fenix_art_museum_mad_architects_1030328_exteriors_p_fenix_art_museum_mad_architects_1030328_exterior_1', 'i_p_fenix_art_museum_mad_architects_1030328_exteriors_p_fenix_art_museum_mad_architects_1030328_p_fenix_art_museum_mad_architects_1030328_exteriors_p_fenix_art_museum_mad_architects_1030328_exterior_2', 'i_p_fenix_art_museum_mad_architects_1030328_exteriors_p_fenix_art_museum_mad_architects_1030328_p_fenix_art_museum_mad_architects_1030328_exteriors_p_fenix_art_museum_mad_architects_1030328_exterior_3', 'i_p_fenix_art_museum_mad_architects_1030328_exteriors_p_fenix_art_museum_mad_architects_1030328_p_fenix_art_museum_mad_architects_1030328_exteriors_p_fenix_art_museum_mad_architects_1030328_exterior_4', 'i_p_fenix_art_museum_mad_architects_1030328_exteriors_p_fenix_art_museum_mad_architects_1030328_p_fenix_art_museum_mad_architects_1030328_exteriors_p_fenix_art_museum_mad_architects_1030328_exterior_5']",[],Museum|Mad Architects|Fragmented|Glass|Steel|Sustainability|Natural Ventilation|Art Exhibitions|Community Space|Cultural Center|Contemporary Architecture|Urban Design|Natural Light|Green Roof|High-Performance Glazing|Concrete Frame|Rotterdam|Landscape Integration|Interconnected Spaces|Public Engagement|Art And Culture|Educational Spaces|Community Activities|Daylighting|Modern Architecture|Local Culture|Adaptive Reuse|Environmentally Friendly|Space Optimization|Art Functions,51.9244201,4.4777325,MAD Architects,Rotterdam,,,2024.0,15000.0,3.0
p_fenix_art_museum_mad_architects_1030328_interiors_p_fenix_art_museum_mad_architects_1030328,Fenix Art Museum Mad Architects 1030328 Interiors P Fenix Art Museum Mad Architects,unknown,unknown,unknown,unknown,unknown,"['i_p_fenix_art_museum_mad_architects_1030328_interiors_p_fenix_art_museum_mad_architects_1030328_p_fenix_art_museum_mad_architects_1030328_interiors_p_fenix_art_museum_mad_architects_1030328_interior_1', 'i_p_fenix_art_museum_mad_architects_1030328_interiors_p_fenix_art_museum_mad_architects_1030328_p_fenix_art_museum_mad_architects_1030328_interiors_p_fenix_art_museum_mad_architects_1030328_interior_2', 'i_p_fenix_art_museum_mad_architects_1030328_interiors_p_fenix_art_museum_mad_architects_1030328_p_fenix_art_museum_mad_architects_1030328_interiors_p_fenix_art_museum_mad_architects_1030328_interior_3']",[],Museum|Mad Architects|Fragmented|Glass|Steel|Sustainability|Natural Ventilation|Art Exhibitions|Community Space|Cultural Center|Contemporary Architecture|Urban Design|Natural Light|Green Roof|High-Performance Glazing|Concrete Frame|Rotterdam|Landscape Integration|Interconnected Spaces|Public Engagement|Art And Culture|Educational Spaces|Community Activities|Daylighting|Modern Architecture|Local Culture|Adaptive Reuse|Environmentally Friendly|Space Optimization|Art Functions,51.9244201,4.4777325,MAD Architects,Rotterdam,,,2024.0,15000.0,3.0
p_five_finger_pavilion_yxdesigners_1034978_exteriors_p_five_finger_pavilion_yxdesigners_1034978,Five Finger Pavilion Yxdesigners 1034978 Exteriors P Five Finger Pavilion Yxdesigners,unknown,unknown,unknown,unknown,unknown,"['i_p_five_finger_pavilion_yxdesigners_1034978_exteriors_p_five_finger_pavilion_yxdesigners_1034978_p_five_finger_pavilion_yxdesigners_1034978_exteriors_p_five_finger_pavilion_yxdesigners_1034978_exterior_1', 'i_p_five_finger_pavilion_yxdesigners_1034978_exteriors_p_five_finger_pavilion_yxdesigners_1034978_p_five_finger_pavilion_yxdesigners_1034978_exteriors_p_five_finger_pavilion_yxdesigners_1034978_exterior_2', 'i_p_five_finger_pavilion_yxdesigners_1034978_exteriors_p_five_finger_pavilion_yxdesigners_1034978_p_five_finger_pavilion_yxdesigners_1034978_exteriors_p_five_finger_pavilion_yxdesigners_1034978_exterior_3', 'i_p_five_finger_pavilion_yxdesigners_1034978_exteriors_p_five_finger_pavilion_yxdesigners_1034978_p_five_finger_pavilion_yxdesigners_1034978_exteriors_p_five_finger_pavilion_yxdesigners_1034978_exterior_4', 'i_p_five_finger_pavilion_yxdesigners_1034978_exteriors_p_five_finger_pavilion_yxdesigners_1034978_p_five_finger_pavilion_yxdesigners_1034978_exteriors_p_five_finger_pavilion_yxdesigners_1034978_exterior_5']",[],Glass|Steel|Modernist|Pavilion|Open Plan|Natural Ventilation|Thermal Mass|Cultural Space|Exhibition Area|Sustainable|Daylighting|High-Performance Glazing|Green Roof|Natural|Solar Panels|Interior Courtyard|Landscape Integration|Accessible Design|Community Gathering|Water Management|Passive Design|Environmentally Friendly|Fluid Spaces|Design Innovation|Interaction Space|Community Engagement|Versatile Usage|Harmony With Nature|High-Tech Materials|Architectural Integration,0.0,0.0,Yxdesigners,,,,2024.0,0.0,1.0
p_five_finger_pavilion_yxdesigners_1034978_interiors_p_five_finger_pavilion_yxdesigners_1034978,Five Finger Pavilion Yxdesigners 1034978 Interiors P Five Finger Pavilion Yxdesigners,unknown,unknown,unknown,unknown,unknown,"['i_p_five_finger_pavilion_yxdesigners_1034978_interiors_p_five_finger_pavilion_yxdesigners_1034978_p_five_finger_pavilion_yxdesigners_1034978_interiors_p_five_finger_pavilion_yxdesigners_1034978_interior_1', 'i_p_five_finger_pavilion_yxdesigners_1034978_interiors_p_five_finger_pavilion_yxdesigners_1034978_p_five_finger_pavilion_yxdesigners_1034978_interiors_p_five_finger_pavilion_yxdesigners_1034978_interior_2', 'i_p_five_finger_pavilion_yxdesigners_1034978_interiors_p_five_finger_pavilion_yxdesigners_1034978_p_five_finger_pavilion_yxdesigners_1034978_interiors_p_five_finger_pavilion_yxdesigners_1034978_interior_3', 'i_p_five_finger_pavilion_yxdesigners_1034978_interiors_p_five_finger_pavilion_yxdesigners_1034978_p_five_finger_pavilion_yxdesigners_1034978_interiors_p_five_finger_pavilion_yxdesigners_1034978_interior_4', 'i_p_five_finger_pavilion_yxdesigners_1034978_interiors_p_five_finger_pavilion_yxdesigners_1034978_p_five_finger_pavilion_yxdesigners_1034978_interiors_p_five_finger_pavilion_yxdesigners_1034978_interior_5']",[],Glass|Steel|Modernist|Pavilion|Open Plan|Natural Ventilation|Thermal Mass|Cultural Space|Exhibition Area|Sustainable|Daylighting|High-Performance Glazing|Green Roof|Natural|Solar Panels|Interior Courtyard|Landscape Integration|Accessible Design|Community Gathering|Water Management|Passive Design|Environmentally Friendly|Fluid Spaces|Design Innovation|Interaction Space|Community Engagement|Versatile Usage|Harmony With Nature|High-Tech Materials|Architectural Integration,0.0,0.0,Yxdesigners,,,,2024.0,0.0,1.0
p_flower_on_hillside_community_library_st_1027318_exteriors_p_flower_on_hillside_community_library_st_1027318,Flower On Hillside Community Library St 1027318 Exteriors P Flower On Hillside Community Library St,unknown,unknown,unknown,unknown,unknown,"['i_p_flower_on_hillside_community_library_st_1027318_exteriors_p_flower_on_hillside_community_library_st_1027318_p_flower_on_hillside_community_library_st_1027318_exteriors_p_flower_on_hillside_community_library_st_1027318_exterior_1', 'i_p_flower_on_hillside_community_library_st_1027318_exteriors_p_flower_on_hillside_community_library_st_1027318_p_flower_on_hillside_community_library_st_1027318_exteriors_p_flower_on_hillside_community_library_st_1027318_exterior_2', 'i_p_flower_on_hillside_community_library_st_1027318_exteriors_p_flower_on_hillside_community_library_st_1027318_p_flower_on_hillside_community_library_st_1027318_exteriors_p_flower_on_hillside_community_library_st_1027318_exterior_3', 'i_p_flower_on_hillside_community_library_st_1027318_exteriors_p_flower_on_hillside_community_library_st_1027318_p_flower_on_hillside_community_library_st_1027318_exteriors_p_flower_on_hillside_community_library_st_1027318_exterior_4']",[],Library|Community Space|Sustainable Design|Natural Ventilation|Daylighting|Concrete|Glass|Wood|Green Roof|Hillside|Fragmented Massing|Open Plan|Urban|Suburban|School|Institutional|Interior Design|Passive Design|Renewable Energy|Natural Materials|Environmental Integration|Reading Room|Activity Space|Children'S Area|Architecture|Modern|Contemporary|Landscape Architecture|Interior Space|Ventilation|Biophilic Design,25.8176299,98.8567,Unknown,Unknown,,,2024.0,0.0,1.0
p_flower_on_hillside_community_library_st_1027318_interiors_p_flower_on_hillside_community_library_st_1027318,Flower On Hillside Community Library St 1027318 Interiors P Flower On Hillside Community Library St,unknown,unknown,unknown,unknown,unknown,"['i_p_flower_on_hillside_community_library_st_1027318_interiors_p_flower_on_hillside_community_library_st_1027318_p_flower_on_hillside_community_library_st_1027318_interiors_p_flower_on_hillside_community_library_st_1027318_interior_1', 'i_p_flower_on_hillside_community_library_st_1027318_interiors_p_flower_on_hillside_community_library_st_1027318_p_flower_on_hillside_community_library_st_1027318_interiors_p_flower_on_hillside_community_library_st_1027318_interior_2', 'i_p_flower_on_hillside_community_library_st_1027318_interiors_p_flower_on_hillside_community_library_st_1027318_p_flower_on_hillside_community_library_st_1027318_interiors_p_flower_on_hillside_community_library_st_1027318_interior_3', 'i_p_flower_on_hillside_community_library_st_1027318_interiors_p_flower_on_hillside_community_library_st_1027318_p_flower_on_hillside_community_library_st_1027318_interiors_p_flower_on_hillside_community_library_st_1027318_interior_4', 'i_p_flower_on_hillside_community_library_st_1027318_interiors_p_flower_on_hillside_community_library_st_1027318_p_flower_on_hillside_community_library_st_1027318_interiors_p_flower_on_hillside_community_library_st_1027318_interior_5']",[],Library|Community Space|Sustainable Design|Natural Ventilation|Daylighting|Concrete|Glass|Wood|Green Roof|Hillside|Fragmented Massing|Open Plan|Urban|Suburban|School|Institutional|Interior Design|Passive Design|Renewable Energy|Natural Materials|Environmental Integration|Reading Room|Activity Space|Children'S Area|Architecture|Modern|Contemporary|Landscape Architecture|Interior Space|Ventilation|Biophilic Design,25.8176299,98.8567,Unknown,Unknown,,,2024.0,0.0,1.0
p_frihamnskyrkan_church_elding_oscarson_1025436_diagrams_p_frihamnskyrkan_church_elding_oscarson_1025436,Frihamnskyrkan Church Elding Oscarson 1025436 Diagrams P Frihamnskyrkan Church Elding Oscarson,unknown,unknown,unknown,unknown,unknown,"['i_p_frihamnskyrkan_church_elding_oscarson_1025436_diagrams_p_frihamnskyrkan_church_elding_oscarson_1025436_p_frihamnskyrkan_church_elding_oscarson_1025436_diagrams_p_frihamnskyrkan_church_elding_oscarson_1025436_diagram_1', 'i_p_frihamnskyrkan_church_elding_oscarson_1025436_diagrams_p_frihamnskyrkan_church_elding_oscarson_1025436_p_frihamnskyrkan_church_elding_oscarson_1025436_diagrams_p_frihamnskyrkan_church_elding_oscarson_1025436_diagram_2', 'i_p_frihamnskyrkan_church_elding_oscarson_1025436_diagrams_p_frihamnskyrkan_church_elding_oscarson_1025436_p_frihamnskyrkan_church_elding_oscarson_1025436_diagrams_p_frihamnskyrkan_church_elding_oscarson_1025436_diagram_3']",[],Religious|Contemporary|Gothenburg|Elding Oscarson|Community Space|Sustainability|Energy-Efficient|Natural Ventilation|Daylight|Green Roof|Urban|Modernism|Concrete|Stone|Glass|Flexible Space|Worship|Cultural Activities|Passive Design|Natural Materials|Timber|Public Engagement|Architectural Innovation|High-Performance Glazing|Social Space|City Integration|Fragmented Design|Serene Environment|Landscape Architecture|Community Bonding,57.70887,11.97456,Elding Oscarson,Gothenburg,,,2024.0,1500.0,1.0
p_frihamnskyrkan_church_elding_oscarson_1025436_exteriors_p_frihamnskyrkan_church_elding_oscarson_1025436,Frihamnskyrkan Church Elding Oscarson 1025436 Exteriors P Frihamnskyrkan Church Elding Oscarson,unknown,unknown,unknown,unknown,unknown,"['i_p_frihamnskyrkan_church_elding_oscarson_1025436_exteriors_p_frihamnskyrkan_church_elding_oscarson_1025436_p_frihamnskyrkan_church_elding_oscarson_1025436_exteriors_p_frihamnskyrkan_church_elding_oscarson_1025436_exterior_1', 'i_p_frihamnskyrkan_church_elding_oscarson_1025436_exteriors_p_frihamnskyrkan_church_elding_oscarson_1025436_p_frihamnskyrkan_church_elding_oscarson_1025436_exteriors_p_frihamnskyrkan_church_elding_oscarson_1025436_exterior_2', 'i_p_frihamnskyrkan_church_elding_oscarson_1025436_exteriors_p_frihamnskyrkan_church_elding_oscarson_1025436_p_frihamnskyrkan_church_elding_oscarson_1025436_exteriors_p_frihamnskyrkan_church_elding_oscarson_1025436_exterior_3', 'i_p_frihamnskyrkan_church_elding_oscarson_1025436_exteriors_p_frihamnskyrkan_church_elding_oscarson_1025436_p_frihamnskyrkan_church_elding_oscarson_1025436_exteriors_p_frihamnskyrkan_church_elding_oscarson_1025436_exterior_4', 'i_p_frihamnskyrkan_church_elding_oscarson_1025436_exteriors_p_frihamnskyrkan_church_elding_oscarson_1025436_p_frihamnskyrkan_church_elding_oscarson_1025436_exteriors_p_frihamnskyrkan_church_elding_oscarson_1025436_exterior_5']",[],Religious|Contemporary|Gothenburg|Elding Oscarson|Community Space|Sustainability|Energy-Efficient|Natural Ventilation|Daylight|Green Roof|Urban|Modernism|Concrete|Stone|Glass|Flexible Space|Worship|Cultural Activities|Passive Design|Natural Materials|Timber|Public Engagement|Architectural Innovation|High-Performance Glazing|Social Space|City Integration|Fragmented Design|Serene Environment|Landscape Architecture|Community Bonding,57.70887,11.97456,Elding Oscarson,Gothenburg,,,2024.0,1500.0,1.0
p_frihamnskyrkan_church_elding_oscarson_1025436_interiors_p_frihamnskyrkan_church_elding_oscarson_1025436,Frihamnskyrkan Church Elding Oscarson 1025436 Interiors P Frihamnskyrkan Church Elding Oscarson,unknown,unknown,unknown,unknown,unknown,"['i_p_frihamnskyrkan_church_elding_oscarson_1025436_interiors_p_frihamnskyrkan_church_elding_oscarson_1025436_p_frihamnskyrkan_church_elding_oscarson_1025436_interiors_p_frihamnskyrkan_church_elding_oscarson_1025436_interior_1', 'i_p_frihamnskyrkan_church_elding_oscarson_1025436_interiors_p_frihamnskyrkan_church_elding_oscarson_1025436_p_frihamnskyrkan_church_elding_oscarson_1025436_interiors_p_frihamnskyrkan_church_elding_oscarson_1025436_interior_2']",[],Religious|Contemporary|Gothenburg|Elding Oscarson|Community Space|Sustainability|Energy-Efficient|Natural Ventilation|Daylight|Green Roof|Urban|Modernism|Concrete|Stone|Glass|Flexible Space|Worship|Cultural Activities|Passive Design|Natural Materials|Timber|Public Engagement|Architectural Innovation|High-Performance Glazing|Social Space|City Integration|Fragmented Design|Serene Environment|Landscape Architecture|Community Bonding,57.70887,11.97456,Elding Oscarson,Gothenburg,,,2024.0,1500.0,1.0
p_gabrielle_roy_library_saucier_perrotte_a_1028861_exteriors_p_gabrielle_roy_library_saucier_perrotte_a_1028861,Gabrielle Roy Library Saucier Perrotte A 1028861 Exteriors P Gabrielle Roy Library Saucier Perrotte A,unknown,unknown,unknown,unknown,unknown,"['i_p_gabrielle_roy_library_saucier_perrotte_a_1028861_exteriors_p_gabrielle_roy_library_saucier_perrotte_a_1028861_p_gabrielle_roy_library_saucier_perrotte_a_1028861_exteriors_p_gabrielle_roy_library_saucier_perrotte_a_1028861_exterior_1', 'i_p_gabrielle_roy_library_saucier_perrotte_a_1028861_exteriors_p_gabrielle_roy_library_saucier_perrotte_a_1028861_p_gabrielle_roy_library_saucier_perrotte_a_1028861_exteriors_p_gabrielle_roy_library_saucier_perrotte_a_1028861_exterior_2', 'i_p_gabrielle_roy_library_saucier_perrotte_a_1028861_exteriors_p_gabrielle_roy_library_saucier_perrotte_a_1028861_p_gabrielle_roy_library_saucier_perrotte_a_1028861_exteriors_p_gabrielle_roy_library_saucier_perrotte_a_1028861_exterior_3', 'i_p_gabrielle_roy_library_saucier_perrotte_a_1028861_exteriors_p_gabrielle_roy_library_saucier_perrotte_a_1028861_p_gabrielle_roy_library_saucier_perrotte_a_1028861_exteriors_p_gabrielle_roy_library_saucier_perrotte_a_1028861_exterior_4']",[],Library|Public Building|Concrete|Glass|Sustainable Design|Natural Lighting|Central Atrium|Community Space|Urban Architecture|Green Roof|Reading Rooms|Modern|Eco-Friendly|Daylighting|Ventilation|Interior Wood Finishes|Ceramic Tiles|Köppen Cfb|Prefab Elements|Concrete Frame|Horizontal Overhangs|Quebec City|Cultural|Landscape Integration|Fragmented Massing|Low-Emissivity Glass|Urban Park|Accessibility|Modular Design|Green Architecture,46.8130816,-71.20745959999999,Saucier Perrotte,Quebec City,,,2024.0,2500.0,2.0
p_gabrielle_roy_library_saucier_perrotte_a_1028861_interiors_p_gabrielle_roy_library_saucier_perrotte_a_1028861,Gabrielle Roy Library Saucier Perrotte A 1028861 Interiors P Gabrielle Roy Library Saucier Perrotte A,unknown,unknown,unknown,unknown,unknown,"['i_p_gabrielle_roy_library_saucier_perrotte_a_1028861_interiors_p_gabrielle_roy_library_saucier_perrotte_a_1028861_p_gabrielle_roy_library_saucier_perrotte_a_1028861_interiors_p_gabrielle_roy_library_saucier_perrotte_a_1028861_interior_1', 'i_p_gabrielle_roy_library_saucier_perrotte_a_1028861_interiors_p_gabrielle_roy_library_saucier_perrotte_a_1028861_p_gabrielle_roy_library_saucier_perrotte_a_1028861_interiors_p_gabrielle_roy_library_saucier_perrotte_a_1028861_interior_2', 'i_p_gabrielle_roy_library_saucier_perrotte_a_1028861_interiors_p_gabrielle_roy_library_saucier_perrotte_a_1028861_p_gabrielle_roy_library_saucier_perrotte_a_1028861_interiors_p_gabrielle_roy_library_saucier_perrotte_a_1028861_interior_3', 'i_p_gabrielle_roy_library_saucier_perrotte_a_1028861_interiors_p_gabrielle_roy_library_saucier_perrotte_a_1028861_p_gabrielle_roy_library_saucier_perrotte_a_1028861_interiors_p_gabrielle_roy_library_saucier_perrotte_a_1028861_interior_4', 'i_p_gabrielle_roy_library_saucier_perrotte_a_1028861_interiors_p_gabrielle_roy_library_saucier_perrotte_a_1028861_p_gabrielle_roy_library_saucier_perrotte_a_1028861_interiors_p_gabrielle_roy_library_saucier_perrotte_a_1028861_interior_5']",[],Library|Public Building|Concrete|Glass|Sustainable Design|Natural Lighting|Central Atrium|Community Space|Urban Architecture|Green Roof|Reading Rooms|Modern|Eco-Friendly|Daylighting|Ventilation|Interior Wood Finishes|Ceramic Tiles|Köppen Cfb|Prefab Elements|Concrete Frame|Horizontal Overhangs|Quebec City|Cultural|Landscape Integration|Fragmented Massing|Low-Emissivity Glass|Urban Park|Accessibility|Modular Design|Green Architecture,46.8130816,-71.20745959999999,Saucier Perrotte,Quebec City,,,2024.0,2500.0,2.0
p_ganga_leheri_temple_abin_design_studio_1030472_diagrams_p_ganga_leheri_temple_abin_design_studio_1030472,Ganga Leheri Temple Abin Design Studio 1030472 Diagrams P Ganga Leheri Temple Abin Design Studio,unknown,unknown,unknown,unknown,unknown,"['i_p_ganga_leheri_temple_abin_design_studio_1030472_diagrams_p_ganga_leheri_temple_abin_design_studio_1030472_p_ganga_leheri_temple_abin_design_studio_1030472_diagrams_p_ganga_leheri_temple_abin_design_studio_1030472_diagram_1', 'i_p_ganga_leheri_temple_abin_design_studio_1030472_diagrams_p_ganga_leheri_temple_abin_design_studio_1030472_p_ganga_leheri_temple_abin_design_studio_1030472_diagrams_p_ganga_leheri_temple_abin_design_studio_1030472_diagram_2', 'i_p_ganga_leheri_temple_abin_design_studio_1030472_diagrams_p_ganga_leheri_temple_abin_design_studio_1030472_p_ganga_leheri_temple_abin_design_studio_1030472_diagrams_p_ganga_leheri_temple_abin_design_studio_1030472_diagram_3']",[],Temple|Relgious Architecture|Contemporary|Abin Design Studio|Ganga River|Sustainability|Open Space|Landscaping|Reinforced Concrete|Stone Facade|Glass|Cultural Integration|Passive Design|Natural Ventilation|Community Spaces|Urban Setting|Tropical Climate|Spatial Organization|Light-Filled Interiors|Vertical Fins|Water Harvesting|Solar Energy|East Orientation|Central Circulation|Urban Integration|Spiritual Architecture|Modernist|Landscape Architecture|Water Features|Ecological Design,22.2186797,88.12181710000002,Abin Design Studio,Kolkata,,,2024.0,0.0,1.0
p_ganga_leheri_temple_abin_design_studio_1030472_exteriors_p_ganga_leheri_temple_abin_design_studio_1030472,Ganga Leheri Temple Abin Design Studio 1030472 Exteriors P Ganga Leheri Temple Abin Design Studio,unknown,unknown,unknown,unknown,unknown,"['i_p_ganga_leheri_temple_abin_design_studio_1030472_exteriors_p_ganga_leheri_temple_abin_design_studio_1030472_p_ganga_leheri_temple_abin_design_studio_1030472_exteriors_p_ganga_leheri_temple_abin_design_studio_1030472_exterior_1', 'i_p_ganga_leheri_temple_abin_design_studio_1030472_exteriors_p_ganga_leheri_temple_abin_design_studio_1030472_p_ganga_leheri_temple_abin_design_studio_1030472_exteriors_p_ganga_leheri_temple_abin_design_studio_1030472_exterior_2', 'i_p_ganga_leheri_temple_abin_design_studio_1030472_exteriors_p_ganga_leheri_temple_abin_design_studio_1030472_p_ganga_leheri_temple_abin_design_studio_1030472_exteriors_p_ganga_leheri_temple_abin_design_studio_1030472_exterior_3', 'i_p_ganga_leheri_temple_abin_design_studio_1030472_exteriors_p_ganga_leheri_temple_abin_design_studio_1030472_p_ganga_leheri_temple_abin_design_studio_1030472_exteriors_p_ganga_leheri_temple_abin_design_studio_1030472_exterior_4', 'i_p_ganga_leheri_temple_abin_design_studio_1030472_exteriors_p_ganga_leheri_temple_abin_design_studio_1030472_p_ganga_leheri_temple_abin_design_studio_1030472_exteriors_p_ganga_leheri_temple_abin_design_studio_1030472_exterior_5']",[],Temple|Relgious Architecture|Contemporary|Abin Design Studio|Ganga River|Sustainability|Open Space|Landscaping|Reinforced Concrete|Stone Facade|Glass|Cultural Integration|Passive Design|Natural Ventilation|Community Spaces|Urban Setting|Tropical Climate|Spatial Organization|Light-Filled Interiors|Vertical Fins|Water Harvesting|Solar Energy|East Orientation|Central Circulation|Urban Integration|Spiritual Architecture|Modernist|Landscape Architecture|Water Features|Ecological Design,22.2186797,88.12181710000002,Abin Design Studio,Kolkata,,,2024.0,0.0,1.0
p_ganga_leheri_temple_abin_design_studio_1030472_interiors_p_ganga_leheri_temple_abin_design_studio_1030472,Ganga Leheri Temple Abin Design Studio 1030472 Interiors P Ganga Leheri Temple Abin Design Studio,unknown,unknown,unknown,unknown,unknown,"['i_p_ganga_leheri_temple_abin_design_studio_1030472_interiors_p_ganga_leheri_temple_abin_design_studio_1030472_p_ganga_leheri_temple_abin_design_studio_1030472_interiors_p_ganga_leheri_temple_abin_design_studio_1030472_interior_1', 'i_p_ganga_leheri_temple_abin_design_studio_1030472_interiors_p_ganga_leheri_temple_abin_design_studio_1030472_p_ganga_leheri_temple_abin_design_studio_1030472_interiors_p_ganga_leheri_temple_abin_design_studio_1030472_interior_2']",[],Temple|Relgious Architecture|Contemporary|Abin Design Studio|Ganga River|Sustainability|Open Space|Landscaping|Reinforced Concrete|Stone Facade|Glass|Cultural Integration|Passive Design|Natural Ventilation|Community Spaces|Urban Setting|Tropical Climate|Spatial Organization|Light-Filled Interiors|Vertical Fins|Water Harvesting|Solar Energy|East Orientation|Central Circulation|Urban Integration|Spiritual Architecture|Modernist|Landscape Architecture|Water Features|Ecological Design,22.2186797,88.12181710000002,Abin Design Studio,Kolkata,,,2024.0,0.0,1.0
p_gersthof_model_school_renovation_and_con_1034672_diagrams_p_gersthof_model_school_renovation_and_con_1034672,Gersthof Model School Renovation And Con 1034672 Diagrams P Gersthof Model School Renovation And Con,unknown,unknown,unknown,unknown,unknown,"['i_p_gersthof_model_school_renovation_and_con_1034672_diagrams_p_gersthof_model_school_renovation_and_con_1034672_p_gersthof_model_school_renovation_and_con_1034672_diagrams_p_gersthof_model_school_renovation_and_con_1034672_diagram_1', 'i_p_gersthof_model_school_renovation_and_con_1034672_diagrams_p_gersthof_model_school_renovation_and_con_1034672_p_gersthof_model_school_renovation_and_con_1034672_diagrams_p_gersthof_model_school_renovation_and_con_1034672_diagram_2', 'i_p_gersthof_model_school_renovation_and_con_1034672_diagrams_p_gersthof_model_school_renovation_and_con_1034672_p_gersthof_model_school_renovation_and_con_1034672_diagrams_p_gersthof_model_school_renovation_and_con_1034672_diagram_3']",[],School|Renovation|Sustainability|Concrete|Glass|Urban|Educational|Passive Design|Natural Ventilation|Green Roof|Flexible Spaces|Modernist|Plaster|Interior Design|Daylight|Courtyard|Urban Context|Adaptive Reuse|Environmental Design|Learning Spaces|Community Integration|School Renovation|Classroom|Green Architecture|Nature Connection|Energyefficiency|Thermal Performance|Interactive Spaces|Collaborative Environments|Outdoor Classrooms|Modular Construction,48.20806959999999,16.3713095,Unknown,Vienna,,,2024.0,0.0,2.0
p_gersthof_model_school_renovation_and_con_1034672_exteriors_p_gersthof_model_school_renovation_and_con_1034672,Gersthof Model School Renovation And Con 1034672 Exteriors P Gersthof Model School Renovation And Con,unknown,unknown,unknown,unknown,unknown,"['i_p_gersthof_model_school_renovation_and_con_1034672_exteriors_p_gersthof_model_school_renovation_and_con_1034672_p_gersthof_model_school_renovation_and_con_1034672_exteriors_p_gersthof_model_school_renovation_and_con_1034672_exterior_1', 'i_p_gersthof_model_school_renovation_and_con_1034672_exteriors_p_gersthof_model_school_renovation_and_con_1034672_p_gersthof_model_school_renovation_and_con_1034672_exteriors_p_gersthof_model_school_renovation_and_con_1034672_exterior_2']",[],School|Renovation|Sustainability|Concrete|Glass|Urban|Educational|Passive Design|Natural Ventilation|Green Roof|Flexible Spaces|Modernist|Plaster|Interior Design|Daylight|Courtyard|Urban Context|Adaptive Reuse|Environmental Design|Learning Spaces|Community Integration|School Renovation|Classroom|Green Architecture|Nature Connection|Energyefficiency|Thermal Performance|Interactive Spaces|Collaborative Environments|Outdoor Classrooms|Modular Construction,48.20806959999999,16.3713095,Unknown,Vienna,,,2024.0,0.0,2.0
p_gersthof_model_school_renovation_and_con_1034672_interiors_p_gersthof_model_school_renovation_and_con_1034672,Gersthof Model School Renovation And Con 1034672 Interiors P Gersthof Model School Renovation And Con,unknown,unknown,unknown,unknown,unknown,"['i_p_gersthof_model_school_renovation_and_con_1034672_interiors_p_gersthof_model_school_renovation_and_con_1034672_p_gersthof_model_school_renovation_and_con_1034672_interiors_p_gersthof_model_school_renovation_and_con_1034672_interior_1', 'i_p_gersthof_model_school_renovation_and_con_1034672_interiors_p_gersthof_model_school_renovation_and_con_1034672_p_gersthof_model_school_renovation_and_con_1034672_interiors_p_gersthof_model_school_renovation_and_con_1034672_interior_2', 'i_p_gersthof_model_school_renovation_and_con_1034672_interiors_p_gersthof_model_school_renovation_and_con_1034672_p_gersthof_model_school_renovation_and_con_1034672_interiors_p_gersthof_model_school_renovation_and_con_1034672_interior_3', 'i_p_gersthof_model_school_renovation_and_con_1034672_interiors_p_gersthof_model_school_renovation_and_con_1034672_p_gersthof_model_school_renovation_and_con_1034672_interiors_p_gersthof_model_school_renovation_and_con_1034672_interior_4', 'i_p_gersthof_model_school_renovation_and_con_1034672_interiors_p_gersthof_model_school_renovation_and_con_1034672_p_gersthof_model_school_renovation_and_con_1034672_interiors_p_gersthof_model_school_renovation_and_con_1034672_interior_5']",[],School|Renovation|Sustainability|Concrete|Glass|Urban|Educational|Passive Design|Natural Ventilation|Green Roof|Flexible Spaces|Modernist|Plaster|Interior Design|Daylight|Courtyard|Urban Context|Adaptive Reuse|Environmental Design|Learning Spaces|Community Integration|School Renovation|Classroom|Green Architecture|Nature Connection|Energyefficiency|Thermal Performance|Interactive Spaces|Collaborative Environments|Outdoor Classrooms|Modular Construction,48.20806959999999,16.3713095,Unknown,Vienna,,,2024.0,0.0,2.0
p_gimle_4_student_housing_code_arkitektur_1034566_diagrams_p_gimle_4_student_housing_code_arkitektur_1034566,Gimle 4 Student Housing Code Arkitektur 1034566 Diagrams P Gimle 4 Student Housing Code Arkitektur,unknown,unknown,unknown,unknown,unknown,['i_p_gimle_4_student_housing_code_arkitektur_1034566_diagrams_p_gimle_4_student_housing_code_arkitektur_1034566_p_gimle_4_student_housing_code_arkitektur_1034566_diagrams_p_gimle_4_student_housing_code_arkitektur_1034566_diagram_1'],[],Student Housing|Oslo|Code Arkitektur|Sustainability|Residential|Brick|Glass|Modernist|Community|Energy-Efficient|Cross Ventilation|Daylighting|Urban|Landscape|Communal Spaces|Green Roofs|High-Performance Glazing|Natural Ventilation|Concrete|Central Circulation|Interior Flexibility|Accessible Design|Urban Integration|Flat Site|Residential Units|Social Interaction|Design Concept|Modern Architecture|Minimalist Details,59.9121746,10.7312704,Code Arkitektur,Oslo,,,2024.0,0.0,5.0
p_gimle_4_student_housing_code_arkitektur_1034566_exteriors_p_gimle_4_student_housing_code_arkitektur_1034566,Gimle 4 Student Housing Code Arkitektur 1034566 Exteriors P Gimle 4 Student Housing Code Arkitektur,unknown,unknown,unknown,unknown,unknown,"['i_p_gimle_4_student_housing_code_arkitektur_1034566_exteriors_p_gimle_4_student_housing_code_arkitektur_1034566_p_gimle_4_student_housing_code_arkitektur_1034566_exteriors_p_gimle_4_student_housing_code_arkitektur_1034566_exterior_1', 'i_p_gimle_4_student_housing_code_arkitektur_1034566_exteriors_p_gimle_4_student_housing_code_arkitektur_1034566_p_gimle_4_student_housing_code_arkitektur_1034566_exteriors_p_gimle_4_student_housing_code_arkitektur_1034566_exterior_2', 'i_p_gimle_4_student_housing_code_arkitektur_1034566_exteriors_p_gimle_4_student_housing_code_arkitektur_1034566_p_gimle_4_student_housing_code_arkitektur_1034566_exteriors_p_gimle_4_student_housing_code_arkitektur_1034566_exterior_3', 'i_p_gimle_4_student_housing_code_arkitektur_1034566_exteriors_p_gimle_4_student_housing_code_arkitektur_1034566_p_gimle_4_student_housing_code_arkitektur_1034566_exteriors_p_gimle_4_student_housing_code_arkitektur_1034566_exterior_4', 'i_p_gimle_4_student_housing_code_arkitektur_1034566_exteriors_p_gimle_4_student_housing_code_arkitektur_1034566_p_gimle_4_student_housing_code_arkitektur_1034566_exteriors_p_gimle_4_student_housing_code_arkitektur_1034566_exterior_5']",[],Student Housing|Oslo|Code Arkitektur|Sustainability|Residential|Brick|Glass|Modernist|Community|Energy-Efficient|Cross Ventilation|Daylighting|Urban|Landscape|Communal Spaces|Green Roofs|High-Performance Glazing|Natural Ventilation|Concrete|Central Circulation|Interior Flexibility|Accessible Design|Urban Integration|Flat Site|Residential Units|Social Interaction|Design Concept|Modern Architecture|Minimalist Details,59.9121746,10.7312704,Code Arkitektur,Oslo,,,2024.0,0.0,5.0
p_gimle_4_student_housing_code_arkitektur_1034566_interiors_p_gimle_4_student_housing_code_arkitektur_1034566,Gimle 4 Student Housing Code Arkitektur 1034566 Interiors P Gimle 4 Student Housing Code Arkitektur,unknown,unknown,unknown,unknown,unknown,"['i_p_gimle_4_student_housing_code_arkitektur_1034566_interiors_p_gimle_4_student_housing_code_arkitektur_1034566_p_gimle_4_student_housing_code_arkitektur_1034566_interiors_p_gimle_4_student_housing_code_arkitektur_1034566_interior_1', 'i_p_gimle_4_student_housing_code_arkitektur_1034566_interiors_p_gimle_4_student_housing_code_arkitektur_1034566_p_gimle_4_student_housing_code_arkitektur_1034566_interiors_p_gimle_4_student_housing_code_arkitektur_1034566_interior_2']",[],Student Housing|Oslo|Code Arkitektur|Sustainability|Residential|Brick|Glass|Modernist|Community|Energy-Efficient|Cross Ventilation|Daylighting|Urban|Landscape|Communal Spaces|Green Roofs|High-Performance Glazing|Natural Ventilation|Concrete|Central Circulation|Interior Flexibility|Accessible Design|Urban Integration|Flat Site|Residential Units|Social Interaction|Design Concept|Modern Architecture|Minimalist Details,59.9121746,10.7312704,Code Arkitektur,Oslo,,,2024.0,0.0,5.0
p_grentschel_school_extension_ahaa_1034558_exteriors_p_grentschel_school_extension_ahaa_1034558,Grentschel School Extension Ahaa 1034558 Exteriors P Grentschel School Extension Ahaa,unknown,unknown,unknown,unknown,unknown,"['i_p_grentschel_school_extension_ahaa_1034558_exteriors_p_grentschel_school_extension_ahaa_1034558_p_grentschel_school_extension_ahaa_1034558_exteriors_p_grentschel_school_extension_ahaa_1034558_exterior_1', 'i_p_grentschel_school_extension_ahaa_1034558_exteriors_p_grentschel_school_extension_ahaa_1034558_p_grentschel_school_extension_ahaa_1034558_exteriors_p_grentschel_school_extension_ahaa_1034558_exterior_2', 'i_p_grentschel_school_extension_ahaa_1034558_exteriors_p_grentschel_school_extension_ahaa_1034558_p_grentschel_school_extension_ahaa_1034558_exteriors_p_grentschel_school_extension_ahaa_1034558_exterior_3', 'i_p_grentschel_school_extension_ahaa_1034558_exteriors_p_grentschel_school_extension_ahaa_1034558_p_grentschel_school_extension_ahaa_1034558_exteriors_p_grentschel_school_extension_ahaa_1034558_exterior_4', 'i_p_grentschel_school_extension_ahaa_1034558_exteriors_p_grentschel_school_extension_ahaa_1034558_p_grentschel_school_extension_ahaa_1034558_exteriors_p_grentschel_school_extension_ahaa_1034558_exterior_5']",[],School|Education|Extension|Modern Architecture|Sustainability|Concrete|Zinc|Glass|Natural Lighting|Collaboration Spaces|Green Roof|Urban Design|Integrated Landscape|Passive Design|Natural Ventilation|Daylighting|Playground|Institutional Building|Environmentally Friendly|Classrooms|Administrative Spaces|Recreation Areas|European Architecture|Architectural Innovation|Community Space|Open Plan|Adaptable Design|Thermal Mass|Energy-Efficient|Natural Materials|Structural Integrity|Building Performance,47.0746504,7.3077022,Ahaa,Baden,,,2024.0,1500.0,2.0
p_grentschel_school_extension_ahaa_1034558_interiors_p_grentschel_school_extension_ahaa_1034558,Grentschel School Extension Ahaa 1034558 Interiors P Grentschel School Extension Ahaa,unknown,unknown,unknown,unknown,unknown,"['i_p_grentschel_school_extension_ahaa_1034558_interiors_p_grentschel_school_extension_ahaa_1034558_p_grentschel_school_extension_ahaa_1034558_interiors_p_grentschel_school_extension_ahaa_1034558_interior_1', 'i_p_grentschel_school_extension_ahaa_1034558_interiors_p_grentschel_school_extension_ahaa_1034558_p_grentschel_school_extension_ahaa_1034558_interiors_p_grentschel_school_extension_ahaa_1034558_interior_2', 'i_p_grentschel_school_extension_ahaa_1034558_interiors_p_grentschel_school_extension_ahaa_1034558_p_grentschel_school_extension_ahaa_1034558_interiors_p_grentschel_school_extension_ahaa_1034558_interior_3', 'i_p_grentschel_school_extension_ahaa_1034558_interiors_p_grentschel_school_extension_ahaa_1034558_p_grentschel_school_extension_ahaa_1034558_interiors_p_grentschel_school_extension_ahaa_1034558_interior_4', 'i_p_grentschel_school_extension_ahaa_1034558_interiors_p_grentschel_school_extension_ahaa_1034558_p_grentschel_school_extension_ahaa_1034558_interiors_p_grentschel_school_extension_ahaa_1034558_interior_5']",[],School|Education|Extension|Modern Architecture|Sustainability|Concrete|Zinc|Glass|Natural Lighting|Collaboration Spaces|Green Roof|Urban Design|Integrated Landscape|Passive Design|Natural Ventilation|Daylighting|Playground|Institutional Building|Environmentally Friendly|Classrooms|Administrative Spaces|Recreation Areas|European Architecture|Architectural Innovation|Community Space|Open Plan|Adaptable Design|Thermal Mass|Energy-Efficient|Natural Materials|Structural Integrity|Building Performance,47.0746504,7.3077022,Ahaa,Baden,,,2024.0,1500.0,2.0
p_guir_y_ro_bocar_library_croixmariebourdo_1023026_exteriors_p_guir_y_ro_bocar_library_croixmariebourdo_1023026,Guir Y Ro Bocar Library Croixmariebourdo 1023026 Exteriors P Guir Y Ro Bocar Library Croixmariebourdo,unknown,unknown,unknown,unknown,unknown,"['i_p_guir_y_ro_bocar_library_croixmariebourdo_1023026_exteriors_p_guir_y_ro_bocar_library_croixmariebourdo_1023026_p_guir_y_ro_bocar_library_croixmariebourdo_1023026_exteriors_p_guir_y_ro_bocar_library_croixmariebourdo_1023026_exterior_1', 'i_p_guir_y_ro_bocar_library_croixmariebourdo_1023026_exteriors_p_guir_y_ro_bocar_library_croixmariebourdo_1023026_p_guir_y_ro_bocar_library_croixmariebourdo_1023026_exteriors_p_guir_y_ro_bocar_library_croixmariebourdo_1023026_exterior_2']",[],Library|Public Space|Sustainability|Modern Architecture|Concrete|Glass|Community|Natural Lighting|Reading Room|Study Area|Urban Context|Central Courtyard|Flat Site|Green Roof|Passive Design|Event Space|Timber Interior|Double Height|Natural Ventilation|Daylighting|Thermal Mass|Cultural Center|Ecological Buildings|Accessible Design|Outdoor Space|Green Landscaping|Community Engagement|Urban Design|Innovative Library|Flexible Spaces|Concrete Frame|Large Windows,26.7734927,27.8139243,P Guir Y Ro Bocar,Croixmariebourdo,,,2024.0,1500.0,2.0
p_guir_y_ro_bocar_library_croixmariebourdo_1023026_interiors_p_guir_y_ro_bocar_library_croixmariebourdo_1023026,Guir Y Ro Bocar Library Croixmariebourdo 1023026 Interiors P Guir Y Ro Bocar Library Croixmariebourdo,unknown,unknown,unknown,unknown,unknown,"['i_p_guir_y_ro_bocar_library_croixmariebourdo_1023026_interiors_p_guir_y_ro_bocar_library_croixmariebourdo_1023026_p_guir_y_ro_bocar_library_croixmariebourdo_1023026_interiors_p_guir_y_ro_bocar_library_croixmariebourdo_1023026_interior_1', 'i_p_guir_y_ro_bocar_library_croixmariebourdo_1023026_interiors_p_guir_y_ro_bocar_library_croixmariebourdo_1023026_p_guir_y_ro_bocar_library_croixmariebourdo_1023026_interiors_p_guir_y_ro_bocar_library_croixmariebourdo_1023026_interior_2']",[],Library|Public Space|Sustainability|Modern Architecture|Concrete|Glass|Community|Natural Lighting|Reading Room|Study Area|Urban Context|Central Courtyard|Flat Site|Green Roof|Passive Design|Event Space|Timber Interior|Double Height|Natural Ventilation|Daylighting|Thermal Mass|Cultural Center|Ecological Buildings|Accessible Design|Outdoor Space|Green Landscaping|Community Engagement|Urban Design|Innovative Library|Flexible Spaces|Concrete Frame|Large Windows,26.7734927,27.8139243,P Guir Y Ro Bocar,Croixmariebourdo,,,2024.0,1500.0,2.0
p_h_jvangen_church_henning_larsen_espen_su_1031123_diagrams_p_h_jvangen_church_henning_larsen_espen_su_1031123,H Jvangen Church Henning Larsen Espen Su 1031123 Diagrams P H Jvangen Church Henning Larsen Espen Su,unknown,unknown,unknown,unknown,unknown,['i_p_h_jvangen_church_henning_larsen_espen_su_1031123_diagrams_p_h_jvangen_church_henning_larsen_espen_su_1031123_p_h_jvangen_church_henning_larsen_espen_su_1031123_diagrams_p_h_jvangen_church_henning_larsen_espen_su_1031123_diagram_1'],[],Timber|Glass|Modernist|Linear|Sustainable|Natural Ventilation|Community|Worship|Green Roof|Solar Panels|Natural Light|Daylighting|Open Plan|Concrete|Denmark|Henning|Religious Building|Gathering Spaces|Thermal Mass|Landscape Integration|Cultural Architecture|Passive Design|Urban Integration|Local Materials|Contemporary Architecture|Pastoral Setting|Scenic Views|Community Engagement|Environmental Design,56.037247,9.9297989,Henning Larsen,Henning,,,2024.0,500.0,1.0
p_h_jvangen_church_henning_larsen_espen_su_1031123_exteriors_p_h_jvangen_church_henning_larsen_espen_su_1031123,H Jvangen Church Henning Larsen Espen Su 1031123 Exteriors P H Jvangen Church Henning Larsen Espen Su,unknown,unknown,unknown,unknown,unknown,"['i_p_h_jvangen_church_henning_larsen_espen_su_1031123_exteriors_p_h_jvangen_church_henning_larsen_espen_su_1031123_p_h_jvangen_church_henning_larsen_espen_su_1031123_exteriors_p_h_jvangen_church_henning_larsen_espen_su_1031123_exterior_1', 'i_p_h_jvangen_church_henning_larsen_espen_su_1031123_exteriors_p_h_jvangen_church_henning_larsen_espen_su_1031123_p_h_jvangen_church_henning_larsen_espen_su_1031123_exteriors_p_h_jvangen_church_henning_larsen_espen_su_1031123_exterior_2', 'i_p_h_jvangen_church_henning_larsen_espen_su_1031123_exteriors_p_h_jvangen_church_henning_larsen_espen_su_1031123_p_h_jvangen_church_henning_larsen_espen_su_1031123_exteriors_p_h_jvangen_church_henning_larsen_espen_su_1031123_exterior_3', 'i_p_h_jvangen_church_henning_larsen_espen_su_1031123_exteriors_p_h_jvangen_church_henning_larsen_espen_su_1031123_p_h_jvangen_church_henning_larsen_espen_su_1031123_exteriors_p_h_jvangen_church_henning_larsen_espen_su_1031123_exterior_4', 'i_p_h_jvangen_church_henning_larsen_espen_su_1031123_exteriors_p_h_jvangen_church_henning_larsen_espen_su_1031123_p_h_jvangen_church_henning_larsen_espen_su_1031123_exteriors_p_h_jvangen_church_henning_larsen_espen_su_1031123_exterior_5']",[],Timber|Glass|Modernist|Linear|Sustainable|Natural Ventilation|Community|Worship|Green Roof|Solar Panels|Natural Light|Daylighting|Open Plan|Concrete|Denmark|Henning|Religious Building|Gathering Spaces|Thermal Mass|Landscape Integration|Cultural Architecture|Passive Design|Urban Integration|Local Materials|Contemporary Architecture|Pastoral Setting|Scenic Views|Community Engagement|Environmental Design,56.037247,9.9297989,Henning Larsen,Henning,,,2024.0,500.0,1.0
p_h_jvangen_church_henning_larsen_espen_su_1031123_interiors_p_h_jvangen_church_henning_larsen_espen_su_1031123,H Jvangen Church Henning Larsen Espen Su 1031123 Interiors P H Jvangen Church Henning Larsen Espen Su,unknown,unknown,unknown,unknown,unknown,"['i_p_h_jvangen_church_henning_larsen_espen_su_1031123_interiors_p_h_jvangen_church_henning_larsen_espen_su_1031123_p_h_jvangen_church_henning_larsen_espen_su_1031123_interiors_p_h_jvangen_church_henning_larsen_espen_su_1031123_interior_1', 'i_p_h_jvangen_church_henning_larsen_espen_su_1031123_interiors_p_h_jvangen_church_henning_larsen_espen_su_1031123_p_h_jvangen_church_henning_larsen_espen_su_1031123_interiors_p_h_jvangen_church_henning_larsen_espen_su_1031123_interior_2', 'i_p_h_jvangen_church_henning_larsen_espen_su_1031123_interiors_p_h_jvangen_church_henning_larsen_espen_su_1031123_p_h_jvangen_church_henning_larsen_espen_su_1031123_interiors_p_h_jvangen_church_henning_larsen_espen_su_1031123_interior_3', 'i_p_h_jvangen_church_henning_larsen_espen_su_1031123_interiors_p_h_jvangen_church_henning_larsen_espen_su_1031123_p_h_jvangen_church_henning_larsen_espen_su_1031123_interiors_p_h_jvangen_church_henning_larsen_espen_su_1031123_interior_4', 'i_p_h_jvangen_church_henning_larsen_espen_su_1031123_interiors_p_h_jvangen_church_henning_larsen_espen_su_1031123_p_h_jvangen_church_henning_larsen_espen_su_1031123_interiors_p_h_jvangen_church_henning_larsen_espen_su_1031123_interior_5']",[],Timber|Glass|Modernist|Linear|Sustainable|Natural Ventilation|Community|Worship|Green Roof|Solar Panels|Natural Light|Daylighting|Open Plan|Concrete|Denmark|Henning|Religious Building|Gathering Spaces|Thermal Mass|Landscape Integration|Cultural Architecture|Passive Design|Urban Integration|Local Materials|Contemporary Architecture|Pastoral Setting|Scenic Views|Community Engagement|Environmental Design,56.037247,9.9297989,Henning Larsen,Henning,,,2024.0,500.0,1.0
p_h_l_ne_carr_re_d_encausse_school_archi5_1035464_diagrams_p_h_l_ne_carr_re_d_encausse_school_archi5_1035464,H L Ne Carr Re D Encausse School Archi5 1035464 Diagrams P H L Ne Carr Re D Encausse School Archi5,unknown,unknown,unknown,unknown,unknown,"['i_p_h_l_ne_carr_re_d_encausse_school_archi5_1035464_diagrams_p_h_l_ne_carr_re_d_encausse_school_archi5_1035464_p_h_l_ne_carr_re_d_encausse_school_archi5_1035464_diagrams_p_h_l_ne_carr_re_d_encausse_school_archi5_1035464_diagram_1', 'i_p_h_l_ne_carr_re_d_encausse_school_archi5_1035464_diagrams_p_h_l_ne_carr_re_d_encausse_school_archi5_1035464_p_h_l_ne_carr_re_d_encausse_school_archi5_1035464_diagrams_p_h_l_ne_carr_re_d_encausse_school_archi5_1035464_diagram_2', 'i_p_h_l_ne_carr_re_d_encausse_school_archi5_1035464_diagrams_p_h_l_ne_carr_re_d_encausse_school_archi5_1035464_p_h_l_ne_carr_re_d_encausse_school_archi5_1035464_diagrams_p_h_l_ne_carr_re_d_encausse_school_archi5_1035464_diagram_3']",[],School|Education|Contemporary|Sustainability|Community Space|Central Atrium|Glass|Metal|Natural Ventilation|Green Roof|Hauts-De-France|Urban|Concrete Frame|Daylighting|Passive Design|Solar Energy|Rainwater Harvesting|Open Plan|Educational Facility|Landscape Integration|Large Windows|Environmentally Friendly|Modular Construction|Collaborative Spaces|Multi-Functional Spaces|Accessible Design|Interactive Learning|Modern Architecture|Space Organization|Urban Infrastructure|Students,50.3415759,3.5492228,Archi5,Hénin-Beaumont,,,2024.0,0.0,2.0
p_h_l_ne_carr_re_d_encausse_school_archi5_1035464_exteriors_p_h_l_ne_carr_re_d_encausse_school_archi5_1035464,H L Ne Carr Re D Encausse School Archi5 1035464 Exteriors P H L Ne Carr Re D Encausse School Archi5,unknown,unknown,unknown,unknown,unknown,"['i_p_h_l_ne_carr_re_d_encausse_school_archi5_1035464_exteriors_p_h_l_ne_carr_re_d_encausse_school_archi5_1035464_p_h_l_ne_carr_re_d_encausse_school_archi5_1035464_exteriors_p_h_l_ne_carr_re_d_encausse_school_archi5_1035464_exterior_1', 'i_p_h_l_ne_carr_re_d_encausse_school_archi5_1035464_exteriors_p_h_l_ne_carr_re_d_encausse_school_archi5_1035464_p_h_l_ne_carr_re_d_encausse_school_archi5_1035464_exteriors_p_h_l_ne_carr_re_d_encausse_school_archi5_1035464_exterior_2', 'i_p_h_l_ne_carr_re_d_encausse_school_archi5_1035464_exteriors_p_h_l_ne_carr_re_d_encausse_school_archi5_1035464_p_h_l_ne_carr_re_d_encausse_school_archi5_1035464_exteriors_p_h_l_ne_carr_re_d_encausse_school_archi5_1035464_exterior_3', 'i_p_h_l_ne_carr_re_d_encausse_school_archi5_1035464_exteriors_p_h_l_ne_carr_re_d_encausse_school_archi5_1035464_p_h_l_ne_carr_re_d_encausse_school_archi5_1035464_exteriors_p_h_l_ne_carr_re_d_encausse_school_archi5_1035464_exterior_4', 'i_p_h_l_ne_carr_re_d_encausse_school_archi5_1035464_exteriors_p_h_l_ne_carr_re_d_encausse_school_archi5_1035464_p_h_l_ne_carr_re_d_encausse_school_archi5_1035464_exteriors_p_h_l_ne_carr_re_d_encausse_school_archi5_1035464_exterior_5']",[],School|Education|Contemporary|Sustainability|Community Space|Central Atrium|Glass|Metal|Natural Ventilation|Green Roof|Hauts-De-France|Urban|Concrete Frame|Daylighting|Passive Design|Solar Energy|Rainwater Harvesting|Open Plan|Educational Facility|Landscape Integration|Large Windows|Environmentally Friendly|Modular Construction|Collaborative Spaces|Multi-Functional Spaces|Accessible Design|Interactive Learning|Modern Architecture|Space Organization|Urban Infrastructure|Students,50.3415759,3.5492228,Archi5,Hénin-Beaumont,,,2024.0,0.0,2.0
p_h_l_ne_carr_re_d_encausse_school_archi5_1035464_interiors_p_h_l_ne_carr_re_d_encausse_school_archi5_1035464,H L Ne Carr Re D Encausse School Archi5 1035464 Interiors P H L Ne Carr Re D Encausse School Archi5,unknown,unknown,unknown,unknown,unknown,"['i_p_h_l_ne_carr_re_d_encausse_school_archi5_1035464_interiors_p_h_l_ne_carr_re_d_encausse_school_archi5_1035464_p_h_l_ne_carr_re_d_encausse_school_archi5_1035464_interiors_p_h_l_ne_carr_re_d_encausse_school_archi5_1035464_interior_1', 'i_p_h_l_ne_carr_re_d_encausse_school_archi5_1035464_interiors_p_h_l_ne_carr_re_d_encausse_school_archi5_1035464_p_h_l_ne_carr_re_d_encausse_school_archi5_1035464_interiors_p_h_l_ne_carr_re_d_encausse_school_archi5_1035464_interior_2']",[],School|Education|Contemporary|Sustainability|Community Space|Central Atrium|Glass|Metal|Natural Ventilation|Green Roof|Hauts-De-France|Urban|Concrete Frame|Daylighting|Passive Design|Solar Energy|Rainwater Harvesting|Open Plan|Educational Facility|Landscape Integration|Large Windows|Environmentally Friendly|Modular Construction|Collaborative Spaces|Multi-Functional Spaces|Accessible Design|Interactive Learning|Modern Architecture|Space Organization|Urban Infrastructure|Students,50.3415759,3.5492228,Archi5,Hénin-Beaumont,,,2024.0,0.0,2.0
p_hadrovi_a_mosque_arhingin_enjering_1026861_diagrams_p_hadrovi_a_mosque_arhingin_enjering_1026861,Hadrovi A Mosque Arhingin Enjering 1026861 Diagrams P Hadrovi A Mosque Arhingin Enjering,unknown,unknown,unknown,unknown,unknown,"['i_p_hadrovi_a_mosque_arhingin_enjering_1026861_diagrams_p_hadrovi_a_mosque_arhingin_enjering_1026861_p_hadrovi_a_mosque_arhingin_enjering_1026861_diagrams_p_hadrovi_a_mosque_arhingin_enjering_1026861_diagram_1', 'i_p_hadrovi_a_mosque_arhingin_enjering_1026861_diagrams_p_hadrovi_a_mosque_arhingin_enjering_1026861_p_hadrovi_a_mosque_arhingin_enjering_1026861_diagrams_p_hadrovi_a_mosque_arhingin_enjering_1026861_diagram_2', 'i_p_hadrovi_a_mosque_arhingin_enjering_1026861_diagrams_p_hadrovi_a_mosque_arhingin_enjering_1026861_p_hadrovi_a_mosque_arhingin_enjering_1026861_diagrams_p_hadrovi_a_mosque_arhingin_enjering_1026861_diagram_3']",[],Mosque|Concrete|Glass|Fragmented|Central Circulation|Natural Ventilation|Sustainable Design|Community Space|Prayer Hall|Urban|Contemporary|Educational Facilities|Natural Lighting|Landscape Integration|Tivat|Modern Architecture|Islamic Design|Ceramic Tiles|Wood Interiors|Energy-Efficient|Cross-Ventilation|Rainwater Harvesting|Overhangs|Community Engagement|Spiritual Space|Outdoor Gardens|Cfb|Climate-Responsive|Educational|Cultural|Modernist|Interior Design,42.4304196,19.2593642,Arhingin Enjering,Tivat,,,2024.0,0.0,1.0
p_hadrovi_a_mosque_arhingin_enjering_1026861_exteriors_p_hadrovi_a_mosque_arhingin_enjering_1026861,Hadrovi A Mosque Arhingin Enjering 1026861 Exteriors P Hadrovi A Mosque Arhingin Enjering,unknown,unknown,unknown,unknown,unknown,"['i_p_hadrovi_a_mosque_arhingin_enjering_1026861_exteriors_p_hadrovi_a_mosque_arhingin_enjering_1026861_p_hadrovi_a_mosque_arhingin_enjering_1026861_exteriors_p_hadrovi_a_mosque_arhingin_enjering_1026861_exterior_1', 'i_p_hadrovi_a_mosque_arhingin_enjering_1026861_exteriors_p_hadrovi_a_mosque_arhingin_enjering_1026861_p_hadrovi_a_mosque_arhingin_enjering_1026861_exteriors_p_hadrovi_a_mosque_arhingin_enjering_1026861_exterior_2', 'i_p_hadrovi_a_mosque_arhingin_enjering_1026861_exteriors_p_hadrovi_a_mosque_arhingin_enjering_1026861_p_hadrovi_a_mosque_arhingin_enjering_1026861_exteriors_p_hadrovi_a_mosque_arhingin_enjering_1026861_exterior_3', 'i_p_hadrovi_a_mosque_arhingin_enjering_1026861_exteriors_p_hadrovi_a_mosque_arhingin_enjering_1026861_p_hadrovi_a_mosque_arhingin_enjering_1026861_exteriors_p_hadrovi_a_mosque_arhingin_enjering_1026861_exterior_4', 'i_p_hadrovi_a_mosque_arhingin_enjering_1026861_exteriors_p_hadrovi_a_mosque_arhingin_enjering_1026861_p_hadrovi_a_mosque_arhingin_enjering_1026861_exteriors_p_hadrovi_a_mosque_arhingin_enjering_1026861_exterior_5']",[],Mosque|Concrete|Glass|Fragmented|Central Circulation|Natural Ventilation|Sustainable Design|Community Space|Prayer Hall|Urban|Contemporary|Educational Facilities|Natural Lighting|Landscape Integration|Tivat|Modern Architecture|Islamic Design|Ceramic Tiles|Wood Interiors|Energy-Efficient|Cross-Ventilation|Rainwater Harvesting|Overhangs|Community Engagement|Spiritual Space|Outdoor Gardens|Cfb|Climate-Responsive|Educational|Cultural|Modernist|Interior Design,42.4304196,19.2593642,Arhingin Enjering,Tivat,,,2024.0,0.0,1.0
p_hadrovi_a_mosque_arhingin_enjering_1026861_interiors_p_hadrovi_a_mosque_arhingin_enjering_1026861,Hadrovi A Mosque Arhingin Enjering 1026861 Interiors P Hadrovi A Mosque Arhingin Enjering,unknown,unknown,unknown,unknown,unknown,"['i_p_hadrovi_a_mosque_arhingin_enjering_1026861_interiors_p_hadrovi_a_mosque_arhingin_enjering_1026861_p_hadrovi_a_mosque_arhingin_enjering_1026861_interiors_p_hadrovi_a_mosque_arhingin_enjering_1026861_interior_1', 'i_p_hadrovi_a_mosque_arhingin_enjering_1026861_interiors_p_hadrovi_a_mosque_arhingin_enjering_1026861_p_hadrovi_a_mosque_arhingin_enjering_1026861_interiors_p_hadrovi_a_mosque_arhingin_enjering_1026861_interior_2', 'i_p_hadrovi_a_mosque_arhingin_enjering_1026861_interiors_p_hadrovi_a_mosque_arhingin_enjering_1026861_p_hadrovi_a_mosque_arhingin_enjering_1026861_interiors_p_hadrovi_a_mosque_arhingin_enjering_1026861_interior_3', 'i_p_hadrovi_a_mosque_arhingin_enjering_1026861_interiors_p_hadrovi_a_mosque_arhingin_enjering_1026861_p_hadrovi_a_mosque_arhingin_enjering_1026861_interiors_p_hadrovi_a_mosque_arhingin_enjering_1026861_interior_4', 'i_p_hadrovi_a_mosque_arhingin_enjering_1026861_interiors_p_hadrovi_a_mosque_arhingin_enjering_1026861_p_hadrovi_a_mosque_arhingin_enjering_1026861_interiors_p_hadrovi_a_mosque_arhingin_enjering_1026861_interior_5']",[],Mosque|Concrete|Glass|Fragmented|Central Circulation|Natural Ventilation|Sustainable Design|Community Space|Prayer Hall|Urban|Contemporary|Educational Facilities|Natural Lighting|Landscape Integration|Tivat|Modern Architecture|Islamic Design|Ceramic Tiles|Wood Interiors|Energy-Efficient|Cross-Ventilation|Rainwater Harvesting|Overhangs|Community Engagement|Spiritual Space|Outdoor Gardens|Cfb|Climate-Responsive|Educational|Cultural|Modernist|Interior Design,42.4304196,19.2593642,Arhingin Enjering,Tivat,,,2024.0,0.0,1.0
p_hagen_house_nendeln_cukrowicz_nachbaur_a_1034624_exteriors_p_hagen_house_nendeln_cukrowicz_nachbaur_a_1034624,Hagen House Nendeln Cukrowicz Nachbaur A 1034624 Exteriors P Hagen House Nendeln Cukrowicz Nachbaur A,unknown,unknown,unknown,unknown,unknown,"['i_p_hagen_house_nendeln_cukrowicz_nachbaur_a_1034624_exteriors_p_hagen_house_nendeln_cukrowicz_nachbaur_a_1034624_p_hagen_house_nendeln_cukrowicz_nachbaur_a_1034624_exteriors_p_hagen_house_nendeln_cukrowicz_nachbaur_a_1034624_exterior_1', 'i_p_hagen_house_nendeln_cukrowicz_nachbaur_a_1034624_exteriors_p_hagen_house_nendeln_cukrowicz_nachbaur_a_1034624_p_hagen_house_nendeln_cukrowicz_nachbaur_a_1034624_exteriors_p_hagen_house_nendeln_cukrowicz_nachbaur_a_1034624_exterior_2', 'i_p_hagen_house_nendeln_cukrowicz_nachbaur_a_1034624_exteriors_p_hagen_house_nendeln_cukrowicz_nachbaur_a_1034624_p_hagen_house_nendeln_cukrowicz_nachbaur_a_1034624_exteriors_p_hagen_house_nendeln_cukrowicz_nachbaur_a_1034624_exterior_3', 'i_p_hagen_house_nendeln_cukrowicz_nachbaur_a_1034624_exteriors_p_hagen_house_nendeln_cukrowicz_nachbaur_a_1034624_p_hagen_house_nendeln_cukrowicz_nachbaur_a_1034624_exteriors_p_hagen_house_nendeln_cukrowicz_nachbaur_a_1034624_exterior_4', 'i_p_hagen_house_nendeln_cukrowicz_nachbaur_a_1034624_exteriors_p_hagen_house_nendeln_cukrowicz_nachbaur_a_1034624_p_hagen_house_nendeln_cukrowicz_nachbaur_a_1034624_exteriors_p_hagen_house_nendeln_cukrowicz_nachbaur_a_1034624_exterior_5']",[],Residential|Contemporary|Sustainable Design|Compact Form|Integrated Landscape|Timber Cladding|Natural Ventilation|Energy-Efficient|Open Plan|Suburban|High-Performance Glazing|Green Building|Modern Architecture|Concrete Structure|Daylighting|Rural Context|Rainwater Harvesting|Natural Materials|Landscape Architecture|Timber|Minimalist|Passive Solar Design|Thermal Mass|South-Facing|Ventilation|Innovation|Design Integration|Architecture|Building Technology|Energy Sustainability,47.198561,9.5430598,Cukrowicz Nachbaur,Nendeln,,,2024.0,250.0,2.0
p_hagen_house_nendeln_cukrowicz_nachbaur_a_1034624_interiors_p_hagen_house_nendeln_cukrowicz_nachbaur_a_1034624,Hagen House Nendeln Cukrowicz Nachbaur A 1034624 Interiors P Hagen House Nendeln Cukrowicz Nachbaur A,unknown,unknown,unknown,unknown,unknown,"['i_p_hagen_house_nendeln_cukrowicz_nachbaur_a_1034624_interiors_p_hagen_house_nendeln_cukrowicz_nachbaur_a_1034624_p_hagen_house_nendeln_cukrowicz_nachbaur_a_1034624_interiors_p_hagen_house_nendeln_cukrowicz_nachbaur_a_1034624_interior_1', 'i_p_hagen_house_nendeln_cukrowicz_nachbaur_a_1034624_interiors_p_hagen_house_nendeln_cukrowicz_nachbaur_a_1034624_p_hagen_house_nendeln_cukrowicz_nachbaur_a_1034624_interiors_p_hagen_house_nendeln_cukrowicz_nachbaur_a_1034624_interior_2', 'i_p_hagen_house_nendeln_cukrowicz_nachbaur_a_1034624_interiors_p_hagen_house_nendeln_cukrowicz_nachbaur_a_1034624_p_hagen_house_nendeln_cukrowicz_nachbaur_a_1034624_interiors_p_hagen_house_nendeln_cukrowicz_nachbaur_a_1034624_interior_3', 'i_p_hagen_house_nendeln_cukrowicz_nachbaur_a_1034624_interiors_p_hagen_house_nendeln_cukrowicz_nachbaur_a_1034624_p_hagen_house_nendeln_cukrowicz_nachbaur_a_1034624_interiors_p_hagen_house_nendeln_cukrowicz_nachbaur_a_1034624_interior_4', 'i_p_hagen_house_nendeln_cukrowicz_nachbaur_a_1034624_interiors_p_hagen_house_nendeln_cukrowicz_nachbaur_a_1034624_p_hagen_house_nendeln_cukrowicz_nachbaur_a_1034624_interiors_p_hagen_house_nendeln_cukrowicz_nachbaur_a_1034624_interior_5']",[],Residential|Contemporary|Sustainable Design|Compact Form|Integrated Landscape|Timber Cladding|Natural Ventilation|Energy-Efficient|Open Plan|Suburban|High-Performance Glazing|Green Building|Modern Architecture|Concrete Structure|Daylighting|Rural Context|Rainwater Harvesting|Natural Materials|Landscape Architecture|Timber|Minimalist|Passive Solar Design|Thermal Mass|South-Facing|Ventilation|Innovation|Design Integration|Architecture|Building Technology|Energy Sustainability,47.198561,9.5430598,Cukrowicz Nachbaur,Nendeln,,,2024.0,250.0,2.0
p_haksanjae_private_library_and_residence_1032024_diagrams_p_haksanjae_private_library_and_residence_1032024,Haksanjae Private Library And Residence 1032024 Diagrams P Haksanjae Private Library And Residence,unknown,unknown,unknown,unknown,unknown,"['i_p_haksanjae_private_library_and_residence_1032024_diagrams_p_haksanjae_private_library_and_residence_1032024_p_haksanjae_private_library_and_residence_1032024_diagrams_p_haksanjae_private_library_and_residence_1032024_diagram_1', 'i_p_haksanjae_private_library_and_residence_1032024_diagrams_p_haksanjae_private_library_and_residence_1032024_p_haksanjae_private_library_and_residence_1032024_diagrams_p_haksanjae_private_library_and_residence_1032024_diagram_2', 'i_p_haksanjae_private_library_and_residence_1032024_diagrams_p_haksanjae_private_library_and_residence_1032024_p_haksanjae_private_library_and_residence_1032024_diagrams_p_haksanjae_private_library_and_residence_1032024_diagram_3']",[],Library|Residence|Wood|Glass|Modern|Fragmented|Natural Ventilation|Daylighting|Cross Ventilation|Reading Room|Mixed-Use|Sustainable Design|Contemporary Architecture|Landscape Integration|Thermal Mass|Sloping Site|Urban Rural|Aesthetics|Open Plan|Interior Timber|Natural Materials|Community Space|Cultural Significance|Environmental Design|Eco-Friendly|Innovative|Concrete|Comfort|Light|Space|Contextual Architecture,37.7563022,128.8990843,P,,,,2024.0,0.0,0.0
p_haksanjae_private_library_and_residence_1032024_exteriors_p_haksanjae_private_library_and_residence_1032024,Haksanjae Private Library And Residence 1032024 Exteriors P Haksanjae Private Library And Residence,unknown,unknown,unknown,unknown,unknown,"['i_p_haksanjae_private_library_and_residence_1032024_exteriors_p_haksanjae_private_library_and_residence_1032024_p_haksanjae_private_library_and_residence_1032024_exteriors_p_haksanjae_private_library_and_residence_1032024_exterior_1', 'i_p_haksanjae_private_library_and_residence_1032024_exteriors_p_haksanjae_private_library_and_residence_1032024_p_haksanjae_private_library_and_residence_1032024_exteriors_p_haksanjae_private_library_and_residence_1032024_exterior_2', 'i_p_haksanjae_private_library_and_residence_1032024_exteriors_p_haksanjae_private_library_and_residence_1032024_p_haksanjae_private_library_and_residence_1032024_exteriors_p_haksanjae_private_library_and_residence_1032024_exterior_3', 'i_p_haksanjae_private_library_and_residence_1032024_exteriors_p_haksanjae_private_library_and_residence_1032024_p_haksanjae_private_library_and_residence_1032024_exteriors_p_haksanjae_private_library_and_residence_1032024_exterior_4', 'i_p_haksanjae_private_library_and_residence_1032024_exteriors_p_haksanjae_private_library_and_residence_1032024_p_haksanjae_private_library_and_residence_1032024_exteriors_p_haksanjae_private_library_and_residence_1032024_exterior_5']",[],Library|Residence|Wood|Glass|Modern|Fragmented|Natural Ventilation|Daylighting|Cross Ventilation|Reading Room|Mixed-Use|Sustainable Design|Contemporary Architecture|Landscape Integration|Thermal Mass|Sloping Site|Urban Rural|Aesthetics|Open Plan|Interior Timber|Natural Materials|Community Space|Cultural Significance|Environmental Design|Eco-Friendly|Innovative|Concrete|Comfort|Light|Space|Contextual Architecture,37.7563022,128.8990843,P,,,,2024.0,0.0,0.0
p_haksanjae_private_library_and_residence_1032024_interiors_p_haksanjae_private_library_and_residence_1032024,Haksanjae Private Library And Residence 1032024 Interiors P Haksanjae Private Library And Residence,unknown,unknown,unknown,unknown,unknown,"['i_p_haksanjae_private_library_and_residence_1032024_interiors_p_haksanjae_private_library_and_residence_1032024_p_haksanjae_private_library_and_residence_1032024_interiors_p_haksanjae_private_library_and_residence_1032024_interior_1', 'i_p_haksanjae_private_library_and_residence_1032024_interiors_p_haksanjae_private_library_and_residence_1032024_p_haksanjae_private_library_and_residence_1032024_interiors_p_haksanjae_private_library_and_residence_1032024_interior_2', 'i_p_haksanjae_private_library_and_residence_1032024_interiors_p_haksanjae_private_library_and_residence_1032024_p_haksanjae_private_library_and_residence_1032024_interiors_p_haksanjae_private_library_and_residence_1032024_interior_3', 'i_p_haksanjae_private_library_and_residence_1032024_interiors_p_haksanjae_private_library_and_residence_1032024_p_haksanjae_private_library_and_residence_1032024_interiors_p_haksanjae_private_library_and_residence_1032024_interior_4', 'i_p_haksanjae_private_library_and_residence_1032024_interiors_p_haksanjae_private_library_and_residence_1032024_p_haksanjae_private_library_and_residence_1032024_interiors_p_haksanjae_private_library_and_residence_1032024_interior_5']",[],Library|Residence|Wood|Glass|Modern|Fragmented|Natural Ventilation|Daylighting|Cross Ventilation|Reading Room|Mixed-Use|Sustainable Design|Contemporary Architecture|Landscape Integration|Thermal Mass|Sloping Site|Urban Rural|Aesthetics|Open Plan|Interior Timber|Natural Materials|Community Space|Cultural Significance|Environmental Design|Eco-Friendly|Innovative|Concrete|Comfort|Light|Space|Contextual Architecture,37.7563022,128.8990843,P,,,,2024.0,0.0,0.0
p_haus_der_digitalisierung_tulln_kronaus_m_1022449_diagrams_p_haus_der_digitalisierung_tulln_kronaus_m_1022449,Haus Der Digitalisierung Tulln Kronaus M 1022449 Diagrams P Haus Der Digitalisierung Tulln Kronaus M,unknown,unknown,unknown,unknown,unknown,"['i_p_haus_der_digitalisierung_tulln_kronaus_m_1022449_diagrams_p_haus_der_digitalisierung_tulln_kronaus_m_1022449_p_haus_der_digitalisierung_tulln_kronaus_m_1022449_diagrams_p_haus_der_digitalisierung_tulln_kronaus_m_1022449_diagram_1', 'i_p_haus_der_digitalisierung_tulln_kronaus_m_1022449_diagrams_p_haus_der_digitalisierung_tulln_kronaus_m_1022449_p_haus_der_digitalisierung_tulln_kronaus_m_1022449_diagrams_p_haus_der_digitalisierung_tulln_kronaus_m_1022449_diagram_2', 'i_p_haus_der_digitalisierung_tulln_kronaus_m_1022449_diagrams_p_haus_der_digitalisierung_tulln_kronaus_m_1022449_p_haus_der_digitalisierung_tulln_kronaus_m_1022449_diagrams_p_haus_der_digitalisierung_tulln_kronaus_m_1022449_diagram_3']",[],Glass|Metal|Concrete|Modernist|Cultural Center|Fragmented Massing|Central Atrium|High-Performance Glazing|Natural Ventilation|Sustainable Design|Green Roof|Urban|Solar Panels|Native Landscapes|Community Engagement|Exhibition Spaces|Collaborative Work|Task Lighting|Thermal Mass|Rainwater Harvesting|Overhangs|Vertical Fins|Concrete Frame|Education|Innovation|Accessibility|Open Layout|Gathering Spaces|Public Architecture|Lower Austria|Tulln|Architecture|Kronaus M,48.3314949,16.060737,Kronaus M,Tulln,,,2024.0,0.0,2.0
p_haus_der_digitalisierung_tulln_kronaus_m_1022449_exteriors_p_haus_der_digitalisierung_tulln_kronaus_m_1022449,Haus Der Digitalisierung Tulln Kronaus M 1022449 Exteriors P Haus Der Digitalisierung Tulln Kronaus M,unknown,unknown,unknown,unknown,unknown,"['i_p_haus_der_digitalisierung_tulln_kronaus_m_1022449_exteriors_p_haus_der_digitalisierung_tulln_kronaus_m_1022449_p_haus_der_digitalisierung_tulln_kronaus_m_1022449_exteriors_p_haus_der_digitalisierung_tulln_kronaus_m_1022449_exterior_1', 'i_p_haus_der_digitalisierung_tulln_kronaus_m_1022449_exteriors_p_haus_der_digitalisierung_tulln_kronaus_m_1022449_p_haus_der_digitalisierung_tulln_kronaus_m_1022449_exteriors_p_haus_der_digitalisierung_tulln_kronaus_m_1022449_exterior_2', 'i_p_haus_der_digitalisierung_tulln_kronaus_m_1022449_exteriors_p_haus_der_digitalisierung_tulln_kronaus_m_1022449_p_haus_der_digitalisierung_tulln_kronaus_m_1022449_exteriors_p_haus_der_digitalisierung_tulln_kronaus_m_1022449_exterior_3', 'i_p_haus_der_digitalisierung_tulln_kronaus_m_1022449_exteriors_p_haus_der_digitalisierung_tulln_kronaus_m_1022449_p_haus_der_digitalisierung_tulln_kronaus_m_1022449_exteriors_p_haus_der_digitalisierung_tulln_kronaus_m_1022449_exterior_4', 'i_p_haus_der_digitalisierung_tulln_kronaus_m_1022449_exteriors_p_haus_der_digitalisierung_tulln_kronaus_m_1022449_p_haus_der_digitalisierung_tulln_kronaus_m_1022449_exteriors_p_haus_der_digitalisierung_tulln_kronaus_m_1022449_exterior_5']",[],Glass|Metal|Concrete|Modernist|Cultural Center|Fragmented Massing|Central Atrium|High-Performance Glazing|Natural Ventilation|Sustainable Design|Green Roof|Urban|Solar Panels|Native Landscapes|Community Engagement|Exhibition Spaces|Collaborative Work|Task Lighting|Thermal Mass|Rainwater Harvesting|Overhangs|Vertical Fins|Concrete Frame|Education|Innovation|Accessibility|Open Layout|Gathering Spaces|Public Architecture|Lower Austria|Tulln|Architecture|Kronaus M,48.3314949,16.060737,Kronaus M,Tulln,,,2024.0,0.0,2.0
p_haus_der_digitalisierung_tulln_kronaus_m_1022449_interiors_p_haus_der_digitalisierung_tulln_kronaus_m_1022449,Haus Der Digitalisierung Tulln Kronaus M 1022449 Interiors P Haus Der Digitalisierung Tulln Kronaus M,unknown,unknown,unknown,unknown,unknown,"['i_p_haus_der_digitalisierung_tulln_kronaus_m_1022449_interiors_p_haus_der_digitalisierung_tulln_kronaus_m_1022449_p_haus_der_digitalisierung_tulln_kronaus_m_1022449_interiors_p_haus_der_digitalisierung_tulln_kronaus_m_1022449_interior_1', 'i_p_haus_der_digitalisierung_tulln_kronaus_m_1022449_interiors_p_haus_der_digitalisierung_tulln_kronaus_m_1022449_p_haus_der_digitalisierung_tulln_kronaus_m_1022449_interiors_p_haus_der_digitalisierung_tulln_kronaus_m_1022449_interior_2']",[],Glass|Metal|Concrete|Modernist|Cultural Center|Fragmented Massing|Central Atrium|High-Performance Glazing|Natural Ventilation|Sustainable Design|Green Roof|Urban|Solar Panels|Native Landscapes|Community Engagement|Exhibition Spaces|Collaborative Work|Task Lighting|Thermal Mass|Rainwater Harvesting|Overhangs|Vertical Fins|Concrete Frame|Education|Innovation|Accessibility|Open Layout|Gathering Spaces|Public Architecture|Lower Austria|Tulln|Architecture|Kronaus M,48.3314949,16.060737,Kronaus M,Tulln,,,2024.0,0.0,2.0
p_hiraya_pavilion_in_sapporo_ykaa_1035509_diagrams_p_hiraya_pavilion_in_sapporo_ykaa_1035509,Hiraya Pavilion In Sapporo Ykaa 1035509 Diagrams P Hiraya Pavilion In Sapporo Ykaa,unknown,unknown,unknown,unknown,unknown,['i_p_hiraya_pavilion_in_sapporo_ykaa_1035509_diagrams_p_hiraya_pavilion_in_sapporo_ykaa_1035509_p_hiraya_pavilion_in_sapporo_ykaa_1035509_diagrams_p_hiraya_pavilion_in_sapporo_ykaa_1035509_diagram_1'],[],Wood|Glass|Modernist|Cultural|Pavilion|Natural Ventilation|Daylighting|Open Plan|Flexible Spaces|Art Events|Green Building|Solar Energy|Landscaping|Urban|Sapporo|Hokkaido|Japan|Timber Frame|Passive Design|Contemporary Architecture|Community Engagement|Interaction With Nature|Visual Connection|Elegance|Simplicity|Sustainability|Artistic Space|Public Space|Educational|Creative Hub|Cultural Diversity,43.0617713,141.3544506,Ykaa,Sapporo,,,2024.0,150.0,1.0
p_hiraya_pavilion_in_sapporo_ykaa_1035509_exteriors_p_hiraya_pavilion_in_sapporo_ykaa_1035509,Hiraya Pavilion In Sapporo Ykaa 1035509 Exteriors P Hiraya Pavilion In Sapporo Ykaa,unknown,unknown,unknown,unknown,unknown,"['i_p_hiraya_pavilion_in_sapporo_ykaa_1035509_exteriors_p_hiraya_pavilion_in_sapporo_ykaa_1035509_p_hiraya_pavilion_in_sapporo_ykaa_1035509_exteriors_p_hiraya_pavilion_in_sapporo_ykaa_1035509_exterior_1', 'i_p_hiraya_pavilion_in_sapporo_ykaa_1035509_exteriors_p_hiraya_pavilion_in_sapporo_ykaa_1035509_p_hiraya_pavilion_in_sapporo_ykaa_1035509_exteriors_p_hiraya_pavilion_in_sapporo_ykaa_1035509_exterior_2']",[],Wood|Glass|Modernist|Cultural|Pavilion|Natural Ventilation|Daylighting|Open Plan|Flexible Spaces|Art Events|Green Building|Solar Energy|Landscaping|Urban|Sapporo|Hokkaido|Japan|Timber Frame|Passive Design|Contemporary Architecture|Community Engagement|Interaction With Nature|Visual Connection|Elegance|Simplicity|Sustainability|Artistic Space|Public Space|Educational|Creative Hub|Cultural Diversity,43.0617713,141.3544506,Ykaa,Sapporo,,,2024.0,150.0,1.0
p_hiraya_pavilion_in_sapporo_ykaa_1035509_interiors_p_hiraya_pavilion_in_sapporo_ykaa_1035509,Hiraya Pavilion In Sapporo Ykaa 1035509 Interiors P Hiraya Pavilion In Sapporo Ykaa,unknown,unknown,unknown,unknown,unknown,"['i_p_hiraya_pavilion_in_sapporo_ykaa_1035509_interiors_p_hiraya_pavilion_in_sapporo_ykaa_1035509_p_hiraya_pavilion_in_sapporo_ykaa_1035509_interiors_p_hiraya_pavilion_in_sapporo_ykaa_1035509_interior_1', 'i_p_hiraya_pavilion_in_sapporo_ykaa_1035509_interiors_p_hiraya_pavilion_in_sapporo_ykaa_1035509_p_hiraya_pavilion_in_sapporo_ykaa_1035509_interiors_p_hiraya_pavilion_in_sapporo_ykaa_1035509_interior_2', 'i_p_hiraya_pavilion_in_sapporo_ykaa_1035509_interiors_p_hiraya_pavilion_in_sapporo_ykaa_1035509_p_hiraya_pavilion_in_sapporo_ykaa_1035509_interiors_p_hiraya_pavilion_in_sapporo_ykaa_1035509_interior_3', 'i_p_hiraya_pavilion_in_sapporo_ykaa_1035509_interiors_p_hiraya_pavilion_in_sapporo_ykaa_1035509_p_hiraya_pavilion_in_sapporo_ykaa_1035509_interiors_p_hiraya_pavilion_in_sapporo_ykaa_1035509_interior_4', 'i_p_hiraya_pavilion_in_sapporo_ykaa_1035509_interiors_p_hiraya_pavilion_in_sapporo_ykaa_1035509_p_hiraya_pavilion_in_sapporo_ykaa_1035509_interiors_p_hiraya_pavilion_in_sapporo_ykaa_1035509_interior_5']",[],Wood|Glass|Modernist|Cultural|Pavilion|Natural Ventilation|Daylighting|Open Plan|Flexible Spaces|Art Events|Green Building|Solar Energy|Landscaping|Urban|Sapporo|Hokkaido|Japan|Timber Frame|Passive Design|Contemporary Architecture|Community Engagement|Interaction With Nature|Visual Connection|Elegance|Simplicity|Sustainability|Artistic Space|Public Space|Educational|Creative Hub|Cultural Diversity,43.0617713,141.3544506,Ykaa,Sapporo,,,2024.0,150.0,1.0
p_hortensia_herrero_art_center_erre_1013611_diagrams_p_hortensia_herrero_art_center_erre_1013611,Hortensia Herrero Art Center Erre 1013611 Diagrams P Hortensia Herrero Art Center Erre,unknown,unknown,unknown,unknown,unknown,"['i_p_hortensia_herrero_art_center_erre_1013611_diagrams_p_hortensia_herrero_art_center_erre_1013611_p_hortensia_herrero_art_center_erre_1013611_diagrams_p_hortensia_herrero_art_center_erre_1013611_diagram_1', 'i_p_hortensia_herrero_art_center_erre_1013611_diagrams_p_hortensia_herrero_art_center_erre_1013611_p_hortensia_herrero_art_center_erre_1013611_diagrams_p_hortensia_herrero_art_center_erre_1013611_diagram_2', 'i_p_hortensia_herrero_art_center_erre_1013611_diagrams_p_hortensia_herrero_art_center_erre_1013611_p_hortensia_herrero_art_center_erre_1013611_diagrams_p_hortensia_herrero_art_center_erre_1013611_diagram_3']",[],Cultural|Art Center|Valencia|Modern Architecture|Fragmented Massing|Central Atrium|Sustainable Design|Gallery|Workshop|Green Roof|Natural Ventilation|Polished Concrete|Glass Facade|Community Space|Landscaping|Urban Integration|Led Lighting|Performance Space|Daylighting|High Energy Efficiency,39.4738338,-0.3756348,Erre,Valencia,,,2024.0,0.0,3.0
p_hortensia_herrero_art_center_erre_1013611_exteriors_p_hortensia_herrero_art_center_erre_1013611,Hortensia Herrero Art Center Erre 1013611 Exteriors P Hortensia Herrero Art Center Erre,unknown,unknown,unknown,unknown,unknown,"['i_p_hortensia_herrero_art_center_erre_1013611_exteriors_p_hortensia_herrero_art_center_erre_1013611_p_hortensia_herrero_art_center_erre_1013611_exteriors_p_hortensia_herrero_art_center_erre_1013611_exterior_1', 'i_p_hortensia_herrero_art_center_erre_1013611_exteriors_p_hortensia_herrero_art_center_erre_1013611_p_hortensia_herrero_art_center_erre_1013611_exteriors_p_hortensia_herrero_art_center_erre_1013611_exterior_2']",[],Cultural|Art Center|Valencia|Modern Architecture|Fragmented Massing|Central Atrium|Sustainable Design|Gallery|Workshop|Green Roof|Natural Ventilation|Polished Concrete|Glass Facade|Community Space|Landscaping|Urban Integration|Led Lighting|Performance Space|Daylighting|High Energy Efficiency,39.4738338,-0.3756348,Erre,Valencia,,,2024.0,0.0,3.0
p_hortensia_herrero_art_center_erre_1013611_interiors_p_hortensia_herrero_art_center_erre_1013611,Hortensia Herrero Art Center Erre 1013611 Interiors P Hortensia Herrero Art Center Erre,unknown,unknown,unknown,unknown,unknown,"['i_p_hortensia_herrero_art_center_erre_1013611_interiors_p_hortensia_herrero_art_center_erre_1013611_p_hortensia_herrero_art_center_erre_1013611_interiors_p_hortensia_herrero_art_center_erre_1013611_interior_1', 'i_p_hortensia_herrero_art_center_erre_1013611_interiors_p_hortensia_herrero_art_center_erre_1013611_p_hortensia_herrero_art_center_erre_1013611_interiors_p_hortensia_herrero_art_center_erre_1013611_interior_2', 'i_p_hortensia_herrero_art_center_erre_1013611_interiors_p_hortensia_herrero_art_center_erre_1013611_p_hortensia_herrero_art_center_erre_1013611_interiors_p_hortensia_herrero_art_center_erre_1013611_interior_3', 'i_p_hortensia_herrero_art_center_erre_1013611_interiors_p_hortensia_herrero_art_center_erre_1013611_p_hortensia_herrero_art_center_erre_1013611_interiors_p_hortensia_herrero_art_center_erre_1013611_interior_4', 'i_p_hortensia_herrero_art_center_erre_1013611_interiors_p_hortensia_herrero_art_center_erre_1013611_p_hortensia_herrero_art_center_erre_1013611_interiors_p_hortensia_herrero_art_center_erre_1013611_interior_5']",[],Cultural|Art Center|Valencia|Modern Architecture|Fragmented Massing|Central Atrium|Sustainable Design|Gallery|Workshop|Green Roof|Natural Ventilation|Polished Concrete|Glass Facade|Community Space|Landscaping|Urban Integration|Led Lighting|Performance Space|Daylighting|High Energy Efficiency,39.4738338,-0.3756348,Erre,Valencia,,,2024.0,0.0,3.0
p_huanglong_mountain_zisha_mineral_source_1023799_diagrams_p_huanglong_mountain_zisha_mineral_source_1023799,Huanglong Mountain Zisha Mineral Source 1023799 Diagrams P Huanglong Mountain Zisha Mineral Source,unknown,unknown,unknown,unknown,unknown,"['i_p_huanglong_mountain_zisha_mineral_source_1023799_diagrams_p_huanglong_mountain_zisha_mineral_source_1023799_p_huanglong_mountain_zisha_mineral_source_1023799_diagrams_p_huanglong_mountain_zisha_mineral_source_1023799_diagram_1', 'i_p_huanglong_mountain_zisha_mineral_source_1023799_diagrams_p_huanglong_mountain_zisha_mineral_source_1023799_p_huanglong_mountain_zisha_mineral_source_1023799_diagrams_p_huanglong_mountain_zisha_mineral_source_1023799_diagram_2', 'i_p_huanglong_mountain_zisha_mineral_source_1023799_diagrams_p_huanglong_mountain_zisha_mineral_source_1023799_p_huanglong_mountain_zisha_mineral_source_1023799_diagrams_p_huanglong_mountain_zisha_mineral_source_1023799_diagram_3']",[],Cultural|Visitor Center|Museum|Wellness|Glass|Stone|Fragmented|Central Atrium|Natural Ventilation|Daylighting|Green Roof|Solar Panels|Rainwater Harvesting|Timber|Modernist|Sustainable Design|Landscape Integration|Nantong|Jiangsu|China|Temperate Climate|High-Performance Glazing|Neutral Colors|Passive Design|Sloped Site|Outdoor Spaces|Community Engagement|Gathering Spaces|Education|Wellness Facilities,31.4909899,120.31237,P,Nantong,,,2024.0,0.0,2.0
p_huanglong_mountain_zisha_mineral_source_1023799_exteriors_p_huanglong_mountain_zisha_mineral_source_1023799,Huanglong Mountain Zisha Mineral Source 1023799 Exteriors P Huanglong Mountain Zisha Mineral Source,unknown,unknown,unknown,unknown,unknown,"['i_p_huanglong_mountain_zisha_mineral_source_1023799_exteriors_p_huanglong_mountain_zisha_mineral_source_1023799_p_huanglong_mountain_zisha_mineral_source_1023799_exteriors_p_huanglong_mountain_zisha_mineral_source_1023799_exterior_1', 'i_p_huanglong_mountain_zisha_mineral_source_1023799_exteriors_p_huanglong_mountain_zisha_mineral_source_1023799_p_huanglong_mountain_zisha_mineral_source_1023799_exteriors_p_huanglong_mountain_zisha_mineral_source_1023799_exterior_2', 'i_p_huanglong_mountain_zisha_mineral_source_1023799_exteriors_p_huanglong_mountain_zisha_mineral_source_1023799_p_huanglong_mountain_zisha_mineral_source_1023799_exteriors_p_huanglong_mountain_zisha_mineral_source_1023799_exterior_3', 'i_p_huanglong_mountain_zisha_mineral_source_1023799_exteriors_p_huanglong_mountain_zisha_mineral_source_1023799_p_huanglong_mountain_zisha_mineral_source_1023799_exteriors_p_huanglong_mountain_zisha_mineral_source_1023799_exterior_4', 'i_p_huanglong_mountain_zisha_mineral_source_1023799_exteriors_p_huanglong_mountain_zisha_mineral_source_1023799_p_huanglong_mountain_zisha_mineral_source_1023799_exteriors_p_huanglong_mountain_zisha_mineral_source_1023799_exterior_5']",[],Cultural|Visitor Center|Museum|Wellness|Glass|Stone|Fragmented|Central Atrium|Natural Ventilation|Daylighting|Green Roof|Solar Panels|Rainwater Harvesting|Timber|Modernist|Sustainable Design|Landscape Integration|Nantong|Jiangsu|China|Temperate Climate|High-Performance Glazing|Neutral Colors|Passive Design|Sloped Site|Outdoor Spaces|Community Engagement|Gathering Spaces|Education|Wellness Facilities,31.4909899,120.31237,P,Nantong,,,2024.0,0.0,2.0
p_huanglong_mountain_zisha_mineral_source_1023799_interiors_p_huanglong_mountain_zisha_mineral_source_1023799,Huanglong Mountain Zisha Mineral Source 1023799 Interiors P Huanglong Mountain Zisha Mineral Source,unknown,unknown,unknown,unknown,unknown,"['i_p_huanglong_mountain_zisha_mineral_source_1023799_interiors_p_huanglong_mountain_zisha_mineral_source_1023799_p_huanglong_mountain_zisha_mineral_source_1023799_interiors_p_huanglong_mountain_zisha_mineral_source_1023799_interior_1', 'i_p_huanglong_mountain_zisha_mineral_source_1023799_interiors_p_huanglong_mountain_zisha_mineral_source_1023799_p_huanglong_mountain_zisha_mineral_source_1023799_interiors_p_huanglong_mountain_zisha_mineral_source_1023799_interior_2', 'i_p_huanglong_mountain_zisha_mineral_source_1023799_interiors_p_huanglong_mountain_zisha_mineral_source_1023799_p_huanglong_mountain_zisha_mineral_source_1023799_interiors_p_huanglong_mountain_zisha_mineral_source_1023799_interior_3']",[],Cultural|Visitor Center|Museum|Wellness|Glass|Stone|Fragmented|Central Atrium|Natural Ventilation|Daylighting|Green Roof|Solar Panels|Rainwater Harvesting|Timber|Modernist|Sustainable Design|Landscape Integration|Nantong|Jiangsu|China|Temperate Climate|High-Performance Glazing|Neutral Colors|Passive Design|Sloped Site|Outdoor Spaces|Community Engagement|Gathering Spaces|Education|Wellness Facilities,31.4909899,120.31237,P,Nantong,,,2024.0,0.0,2.0
p_iljuk_presbyterian_church_oh_jongsang_1027121_diagrams_p_iljuk_presbyterian_church_oh_jongsang_1027121,Iljuk Presbyterian Church Oh Jongsang 1027121 Diagrams P Iljuk Presbyterian Church Oh Jongsang,unknown,unknown,unknown,unknown,unknown,"['i_p_iljuk_presbyterian_church_oh_jongsang_1027121_diagrams_p_iljuk_presbyterian_church_oh_jongsang_1027121_p_iljuk_presbyterian_church_oh_jongsang_1027121_diagrams_p_iljuk_presbyterian_church_oh_jongsang_1027121_diagram_1', 'i_p_iljuk_presbyterian_church_oh_jongsang_1027121_diagrams_p_iljuk_presbyterian_church_oh_jongsang_1027121_p_iljuk_presbyterian_church_oh_jongsang_1027121_diagrams_p_iljuk_presbyterian_church_oh_jongsang_1027121_diagram_2', 'i_p_iljuk_presbyterian_church_oh_jongsang_1027121_diagrams_p_iljuk_presbyterian_church_oh_jongsang_1027121_p_iljuk_presbyterian_church_oh_jongsang_1027121_diagrams_p_iljuk_presbyterian_church_oh_jongsang_1027121_diagram_3']",[],Concrete|Glass|Modernist|Fragmented|Community Space|Worship|Sustainable Design|Natural Ventilation|High-Performance Glazing|Daylighting|Landscaped Gardens|Suburban|Architectural Integration|Cultural Context|Tempering Climate|Acoustic Treatment|Open Space|Gathering Areas|Thermal Mass|Cross Ventilation|Pedestrian Access|Natural Materials|Environmental Sustainability|Community Health|Civic Architecture|Contemporary|Integrative Design|Local Context|User-Centered|Ecological Architecture|Public Engagement,35.907757,127.766922,Oh Jongsang,Iljuk,,,2024.0,0.0,1.0
p_iljuk_presbyterian_church_oh_jongsang_1027121_exteriors_p_iljuk_presbyterian_church_oh_jongsang_1027121,Iljuk Presbyterian Church Oh Jongsang 1027121 Exteriors P Iljuk Presbyterian Church Oh Jongsang,unknown,unknown,unknown,unknown,unknown,"['i_p_iljuk_presbyterian_church_oh_jongsang_1027121_exteriors_p_iljuk_presbyterian_church_oh_jongsang_1027121_p_iljuk_presbyterian_church_oh_jongsang_1027121_exteriors_p_iljuk_presbyterian_church_oh_jongsang_1027121_exterior_1', 'i_p_iljuk_presbyterian_church_oh_jongsang_1027121_exteriors_p_iljuk_presbyterian_church_oh_jongsang_1027121_p_iljuk_presbyterian_church_oh_jongsang_1027121_exteriors_p_iljuk_presbyterian_church_oh_jongsang_1027121_exterior_2', 'i_p_iljuk_presbyterian_church_oh_jongsang_1027121_exteriors_p_iljuk_presbyterian_church_oh_jongsang_1027121_p_iljuk_presbyterian_church_oh_jongsang_1027121_exteriors_p_iljuk_presbyterian_church_oh_jongsang_1027121_exterior_3', 'i_p_iljuk_presbyterian_church_oh_jongsang_1027121_exteriors_p_iljuk_presbyterian_church_oh_jongsang_1027121_p_iljuk_presbyterian_church_oh_jongsang_1027121_exteriors_p_iljuk_presbyterian_church_oh_jongsang_1027121_exterior_4', 'i_p_iljuk_presbyterian_church_oh_jongsang_1027121_exteriors_p_iljuk_presbyterian_church_oh_jongsang_1027121_p_iljuk_presbyterian_church_oh_jongsang_1027121_exteriors_p_iljuk_presbyterian_church_oh_jongsang_1027121_exterior_5']",[],Concrete|Glass|Modernist|Fragmented|Community Space|Worship|Sustainable Design|Natural Ventilation|High-Performance Glazing|Daylighting|Landscaped Gardens|Suburban|Architectural Integration|Cultural Context|Tempering Climate|Acoustic Treatment|Open Space|Gathering Areas|Thermal Mass|Cross Ventilation|Pedestrian Access|Natural Materials|Environmental Sustainability|Community Health|Civic Architecture|Contemporary|Integrative Design|Local Context|User-Centered|Ecological Architecture|Public Engagement,35.907757,127.766922,Oh Jongsang,Iljuk,,,2024.0,0.0,1.0
p_iljuk_presbyterian_church_oh_jongsang_1027121_interiors_p_iljuk_presbyterian_church_oh_jongsang_1027121,Iljuk Presbyterian Church Oh Jongsang 1027121 Interiors P Iljuk Presbyterian Church Oh Jongsang,unknown,unknown,unknown,unknown,unknown,"['i_p_iljuk_presbyterian_church_oh_jongsang_1027121_interiors_p_iljuk_presbyterian_church_oh_jongsang_1027121_p_iljuk_presbyterian_church_oh_jongsang_1027121_interiors_p_iljuk_presbyterian_church_oh_jongsang_1027121_interior_1', 'i_p_iljuk_presbyterian_church_oh_jongsang_1027121_interiors_p_iljuk_presbyterian_church_oh_jongsang_1027121_p_iljuk_presbyterian_church_oh_jongsang_1027121_interiors_p_iljuk_presbyterian_church_oh_jongsang_1027121_interior_2', 'i_p_iljuk_presbyterian_church_oh_jongsang_1027121_interiors_p_iljuk_presbyterian_church_oh_jongsang_1027121_p_iljuk_presbyterian_church_oh_jongsang_1027121_interiors_p_iljuk_presbyterian_church_oh_jongsang_1027121_interior_3']",[],Concrete|Glass|Modernist|Fragmented|Community Space|Worship|Sustainable Design|Natural Ventilation|High-Performance Glazing|Daylighting|Landscaped Gardens|Suburban|Architectural Integration|Cultural Context|Tempering Climate|Acoustic Treatment|Open Space|Gathering Areas|Thermal Mass|Cross Ventilation|Pedestrian Access|Natural Materials|Environmental Sustainability|Community Health|Civic Architecture|Contemporary|Integrative Design|Local Context|User-Centered|Ecological Architecture|Public Engagement,35.907757,127.766922,Oh Jongsang,Iljuk,,,2024.0,0.0,1.0
p_inglewood_bird_sanctuary_expansion_the_m_1035158_exteriors_p_inglewood_bird_sanctuary_expansion_the_m_1035158,Inglewood Bird Sanctuary Expansion The M 1035158 Exteriors P Inglewood Bird Sanctuary Expansion The M,unknown,unknown,unknown,unknown,unknown,"['i_p_inglewood_bird_sanctuary_expansion_the_m_1035158_exteriors_p_inglewood_bird_sanctuary_expansion_the_m_1035158_p_inglewood_bird_sanctuary_expansion_the_m_1035158_exteriors_p_inglewood_bird_sanctuary_expansion_the_m_1035158_exterior_1', 'i_p_inglewood_bird_sanctuary_expansion_the_m_1035158_exteriors_p_inglewood_bird_sanctuary_expansion_the_m_1035158_p_inglewood_bird_sanctuary_expansion_the_m_1035158_exteriors_p_inglewood_bird_sanctuary_expansion_the_m_1035158_exterior_2']",[],Wood|Glass|Cultural|Environmental Education|Natural Ventilation|Sustainability|Open Plan|Observation Deck|Education|Native Landscaping|Solarpower|Rainwater Harvesting|Low-Impact|Natural Materials|Community-Centric|Educational Facilities|Biophilic Design|Calgary|Canada|Tempered Climate|Environmental Stewardship|Reclaimed Materials|Local Flora|Architecture For Wildlife|Passive Solar Design|Green Building|Community Engagement|Visitor Center|Habitat Preservation|Park Integration|Nature Observation,51.04473309999999,-114.0718831,M,Calgary,,,2024.0,1000.0,1.0
p_inglewood_bird_sanctuary_expansion_the_m_1035158_interiors_p_inglewood_bird_sanctuary_expansion_the_m_1035158,Inglewood Bird Sanctuary Expansion The M 1035158 Interiors P Inglewood Bird Sanctuary Expansion The M,unknown,unknown,unknown,unknown,unknown,"['i_p_inglewood_bird_sanctuary_expansion_the_m_1035158_interiors_p_inglewood_bird_sanctuary_expansion_the_m_1035158_p_inglewood_bird_sanctuary_expansion_the_m_1035158_interiors_p_inglewood_bird_sanctuary_expansion_the_m_1035158_interior_1', 'i_p_inglewood_bird_sanctuary_expansion_the_m_1035158_interiors_p_inglewood_bird_sanctuary_expansion_the_m_1035158_p_inglewood_bird_sanctuary_expansion_the_m_1035158_interiors_p_inglewood_bird_sanctuary_expansion_the_m_1035158_interior_2']",[],Wood|Glass|Cultural|Environmental Education|Natural Ventilation|Sustainability|Open Plan|Observation Deck|Education|Native Landscaping|Solarpower|Rainwater Harvesting|Low-Impact|Natural Materials|Community-Centric|Educational Facilities|Biophilic Design|Calgary|Canada|Tempered Climate|Environmental Stewardship|Reclaimed Materials|Local Flora|Architecture For Wildlife|Passive Solar Design|Green Building|Community Engagement|Visitor Center|Habitat Preservation|Park Integration|Nature Observation,51.04473309999999,-114.0718831,M,Calgary,,,2024.0,1000.0,1.0
p_intervention_of_the_yulin_courtyard_hous_1021229_diagrams_p_intervention_of_the_yulin_courtyard_hous_1021229,Intervention Of The Yulin Courtyard Hous 1021229 Diagrams P Intervention Of The Yulin Courtyard Hous,unknown,unknown,unknown,unknown,unknown,"['i_p_intervention_of_the_yulin_courtyard_hous_1021229_diagrams_p_intervention_of_the_yulin_courtyard_hous_1021229_p_intervention_of_the_yulin_courtyard_hous_1021229_diagrams_p_intervention_of_the_yulin_courtyard_hous_1021229_diagram_1', 'i_p_intervention_of_the_yulin_courtyard_hous_1021229_diagrams_p_intervention_of_the_yulin_courtyard_hous_1021229_p_intervention_of_the_yulin_courtyard_hous_1021229_diagrams_p_intervention_of_the_yulin_courtyard_hous_1021229_diagram_2', 'i_p_intervention_of_the_yulin_courtyard_hous_1021229_diagrams_p_intervention_of_the_yulin_courtyard_hous_1021229_p_intervention_of_the_yulin_courtyard_hous_1021229_diagrams_p_intervention_of_the_yulin_courtyard_hous_1021229_diagram_3']",[],Residential|Courtyard House|Renovation|Sustainable Architecture|Tropical Climate|Natural Ventilation|Cultural Heritage|Modern Amenities|Earth Tones|Brick Facade|Wood Elements|Central Courtyard|Passive Design|Natural Light|Artificial Lighting|Landscape Integration|Local Materials|Cross-Ventilation|Traditional Architecture|South-Facing|Overhangs|Pergolas|Community Space|Water Management|Thermal Mass|Social Interaction|Adaptive Reuse|Environmental Adaptation|Climate Response|Open Spaces|Interior Design,22.6545099,110.18098,Unknown,Yulin,,,2024.0,0.0,2.0
p_intervention_of_the_yulin_courtyard_hous_1021229_exteriors_p_intervention_of_the_yulin_courtyard_hous_1021229,Intervention Of The Yulin Courtyard Hous 1021229 Exteriors P Intervention Of The Yulin Courtyard Hous,unknown,unknown,unknown,unknown,unknown,"['i_p_intervention_of_the_yulin_courtyard_hous_1021229_exteriors_p_intervention_of_the_yulin_courtyard_hous_1021229_p_intervention_of_the_yulin_courtyard_hous_1021229_exteriors_p_intervention_of_the_yulin_courtyard_hous_1021229_exterior_1', 'i_p_intervention_of_the_yulin_courtyard_hous_1021229_exteriors_p_intervention_of_the_yulin_courtyard_hous_1021229_p_intervention_of_the_yulin_courtyard_hous_1021229_exteriors_p_intervention_of_the_yulin_courtyard_hous_1021229_exterior_2', 'i_p_intervention_of_the_yulin_courtyard_hous_1021229_exteriors_p_intervention_of_the_yulin_courtyard_hous_1021229_p_intervention_of_the_yulin_courtyard_hous_1021229_exteriors_p_intervention_of_the_yulin_courtyard_hous_1021229_exterior_3', 'i_p_intervention_of_the_yulin_courtyard_hous_1021229_exteriors_p_intervention_of_the_yulin_courtyard_hous_1021229_p_intervention_of_the_yulin_courtyard_hous_1021229_exteriors_p_intervention_of_the_yulin_courtyard_hous_1021229_exterior_4', 'i_p_intervention_of_the_yulin_courtyard_hous_1021229_exteriors_p_intervention_of_the_yulin_courtyard_hous_1021229_p_intervention_of_the_yulin_courtyard_hous_1021229_exteriors_p_intervention_of_the_yulin_courtyard_hous_1021229_exterior_5']",[],Residential|Courtyard House|Renovation|Sustainable Architecture|Tropical Climate|Natural Ventilation|Cultural Heritage|Modern Amenities|Earth Tones|Brick Facade|Wood Elements|Central Courtyard|Passive Design|Natural Light|Artificial Lighting|Landscape Integration|Local Materials|Cross-Ventilation|Traditional Architecture|South-Facing|Overhangs|Pergolas|Community Space|Water Management|Thermal Mass|Social Interaction|Adaptive Reuse|Environmental Adaptation|Climate Response|Open Spaces|Interior Design,22.6545099,110.18098,Unknown,Yulin,,,2024.0,0.0,2.0
p_intervention_of_the_yulin_courtyard_hous_1021229_interiors_p_intervention_of_the_yulin_courtyard_hous_1021229,Intervention Of The Yulin Courtyard Hous 1021229 Interiors P Intervention Of The Yulin Courtyard Hous,unknown,unknown,unknown,unknown,unknown,"['i_p_intervention_of_the_yulin_courtyard_hous_1021229_interiors_p_intervention_of_the_yulin_courtyard_hous_1021229_p_intervention_of_the_yulin_courtyard_hous_1021229_interiors_p_intervention_of_the_yulin_courtyard_hous_1021229_interior_1', 'i_p_intervention_of_the_yulin_courtyard_hous_1021229_interiors_p_intervention_of_the_yulin_courtyard_hous_1021229_p_intervention_of_the_yulin_courtyard_hous_1021229_interiors_p_intervention_of_the_yulin_courtyard_hous_1021229_interior_2', 'i_p_intervention_of_the_yulin_courtyard_hous_1021229_interiors_p_intervention_of_the_yulin_courtyard_hous_1021229_p_intervention_of_the_yulin_courtyard_hous_1021229_interiors_p_intervention_of_the_yulin_courtyard_hous_1021229_interior_3', 'i_p_intervention_of_the_yulin_courtyard_hous_1021229_interiors_p_intervention_of_the_yulin_courtyard_hous_1021229_p_intervention_of_the_yulin_courtyard_hous_1021229_interiors_p_intervention_of_the_yulin_courtyard_hous_1021229_interior_4', 'i_p_intervention_of_the_yulin_courtyard_hous_1021229_interiors_p_intervention_of_the_yulin_courtyard_hous_1021229_p_intervention_of_the_yulin_courtyard_hous_1021229_interiors_p_intervention_of_the_yulin_courtyard_hous_1021229_interior_5']",[],Residential|Courtyard House|Renovation|Sustainable Architecture|Tropical Climate|Natural Ventilation|Cultural Heritage|Modern Amenities|Earth Tones|Brick Facade|Wood Elements|Central Courtyard|Passive Design|Natural Light|Artificial Lighting|Landscape Integration|Local Materials|Cross-Ventilation|Traditional Architecture|South-Facing|Overhangs|Pergolas|Community Space|Water Management|Thermal Mass|Social Interaction|Adaptive Reuse|Environmental Adaptation|Climate Response|Open Spaces|Interior Design,22.6545099,110.18098,Unknown,Yulin,,,2024.0,0.0,2.0
p_ixcampus_design_school_same_architectes_1035289_exteriors_p_ixcampus_design_school_same_architectes_1035289,Ixcampus Design School Same Architectes 1035289 Exteriors P Ixcampus Design School Same Architectes,unknown,unknown,unknown,unknown,unknown,"['i_p_ixcampus_design_school_same_architectes_1035289_exteriors_p_ixcampus_design_school_same_architectes_1035289_p_ixcampus_design_school_same_architectes_1035289_exteriors_p_ixcampus_design_school_same_architectes_1035289_exterior_1', 'i_p_ixcampus_design_school_same_architectes_1035289_exteriors_p_ixcampus_design_school_same_architectes_1035289_p_ixcampus_design_school_same_architectes_1035289_exteriors_p_ixcampus_design_school_same_architectes_1035289_exterior_2', 'i_p_ixcampus_design_school_same_architectes_1035289_exteriors_p_ixcampus_design_school_same_architectes_1035289_p_ixcampus_design_school_same_architectes_1035289_exteriors_p_ixcampus_design_school_same_architectes_1035289_exterior_3', 'i_p_ixcampus_design_school_same_architectes_1035289_exteriors_p_ixcampus_design_school_same_architectes_1035289_p_ixcampus_design_school_same_architectes_1035289_exteriors_p_ixcampus_design_school_same_architectes_1035289_exterior_4', 'i_p_ixcampus_design_school_same_architectes_1035289_exteriors_p_ixcampus_design_school_same_architectes_1035289_p_ixcampus_design_school_same_architectes_1035289_exteriors_p_ixcampus_design_school_same_architectes_1035289_exterior_5']",[],Concrete|Glass|Modernist|School|Education|Collaborative Spaces|Sustainability|Natural Ventilation|Daylighting|Green Roof|Urban|Flat Site|Energy-Efficient|Design Studio|Classroom|Exposed Structure|Open Plan|Courtyard|Integrated Landscape|Modular Construction|In-Situ|Double Height|Natural Materials,48.8999714,2.0885134,Same Architectes,Paris,,,2024.0,0.0,3.0
p_ixcampus_design_school_same_architectes_1035289_interiors_p_ixcampus_design_school_same_architectes_1035289,Ixcampus Design School Same Architectes 1035289 Interiors P Ixcampus Design School Same Architectes,unknown,unknown,unknown,unknown,unknown,"['i_p_ixcampus_design_school_same_architectes_1035289_interiors_p_ixcampus_design_school_same_architectes_1035289_p_ixcampus_design_school_same_architectes_1035289_interiors_p_ixcampus_design_school_same_architectes_1035289_interior_1', 'i_p_ixcampus_design_school_same_architectes_1035289_interiors_p_ixcampus_design_school_same_architectes_1035289_p_ixcampus_design_school_same_architectes_1035289_interiors_p_ixcampus_design_school_same_architectes_1035289_interior_2', 'i_p_ixcampus_design_school_same_architectes_1035289_interiors_p_ixcampus_design_school_same_architectes_1035289_p_ixcampus_design_school_same_architectes_1035289_interiors_p_ixcampus_design_school_same_architectes_1035289_interior_3', 'i_p_ixcampus_design_school_same_architectes_1035289_interiors_p_ixcampus_design_school_same_architectes_1035289_p_ixcampus_design_school_same_architectes_1035289_interiors_p_ixcampus_design_school_same_architectes_1035289_interior_4', 'i_p_ixcampus_design_school_same_architectes_1035289_interiors_p_ixcampus_design_school_same_architectes_1035289_p_ixcampus_design_school_same_architectes_1035289_interiors_p_ixcampus_design_school_same_architectes_1035289_interior_5']",[],Concrete|Glass|Modernist|School|Education|Collaborative Spaces|Sustainability|Natural Ventilation|Daylighting|Green Roof|Urban|Flat Site|Energy-Efficient|Design Studio|Classroom|Exposed Structure|Open Plan|Courtyard|Integrated Landscape|Modular Construction|In-Situ|Double Height|Natural Materials,48.8999714,2.0885134,Same Architectes,Paris,,,2024.0,0.0,3.0
p_jackson_hole_history_museum_hga_1027334_diagrams_p_jackson_hole_history_museum_hga_1027334,Jackson Hole History Museum Hga 1027334 Diagrams P Jackson Hole History Museum Hga,unknown,unknown,unknown,unknown,unknown,"['i_p_jackson_hole_history_museum_hga_1027334_diagrams_p_jackson_hole_history_museum_hga_1027334_p_jackson_hole_history_museum_hga_1027334_diagrams_p_jackson_hole_history_museum_hga_1027334_diagram_1', 'i_p_jackson_hole_history_museum_hga_1027334_diagrams_p_jackson_hole_history_museum_hga_1027334_p_jackson_hole_history_museum_hga_1027334_diagrams_p_jackson_hole_history_museum_hga_1027334_diagram_2', 'i_p_jackson_hole_history_museum_hga_1027334_diagrams_p_jackson_hole_history_museum_hga_1027334_p_jackson_hole_history_museum_hga_1027334_diagrams_p_jackson_hole_history_museum_hga_1027334_diagram_3']",[],Museum|Hga|Wyoming|Sustainability|Cultural|Wood|Glass|Energy-Efficient|Natural Ventilation|Exhibition Space|Community|Institutional|Linear Design|Educational Programs|Polished Concrete|Reclaimed Materials|Landscape Architecture|High-Performance Glazing|Natural Light|Passive Design|Modern Architecture|Heritage|Environmental Design|Artifacts|Exhibits|Indoor-Outdoor Connection|Urban Design|Site Planning|Community Engagement|Tempered Climate|Local History,43.612255,-110.7054295,HGA,Jackson,,,2024.0,2500.0,2.0
p_jackson_hole_history_museum_hga_1027334_exteriors_p_jackson_hole_history_museum_hga_1027334,Jackson Hole History Museum Hga 1027334 Exteriors P Jackson Hole History Museum Hga,unknown,unknown,unknown,unknown,unknown,"['i_p_jackson_hole_history_museum_hga_1027334_exteriors_p_jackson_hole_history_museum_hga_1027334_p_jackson_hole_history_museum_hga_1027334_exteriors_p_jackson_hole_history_museum_hga_1027334_exterior_1', 'i_p_jackson_hole_history_museum_hga_1027334_exteriors_p_jackson_hole_history_museum_hga_1027334_p_jackson_hole_history_museum_hga_1027334_exteriors_p_jackson_hole_history_museum_hga_1027334_exterior_2', 'i_p_jackson_hole_history_museum_hga_1027334_exteriors_p_jackson_hole_history_museum_hga_1027334_p_jackson_hole_history_museum_hga_1027334_exteriors_p_jackson_hole_history_museum_hga_1027334_exterior_3']",[],Museum|Hga|Wyoming|Sustainability|Cultural|Wood|Glass|Energy-Efficient|Natural Ventilation|Exhibition Space|Community|Institutional|Linear Design|Educational Programs|Polished Concrete|Reclaimed Materials|Landscape Architecture|High-Performance Glazing|Natural Light|Passive Design|Modern Architecture|Heritage|Environmental Design|Artifacts|Exhibits|Indoor-Outdoor Connection|Urban Design|Site Planning|Community Engagement|Tempered Climate|Local History,43.612255,-110.7054295,HGA,Jackson,,,2024.0,2500.0,2.0
p_jackson_hole_history_museum_hga_1027334_interiors_p_jackson_hole_history_museum_hga_1027334,Jackson Hole History Museum Hga 1027334 Interiors P Jackson Hole History Museum Hga,unknown,unknown,unknown,unknown,unknown,"['i_p_jackson_hole_history_museum_hga_1027334_interiors_p_jackson_hole_history_museum_hga_1027334_p_jackson_hole_history_museum_hga_1027334_interiors_p_jackson_hole_history_museum_hga_1027334_interior_1', 'i_p_jackson_hole_history_museum_hga_1027334_interiors_p_jackson_hole_history_museum_hga_1027334_p_jackson_hole_history_museum_hga_1027334_interiors_p_jackson_hole_history_museum_hga_1027334_interior_2', 'i_p_jackson_hole_history_museum_hga_1027334_interiors_p_jackson_hole_history_museum_hga_1027334_p_jackson_hole_history_museum_hga_1027334_interiors_p_jackson_hole_history_museum_hga_1027334_interior_3', 'i_p_jackson_hole_history_museum_hga_1027334_interiors_p_jackson_hole_history_museum_hga_1027334_p_jackson_hole_history_museum_hga_1027334_interiors_p_jackson_hole_history_museum_hga_1027334_interior_4', 'i_p_jackson_hole_history_museum_hga_1027334_interiors_p_jackson_hole_history_museum_hga_1027334_p_jackson_hole_history_museum_hga_1027334_interiors_p_jackson_hole_history_museum_hga_1027334_interior_5']",[],Museum|Hga|Wyoming|Sustainability|Cultural|Wood|Glass|Energy-Efficient|Natural Ventilation|Exhibition Space|Community|Institutional|Linear Design|Educational Programs|Polished Concrete|Reclaimed Materials|Landscape Architecture|High-Performance Glazing|Natural Light|Passive Design|Modern Architecture|Heritage|Environmental Design|Artifacts|Exhibits|Indoor-Outdoor Connection|Urban Design|Site Planning|Community Engagement|Tempered Climate|Local History,43.4799291,-110.7624282,HGA,Jackson,,,2024.0,2500.0,2.0
p_james_baldwin_media_library_and_refugee_1030349_diagrams_p_james_baldwin_media_library_and_refugee_1030349,James Baldwin Media Library And Refugee 1030349 Diagrams P James Baldwin Media Library And Refugee,unknown,unknown,unknown,unknown,unknown,"['i_p_james_baldwin_media_library_and_refugee_1030349_diagrams_p_james_baldwin_media_library_and_refugee_1030349_p_james_baldwin_media_library_and_refugee_1030349_diagrams_p_james_baldwin_media_library_and_refugee_1030349_diagram_1', 'i_p_james_baldwin_media_library_and_refugee_1030349_diagrams_p_james_baldwin_media_library_and_refugee_1030349_p_james_baldwin_media_library_and_refugee_1030349_diagrams_p_james_baldwin_media_library_and_refugee_1030349_diagram_2', 'i_p_james_baldwin_media_library_and_refugee_1030349_diagrams_p_james_baldwin_media_library_and_refugee_1030349_p_james_baldwin_media_library_and_refugee_1030349_diagrams_p_james_baldwin_media_library_and_refugee_1030349_diagram_3']",[],Library|Community Center|Media|Refugee Services|Sustainable Design|Concrete|Glass|Linear Circulation|Fragmented Massing|Natural Ventilation|Daylighting|Urban Context|Open Plan|Reading Room|Meeting Rooms|Solar Panels|Rainwater Harvesting|Timber Interiors|Gypsum Board|Carpet|Modern Architecture|Inclusive Design|Community Interaction|Public Space|Local Materials|Adaptive Reuse|Green Roof|Thermal Mass|High-Performance Glass|Shading Devices|Urban Green Space,48.8575475,2.3513765,P,Paris,,,2024.0,0.0,3.0
p_james_baldwin_media_library_and_refugee_1030349_exteriors_p_james_baldwin_media_library_and_refugee_1030349,James Baldwin Media Library And Refugee 1030349 Exteriors P James Baldwin Media Library And Refugee,unknown,unknown,unknown,unknown,unknown,"['i_p_james_baldwin_media_library_and_refugee_1030349_exteriors_p_james_baldwin_media_library_and_refugee_1030349_p_james_baldwin_media_library_and_refugee_1030349_exteriors_p_james_baldwin_media_library_and_refugee_1030349_exterior_1', 'i_p_james_baldwin_media_library_and_refugee_1030349_exteriors_p_james_baldwin_media_library_and_refugee_1030349_p_james_baldwin_media_library_and_refugee_1030349_exteriors_p_james_baldwin_media_library_and_refugee_1030349_exterior_2', 'i_p_james_baldwin_media_library_and_refugee_1030349_exteriors_p_james_baldwin_media_library_and_refugee_1030349_p_james_baldwin_media_library_and_refugee_1030349_exteriors_p_james_baldwin_media_library_and_refugee_1030349_exterior_3', 'i_p_james_baldwin_media_library_and_refugee_1030349_exteriors_p_james_baldwin_media_library_and_refugee_1030349_p_james_baldwin_media_library_and_refugee_1030349_exteriors_p_james_baldwin_media_library_and_refugee_1030349_exterior_4']",[],Library|Community Center|Media|Refugee Services|Sustainable Design|Concrete|Glass|Linear Circulation|Fragmented Massing|Natural Ventilation|Daylighting|Urban Context|Open Plan|Reading Room|Meeting Rooms|Solar Panels|Rainwater Harvesting|Timber Interiors|Gypsum Board|Carpet|Modern Architecture|Inclusive Design|Community Interaction|Public Space|Local Materials|Adaptive Reuse|Green Roof|Thermal Mass|High-Performance Glass|Shading Devices|Urban Green Space,48.8575475,2.3513765,P,Paris,,,2024.0,0.0,3.0
p_james_baldwin_media_library_and_refugee_1030349_interiors_p_james_baldwin_media_library_and_refugee_1030349,James Baldwin Media Library And Refugee 1030349 Interiors P James Baldwin Media Library And Refugee,unknown,unknown,unknown,unknown,unknown,"['i_p_james_baldwin_media_library_and_refugee_1030349_interiors_p_james_baldwin_media_library_and_refugee_1030349_p_james_baldwin_media_library_and_refugee_1030349_interiors_p_james_baldwin_media_library_and_refugee_1030349_interior_1', 'i_p_james_baldwin_media_library_and_refugee_1030349_interiors_p_james_baldwin_media_library_and_refugee_1030349_p_james_baldwin_media_library_and_refugee_1030349_interiors_p_james_baldwin_media_library_and_refugee_1030349_interior_2', 'i_p_james_baldwin_media_library_and_refugee_1030349_interiors_p_james_baldwin_media_library_and_refugee_1030349_p_james_baldwin_media_library_and_refugee_1030349_interiors_p_james_baldwin_media_library_and_refugee_1030349_interior_3', 'i_p_james_baldwin_media_library_and_refugee_1030349_interiors_p_james_baldwin_media_library_and_refugee_1030349_p_james_baldwin_media_library_and_refugee_1030349_interiors_p_james_baldwin_media_library_and_refugee_1030349_interior_4', 'i_p_james_baldwin_media_library_and_refugee_1030349_interiors_p_james_baldwin_media_library_and_refugee_1030349_p_james_baldwin_media_library_and_refugee_1030349_interiors_p_james_baldwin_media_library_and_refugee_1030349_interior_5']",[],Library|Community Center|Media|Refugee Services|Sustainable Design|Concrete|Glass|Linear Circulation|Fragmented Massing|Natural Ventilation|Daylighting|Urban Context|Open Plan|Reading Room|Meeting Rooms|Solar Panels|Rainwater Harvesting|Timber Interiors|Gypsum Board|Carpet|Modern Architecture|Inclusive Design|Community Interaction|Public Space|Local Materials|Adaptive Reuse|Green Roof|Thermal Mass|High-Performance Glass|Shading Devices|Urban Green Space,48.8575475,2.3513765,P,Paris,,,2024.0,0.0,3.0
p_jami_at_taqwa_mosque_cibinong_ismail_sol_1034505_diagrams_p_jami_at_taqwa_mosque_cibinong_ismail_sol_1034505,Jami At Taqwa Mosque Cibinong Ismail Sol 1034505 Diagrams P Jami At Taqwa Mosque Cibinong Ismail Sol,unknown,unknown,unknown,unknown,unknown,"['i_p_jami_at_taqwa_mosque_cibinong_ismail_sol_1034505_diagrams_p_jami_at_taqwa_mosque_cibinong_ismail_sol_1034505_p_jami_at_taqwa_mosque_cibinong_ismail_sol_1034505_diagrams_p_jami_at_taqwa_mosque_cibinong_ismail_sol_1034505_diagram_1', 'i_p_jami_at_taqwa_mosque_cibinong_ismail_sol_1034505_diagrams_p_jami_at_taqwa_mosque_cibinong_ismail_sol_1034505_p_jami_at_taqwa_mosque_cibinong_ismail_sol_1034505_diagrams_p_jami_at_taqwa_mosque_cibinong_ismail_sol_1034505_diagram_2']",[],Mosque|Religious|Concrete|Glass|Modernist|Fragmented|Sustainable|Natural Ventilation|Community Space|Landscaping|Prayer Hall|Educational Facilities|Tropical Climate|Köppen Af|Central Circulation|East-West Orientation|Cross Ventilation|Thermal Mass|Canopy|Outdoor Space|Green Infrastructure|Residential Context|White Facade|Mozaic Details|Community Service|Urban Integration|Environmental Design|Passive Solar|Daylighting|Aesthetic Lighting|Cultural Significance|Architectural Harmony|Public Accessibility,-6.478888599999999,106.8569676,Ismail Sol,Cibinong,,,2024.0,0.0,2.0
p_jami_at_taqwa_mosque_cibinong_ismail_sol_1034505_exteriors_p_jami_at_taqwa_mosque_cibinong_ismail_sol_1034505,Jami At Taqwa Mosque Cibinong Ismail Sol 1034505 Exteriors P Jami At Taqwa Mosque Cibinong Ismail Sol,unknown,unknown,unknown,unknown,unknown,"['i_p_jami_at_taqwa_mosque_cibinong_ismail_sol_1034505_exteriors_p_jami_at_taqwa_mosque_cibinong_ismail_sol_1034505_p_jami_at_taqwa_mosque_cibinong_ismail_sol_1034505_exteriors_p_jami_at_taqwa_mosque_cibinong_ismail_sol_1034505_exterior_1', 'i_p_jami_at_taqwa_mosque_cibinong_ismail_sol_1034505_exteriors_p_jami_at_taqwa_mosque_cibinong_ismail_sol_1034505_p_jami_at_taqwa_mosque_cibinong_ismail_sol_1034505_exteriors_p_jami_at_taqwa_mosque_cibinong_ismail_sol_1034505_exterior_2', 'i_p_jami_at_taqwa_mosque_cibinong_ismail_sol_1034505_exteriors_p_jami_at_taqwa_mosque_cibinong_ismail_sol_1034505_p_jami_at_taqwa_mosque_cibinong_ismail_sol_1034505_exteriors_p_jami_at_taqwa_mosque_cibinong_ismail_sol_1034505_exterior_3', 'i_p_jami_at_taqwa_mosque_cibinong_ismail_sol_1034505_exteriors_p_jami_at_taqwa_mosque_cibinong_ismail_sol_1034505_p_jami_at_taqwa_mosque_cibinong_ismail_sol_1034505_exteriors_p_jami_at_taqwa_mosque_cibinong_ismail_sol_1034505_exterior_4', 'i_p_jami_at_taqwa_mosque_cibinong_ismail_sol_1034505_exteriors_p_jami_at_taqwa_mosque_cibinong_ismail_sol_1034505_p_jami_at_taqwa_mosque_cibinong_ismail_sol_1034505_exteriors_p_jami_at_taqwa_mosque_cibinong_ismail_sol_1034505_exterior_5']",[],Mosque|Religious|Concrete|Glass|Modernist|Fragmented|Sustainable|Natural Ventilation|Community Space|Landscaping|Prayer Hall|Educational Facilities|Tropical Climate|Köppen Af|Central Circulation|East-West Orientation|Cross Ventilation|Thermal Mass|Canopy|Outdoor Space|Green Infrastructure|Residential Context|White Facade|Mozaic Details|Community Service|Urban Integration|Environmental Design|Passive Solar|Daylighting|Aesthetic Lighting|Cultural Significance|Architectural Harmony|Public Accessibility,-6.478888599999999,106.8569676,Ismail Sol,Cibinong,,,2024.0,0.0,2.0
p_jami_at_taqwa_mosque_cibinong_ismail_sol_1034505_interiors_p_jami_at_taqwa_mosque_cibinong_ismail_sol_1034505,Jami At Taqwa Mosque Cibinong Ismail Sol 1034505 Interiors P Jami At Taqwa Mosque Cibinong Ismail Sol,unknown,unknown,unknown,unknown,unknown,"['i_p_jami_at_taqwa_mosque_cibinong_ismail_sol_1034505_interiors_p_jami_at_taqwa_mosque_cibinong_ismail_sol_1034505_p_jami_at_taqwa_mosque_cibinong_ismail_sol_1034505_interiors_p_jami_at_taqwa_mosque_cibinong_ismail_sol_1034505_interior_1', 'i_p_jami_at_taqwa_mosque_cibinong_ismail_sol_1034505_interiors_p_jami_at_taqwa_mosque_cibinong_ismail_sol_1034505_p_jami_at_taqwa_mosque_cibinong_ismail_sol_1034505_interiors_p_jami_at_taqwa_mosque_cibinong_ismail_sol_1034505_interior_2', 'i_p_jami_at_taqwa_mosque_cibinong_ismail_sol_1034505_interiors_p_jami_at_taqwa_mosque_cibinong_ismail_sol_1034505_p_jami_at_taqwa_mosque_cibinong_ismail_sol_1034505_interiors_p_jami_at_taqwa_mosque_cibinong_ismail_sol_1034505_interior_3', 'i_p_jami_at_taqwa_mosque_cibinong_ismail_sol_1034505_interiors_p_jami_at_taqwa_mosque_cibinong_ismail_sol_1034505_p_jami_at_taqwa_mosque_cibinong_ismail_sol_1034505_interiors_p_jami_at_taqwa_mosque_cibinong_ismail_sol_1034505_interior_4', 'i_p_jami_at_taqwa_mosque_cibinong_ismail_sol_1034505_interiors_p_jami_at_taqwa_mosque_cibinong_ismail_sol_1034505_p_jami_at_taqwa_mosque_cibinong_ismail_sol_1034505_interiors_p_jami_at_taqwa_mosque_cibinong_ismail_sol_1034505_interior_5']",[],Mosque|Religious|Concrete|Glass|Modernist|Fragmented|Sustainable|Natural Ventilation|Community Space|Landscaping|Prayer Hall|Educational Facilities|Tropical Climate|Köppen Af|Central Circulation|East-West Orientation|Cross Ventilation|Thermal Mass|Canopy|Outdoor Space|Green Infrastructure|Residential Context|White Facade|Mozaic Details|Community Service|Urban Integration|Environmental Design|Passive Solar|Daylighting|Aesthetic Lighting|Cultural Significance|Architectural Harmony|Public Accessibility,-6.478888599999999,106.8569676,Ismail Sol,Cibinong,,,2024.0,0.0,2.0
p_jean_ric_edelman_fossil_park_museum_enne_1029467_exteriors_p_jean_ric_edelman_fossil_park_museum_enne_1029467,Jean Ric Edelman Fossil Park Museum Enne 1029467 Exteriors P Jean Ric Edelman Fossil Park Museum Enne,unknown,unknown,unknown,unknown,unknown,"['i_p_jean_ric_edelman_fossil_park_museum_enne_1029467_exteriors_p_jean_ric_edelman_fossil_park_museum_enne_1029467_p_jean_ric_edelman_fossil_park_museum_enne_1029467_exteriors_p_jean_ric_edelman_fossil_park_museum_enne_1029467_exterior_1', 'i_p_jean_ric_edelman_fossil_park_museum_enne_1029467_exteriors_p_jean_ric_edelman_fossil_park_museum_enne_1029467_p_jean_ric_edelman_fossil_park_museum_enne_1029467_exteriors_p_jean_ric_edelman_fossil_park_museum_enne_1029467_exterior_2']",[],Museum|Education|Sustainable Design|Fiber Cement|Low-E Glass|Interactive Exhibits|Green Roof|Natural Ventilation|Daylighting|Steel Frame|Suburban|Earth Tones|Rainwater Harvesting|Public Space|Research Facility|Visitor Services|Cultural|Tempered Climate|Landscape Integration|Modernism|Passive Design|Exhibition Space|Community Engagement|Acoustic Treatment|Polished Concrete|Local Materials|Outdoor Spaces|Technology Integration|Urban Ecology,0.0,0.0,Enne,Mantua,,,2024.0,5000.0,2.0
p_jean_ric_edelman_fossil_park_museum_enne_1029467_interiors_p_jean_ric_edelman_fossil_park_museum_enne_1029467,Jean Ric Edelman Fossil Park Museum Enne 1029467 Interiors P Jean Ric Edelman Fossil Park Museum Enne,unknown,unknown,unknown,unknown,unknown,"['i_p_jean_ric_edelman_fossil_park_museum_enne_1029467_interiors_p_jean_ric_edelman_fossil_park_museum_enne_1029467_p_jean_ric_edelman_fossil_park_museum_enne_1029467_interiors_p_jean_ric_edelman_fossil_park_museum_enne_1029467_interior_1', 'i_p_jean_ric_edelman_fossil_park_museum_enne_1029467_interiors_p_jean_ric_edelman_fossil_park_museum_enne_1029467_p_jean_ric_edelman_fossil_park_museum_enne_1029467_interiors_p_jean_ric_edelman_fossil_park_museum_enne_1029467_interior_2']",[],Museum|Education|Sustainable Design|Fiber Cement|Low-E Glass|Interactive Exhibits|Green Roof|Natural Ventilation|Daylighting|Steel Frame|Suburban|Earth Tones|Rainwater Harvesting|Public Space|Research Facility|Visitor Services|Cultural|Tempered Climate|Landscape Integration|Modernism|Passive Design|Exhibition Space|Community Engagement|Acoustic Treatment|Polished Concrete|Local Materials|Outdoor Spaces|Technology Integration|Urban Ecology,0.0,0.0,Enne,Mantua,,,2024.0,5000.0,2.0
p_judicial_morgue_for_the_city_of_ver_ofic_1030759_diagrams_p_judicial_morgue_for_the_city_of_ver_ofic_1030759,Judicial Morgue For The City Of Ver Ofic 1030759 Diagrams P Judicial Morgue For The City Of Ver Ofic,unknown,unknown,unknown,unknown,unknown,"['i_p_judicial_morgue_for_the_city_of_ver_ofic_1030759_diagrams_p_judicial_morgue_for_the_city_of_ver_ofic_1030759_p_judicial_morgue_for_the_city_of_ver_ofic_1030759_diagrams_p_judicial_morgue_for_the_city_of_ver_ofic_1030759_diagram_1', 'i_p_judicial_morgue_for_the_city_of_ver_ofic_1030759_diagrams_p_judicial_morgue_for_the_city_of_ver_ofic_1030759_p_judicial_morgue_for_the_city_of_ver_ofic_1030759_diagrams_p_judicial_morgue_for_the_city_of_ver_ofic_1030759_diagram_2', 'i_p_judicial_morgue_for_the_city_of_ver_ofic_1030759_diagrams_p_judicial_morgue_for_the_city_of_ver_ofic_1030759_p_judicial_morgue_for_the_city_of_ver_ofic_1030759_diagrams_p_judicial_morgue_for_the_city_of_ver_ofic_1030759_diagram_3']",[],Morgue|Institutional|Concrete|Glass|Sustainable Architecture|Green Roof|Natural Ventilation|Temperate Climate|Forensic Facility|Urban Design|Public Health|Central Atrium|High-Efficiency Systems|Privacy|Daylighting|Offices|Autopsy Rooms|Rainwater Harvesting|Thermal Mass|Modernist|Gray|Medium Glazing|Overhangs|Vertical Fins|Polished Concrete|Urban Context|Efficient Circulation|Spatial Organization|Community Service|Advanced Facility|Workplace|Administrative|Structure,-31.6106578,-60.697294,Unknown,Ver Ofic,,,2024.0,2000.0,2.0
p_judicial_morgue_for_the_city_of_ver_ofic_1030759_exteriors_p_judicial_morgue_for_the_city_of_ver_ofic_1030759,Judicial Morgue For The City Of Ver Ofic 1030759 Exteriors P Judicial Morgue For The City Of Ver Ofic,unknown,unknown,unknown,unknown,unknown,"['i_p_judicial_morgue_for_the_city_of_ver_ofic_1030759_exteriors_p_judicial_morgue_for_the_city_of_ver_ofic_1030759_p_judicial_morgue_for_the_city_of_ver_ofic_1030759_exteriors_p_judicial_morgue_for_the_city_of_ver_ofic_1030759_exterior_1', 'i_p_judicial_morgue_for_the_city_of_ver_ofic_1030759_exteriors_p_judicial_morgue_for_the_city_of_ver_ofic_1030759_p_judicial_morgue_for_the_city_of_ver_ofic_1030759_exteriors_p_judicial_morgue_for_the_city_of_ver_ofic_1030759_exterior_2', 'i_p_judicial_morgue_for_the_city_of_ver_ofic_1030759_exteriors_p_judicial_morgue_for_the_city_of_ver_ofic_1030759_p_judicial_morgue_for_the_city_of_ver_ofic_1030759_exteriors_p_judicial_morgue_for_the_city_of_ver_ofic_1030759_exterior_3', 'i_p_judicial_morgue_for_the_city_of_ver_ofic_1030759_exteriors_p_judicial_morgue_for_the_city_of_ver_ofic_1030759_p_judicial_morgue_for_the_city_of_ver_ofic_1030759_exteriors_p_judicial_morgue_for_the_city_of_ver_ofic_1030759_exterior_4', 'i_p_judicial_morgue_for_the_city_of_ver_ofic_1030759_exteriors_p_judicial_morgue_for_the_city_of_ver_ofic_1030759_p_judicial_morgue_for_the_city_of_ver_ofic_1030759_exteriors_p_judicial_morgue_for_the_city_of_ver_ofic_1030759_exterior_5']",[],Morgue|Institutional|Concrete|Glass|Sustainable Architecture|Green Roof|Natural Ventilation|Temperate Climate|Forensic Facility|Urban Design|Public Health|Central Atrium|High-Efficiency Systems|Privacy|Daylighting|Offices|Autopsy Rooms|Rainwater Harvesting|Thermal Mass|Modernist|Gray|Medium Glazing|Overhangs|Vertical Fins|Polished Concrete|Urban Context|Efficient Circulation|Spatial Organization|Community Service|Advanced Facility|Workplace|Administrative|Structure,-31.6106578,-60.697294,Unknown,Ver Ofic,,,2024.0,2000.0,2.0
p_judicial_morgue_for_the_city_of_ver_ofic_1030759_interiors_p_judicial_morgue_for_the_city_of_ver_ofic_1030759,Judicial Morgue For The City Of Ver Ofic 1030759 Interiors P Judicial Morgue For The City Of Ver Ofic,unknown,unknown,unknown,unknown,unknown,"['i_p_judicial_morgue_for_the_city_of_ver_ofic_1030759_interiors_p_judicial_morgue_for_the_city_of_ver_ofic_1030759_p_judicial_morgue_for_the_city_of_ver_ofic_1030759_interiors_p_judicial_morgue_for_the_city_of_ver_ofic_1030759_interior_1', 'i_p_judicial_morgue_for_the_city_of_ver_ofic_1030759_interiors_p_judicial_morgue_for_the_city_of_ver_ofic_1030759_p_judicial_morgue_for_the_city_of_ver_ofic_1030759_interiors_p_judicial_morgue_for_the_city_of_ver_ofic_1030759_interior_2', 'i_p_judicial_morgue_for_the_city_of_ver_ofic_1030759_interiors_p_judicial_morgue_for_the_city_of_ver_ofic_1030759_p_judicial_morgue_for_the_city_of_ver_ofic_1030759_interiors_p_judicial_morgue_for_the_city_of_ver_ofic_1030759_interior_3', 'i_p_judicial_morgue_for_the_city_of_ver_ofic_1030759_interiors_p_judicial_morgue_for_the_city_of_ver_ofic_1030759_p_judicial_morgue_for_the_city_of_ver_ofic_1030759_interiors_p_judicial_morgue_for_the_city_of_ver_ofic_1030759_interior_4', 'i_p_judicial_morgue_for_the_city_of_ver_ofic_1030759_interiors_p_judicial_morgue_for_the_city_of_ver_ofic_1030759_p_judicial_morgue_for_the_city_of_ver_ofic_1030759_interiors_p_judicial_morgue_for_the_city_of_ver_ofic_1030759_interior_5']",[],Morgue|Institutional|Concrete|Glass|Sustainable Architecture|Green Roof|Natural Ventilation|Temperate Climate|Forensic Facility|Urban Design|Public Health|Central Atrium|High-Efficiency Systems|Privacy|Daylighting|Offices|Autopsy Rooms|Rainwater Harvesting|Thermal Mass|Modernist|Gray|Medium Glazing|Overhangs|Vertical Fins|Polished Concrete|Urban Context|Efficient Circulation|Spatial Organization|Community Service|Advanced Facility|Workplace|Administrative|Structure,-31.6106578,-60.697294,Unknown,Ver Ofic,,,2024.0,2000.0,2.0
p_jules_verne_school_barr_lambot_architect_1035346_diagrams_p_jules_verne_school_barr_lambot_architect_1035346,Jules Verne School Barr Lambot Architect 1035346 Diagrams P Jules Verne School Barr Lambot Architect,unknown,unknown,unknown,unknown,unknown,"['i_p_jules_verne_school_barr_lambot_architect_1035346_diagrams_p_jules_verne_school_barr_lambot_architect_1035346_p_jules_verne_school_barr_lambot_architect_1035346_diagrams_p_jules_verne_school_barr_lambot_architect_1035346_diagram_1', 'i_p_jules_verne_school_barr_lambot_architect_1035346_diagrams_p_jules_verne_school_barr_lambot_architect_1035346_p_jules_verne_school_barr_lambot_architect_1035346_diagrams_p_jules_verne_school_barr_lambot_architect_1035346_diagram_2', 'i_p_jules_verne_school_barr_lambot_architect_1035346_diagrams_p_jules_verne_school_barr_lambot_architect_1035346_p_jules_verne_school_barr_lambot_architect_1035346_diagrams_p_jules_verne_school_barr_lambot_architect_1035346_diagram_3']",[],School|Institutional|Education|Sustainability|Natural Ventilation|Concrete|Glass|Modernist|Daylighting|Central Courtyard|Outdoor Learning|Suburban|Pedagogical|Community Space|Environmental Integration|Natural Materials|Passive Design|Rainwater Harvesting|Transparent Facade|Teacher Collaboration|Students Interaction|Green Building|Modern Architecture|Learning Environment|Flexible Spaces|Creative Design|Concrete Frame|Eco-Friendly|Play Areas|Open Plan,46.977639,-1.3141608,Barr Lambot Architect,Nantes,,,2024.0,0.0,2.0
p_jules_verne_school_barr_lambot_architect_1035346_exteriors_p_jules_verne_school_barr_lambot_architect_1035346,Jules Verne School Barr Lambot Architect 1035346 Exteriors P Jules Verne School Barr Lambot Architect,unknown,unknown,unknown,unknown,unknown,"['i_p_jules_verne_school_barr_lambot_architect_1035346_exteriors_p_jules_verne_school_barr_lambot_architect_1035346_p_jules_verne_school_barr_lambot_architect_1035346_exteriors_p_jules_verne_school_barr_lambot_architect_1035346_exterior_1', 'i_p_jules_verne_school_barr_lambot_architect_1035346_exteriors_p_jules_verne_school_barr_lambot_architect_1035346_p_jules_verne_school_barr_lambot_architect_1035346_exteriors_p_jules_verne_school_barr_lambot_architect_1035346_exterior_2', 'i_p_jules_verne_school_barr_lambot_architect_1035346_exteriors_p_jules_verne_school_barr_lambot_architect_1035346_p_jules_verne_school_barr_lambot_architect_1035346_exteriors_p_jules_verne_school_barr_lambot_architect_1035346_exterior_3', 'i_p_jules_verne_school_barr_lambot_architect_1035346_exteriors_p_jules_verne_school_barr_lambot_architect_1035346_p_jules_verne_school_barr_lambot_architect_1035346_exteriors_p_jules_verne_school_barr_lambot_architect_1035346_exterior_4', 'i_p_jules_verne_school_barr_lambot_architect_1035346_exteriors_p_jules_verne_school_barr_lambot_architect_1035346_p_jules_verne_school_barr_lambot_architect_1035346_exteriors_p_jules_verne_school_barr_lambot_architect_1035346_exterior_5']",[],School|Institutional|Education|Sustainability|Natural Ventilation|Concrete|Glass|Modernist|Daylighting|Central Courtyard|Outdoor Learning|Suburban|Pedagogical|Community Space|Environmental Integration|Natural Materials|Passive Design|Rainwater Harvesting|Transparent Facade|Teacher Collaboration|Students Interaction|Green Building|Modern Architecture|Learning Environment|Flexible Spaces|Creative Design|Concrete Frame|Eco-Friendly|Play Areas|Open Plan,46.977639,-1.3141608,Barr Lambot Architect,Nantes,,,2024.0,0.0,2.0
p_jules_verne_school_barr_lambot_architect_1035346_interiors_p_jules_verne_school_barr_lambot_architect_1035346,Jules Verne School Barr Lambot Architect 1035346 Interiors P Jules Verne School Barr Lambot Architect,unknown,unknown,unknown,unknown,unknown,"['i_p_jules_verne_school_barr_lambot_architect_1035346_interiors_p_jules_verne_school_barr_lambot_architect_1035346_p_jules_verne_school_barr_lambot_architect_1035346_interiors_p_jules_verne_school_barr_lambot_architect_1035346_interior_1', 'i_p_jules_verne_school_barr_lambot_architect_1035346_interiors_p_jules_verne_school_barr_lambot_architect_1035346_p_jules_verne_school_barr_lambot_architect_1035346_interiors_p_jules_verne_school_barr_lambot_architect_1035346_interior_2', 'i_p_jules_verne_school_barr_lambot_architect_1035346_interiors_p_jules_verne_school_barr_lambot_architect_1035346_p_jules_verne_school_barr_lambot_architect_1035346_interiors_p_jules_verne_school_barr_lambot_architect_1035346_interior_3', 'i_p_jules_verne_school_barr_lambot_architect_1035346_interiors_p_jules_verne_school_barr_lambot_architect_1035346_p_jules_verne_school_barr_lambot_architect_1035346_interiors_p_jules_verne_school_barr_lambot_architect_1035346_interior_4', 'i_p_jules_verne_school_barr_lambot_architect_1035346_interiors_p_jules_verne_school_barr_lambot_architect_1035346_p_jules_verne_school_barr_lambot_architect_1035346_interiors_p_jules_verne_school_barr_lambot_architect_1035346_interior_5']",[],School|Institutional|Education|Sustainability|Natural Ventilation|Concrete|Glass|Modernist|Daylighting|Central Courtyard|Outdoor Learning|Suburban|Pedagogical|Community Space|Environmental Integration|Natural Materials|Passive Design|Rainwater Harvesting|Transparent Facade|Teacher Collaboration|Students Interaction|Green Building|Modern Architecture|Learning Environment|Flexible Spaces|Creative Design|Concrete Frame|Eco-Friendly|Play Areas|Open Plan,46.977639,-1.3141608,Barr Lambot Architect,Nantes,,,2024.0,0.0,2.0
p_kampung_mrican_phase_1_and_microlibrary_1031619_diagrams_p_kampung_mrican_phase_1_and_microlibrary_1031619,Kampung Mrican Phase 1 And Microlibrary 1031619 Diagrams P Kampung Mrican Phase 1 And Microlibrary,unknown,unknown,unknown,unknown,unknown,"['i_p_kampung_mrican_phase_1_and_microlibrary_1031619_diagrams_p_kampung_mrican_phase_1_and_microlibrary_1031619_p_kampung_mrican_phase_1_and_microlibrary_1031619_diagrams_p_kampung_mrican_phase_1_and_microlibrary_1031619_diagram_1', 'i_p_kampung_mrican_phase_1_and_microlibrary_1031619_diagrams_p_kampung_mrican_phase_1_and_microlibrary_1031619_p_kampung_mrican_phase_1_and_microlibrary_1031619_diagrams_p_kampung_mrican_phase_1_and_microlibrary_1031619_diagram_2', 'i_p_kampung_mrican_phase_1_and_microlibrary_1031619_diagrams_p_kampung_mrican_phase_1_and_microlibrary_1031619_p_kampung_mrican_phase_1_and_microlibrary_1031619_diagrams_p_kampung_mrican_phase_1_and_microlibrary_1031619_diagram_3']",[],Microlibrary|Community Center|Sustainability|Yogyakarta|Biodiversity|Tropical Architecture|Cross Ventilation|Natural Materials|Reading Spaces|Public Space|Community Engagement|Cultural Integration|Daylighting|Local Architecture|Brick Facade|Wood Accents|Plastered Walls|Courtyard|Library Design|Green Roof|Outdoor Space|Modular Design|Cafes|Youth Engagement|Active Learning|Social Interaction|Indoor-Outdoor Flow|Open Plan|Flexible Design,-7.801367200000001,110.3647568,Unknown,Yogyakarta,,,2024.0,200.0,1.0
p_kampung_mrican_phase_1_and_microlibrary_1031619_exteriors_p_kampung_mrican_phase_1_and_microlibrary_1031619,Kampung Mrican Phase 1 And Microlibrary 1031619 Exteriors P Kampung Mrican Phase 1 And Microlibrary,unknown,unknown,unknown,unknown,unknown,"['i_p_kampung_mrican_phase_1_and_microlibrary_1031619_exteriors_p_kampung_mrican_phase_1_and_microlibrary_1031619_p_kampung_mrican_phase_1_and_microlibrary_1031619_exteriors_p_kampung_mrican_phase_1_and_microlibrary_1031619_exterior_1', 'i_p_kampung_mrican_phase_1_and_microlibrary_1031619_exteriors_p_kampung_mrican_phase_1_and_microlibrary_1031619_p_kampung_mrican_phase_1_and_microlibrary_1031619_exteriors_p_kampung_mrican_phase_1_and_microlibrary_1031619_exterior_2', 'i_p_kampung_mrican_phase_1_and_microlibrary_1031619_exteriors_p_kampung_mrican_phase_1_and_microlibrary_1031619_p_kampung_mrican_phase_1_and_microlibrary_1031619_exteriors_p_kampung_mrican_phase_1_and_microlibrary_1031619_exterior_3', 'i_p_kampung_mrican_phase_1_and_microlibrary_1031619_exteriors_p_kampung_mrican_phase_1_and_microlibrary_1031619_p_kampung_mrican_phase_1_and_microlibrary_1031619_exteriors_p_kampung_mrican_phase_1_and_microlibrary_1031619_exterior_4', 'i_p_kampung_mrican_phase_1_and_microlibrary_1031619_exteriors_p_kampung_mrican_phase_1_and_microlibrary_1031619_p_kampung_mrican_phase_1_and_microlibrary_1031619_exteriors_p_kampung_mrican_phase_1_and_microlibrary_1031619_exterior_5']",[],Microlibrary|Community Center|Sustainability|Yogyakarta|Biodiversity|Tropical Architecture|Cross Ventilation|Natural Materials|Reading Spaces|Public Space|Community Engagement|Cultural Integration|Daylighting|Local Architecture|Brick Facade|Wood Accents|Plastered Walls|Courtyard|Library Design|Green Roof|Outdoor Space|Modular Design|Cafes|Youth Engagement|Active Learning|Social Interaction|Indoor-Outdoor Flow|Open Plan|Flexible Design,-7.801367200000001,110.3647568,Unknown,Yogyakarta,,,2024.0,200.0,1.0
p_kampung_mrican_phase_1_and_microlibrary_1031619_interiors_p_kampung_mrican_phase_1_and_microlibrary_1031619,Kampung Mrican Phase 1 And Microlibrary 1031619 Interiors P Kampung Mrican Phase 1 And Microlibrary,unknown,unknown,unknown,unknown,unknown,"['i_p_kampung_mrican_phase_1_and_microlibrary_1031619_interiors_p_kampung_mrican_phase_1_and_microlibrary_1031619_p_kampung_mrican_phase_1_and_microlibrary_1031619_interiors_p_kampung_mrican_phase_1_and_microlibrary_1031619_interior_1', 'i_p_kampung_mrican_phase_1_and_microlibrary_1031619_interiors_p_kampung_mrican_phase_1_and_microlibrary_1031619_p_kampung_mrican_phase_1_and_microlibrary_1031619_interiors_p_kampung_mrican_phase_1_and_microlibrary_1031619_interior_2', 'i_p_kampung_mrican_phase_1_and_microlibrary_1031619_interiors_p_kampung_mrican_phase_1_and_microlibrary_1031619_p_kampung_mrican_phase_1_and_microlibrary_1031619_interiors_p_kampung_mrican_phase_1_and_microlibrary_1031619_interior_3', 'i_p_kampung_mrican_phase_1_and_microlibrary_1031619_interiors_p_kampung_mrican_phase_1_and_microlibrary_1031619_p_kampung_mrican_phase_1_and_microlibrary_1031619_interiors_p_kampung_mrican_phase_1_and_microlibrary_1031619_interior_4', 'i_p_kampung_mrican_phase_1_and_microlibrary_1031619_interiors_p_kampung_mrican_phase_1_and_microlibrary_1031619_p_kampung_mrican_phase_1_and_microlibrary_1031619_interiors_p_kampung_mrican_phase_1_and_microlibrary_1031619_interior_5']",[],Microlibrary|Community Center|Sustainability|Yogyakarta|Biodiversity|Tropical Architecture|Cross Ventilation|Natural Materials|Reading Spaces|Public Space|Community Engagement|Cultural Integration|Daylighting|Local Architecture|Brick Facade|Wood Accents|Plastered Walls|Courtyard|Library Design|Green Roof|Outdoor Space|Modular Design|Cafes|Youth Engagement|Active Learning|Social Interaction|Indoor-Outdoor Flow|Open Plan|Flexible Design,-7.801367200000001,110.3647568,Unknown,Yogyakarta,,,2024.0,200.0,1.0
p_kiihtelysvaara_church_luo_architects_1030415_diagrams_p_kiihtelysvaara_church_luo_architects_1030415,Kiihtelysvaara Church Luo Architects 1030415 Diagrams P Kiihtelysvaara Church Luo Architects,unknown,unknown,unknown,unknown,unknown,"['i_p_kiihtelysvaara_church_luo_architects_1030415_diagrams_p_kiihtelysvaara_church_luo_architects_1030415_p_kiihtelysvaara_church_luo_architects_1030415_diagrams_p_kiihtelysvaara_church_luo_architects_1030415_diagram_1', 'i_p_kiihtelysvaara_church_luo_architects_1030415_diagrams_p_kiihtelysvaara_church_luo_architects_1030415_p_kiihtelysvaara_church_luo_architects_1030415_diagrams_p_kiihtelysvaara_church_luo_architects_1030415_diagram_2', 'i_p_kiihtelysvaara_church_luo_architects_1030415_diagrams_p_kiihtelysvaara_church_luo_architects_1030415_p_kiihtelysvaara_church_luo_architects_1030415_diagrams_p_kiihtelysvaara_church_luo_architects_1030415_diagram_3']",[],Church|Community|Religious|Wood|Glass|Sustainable|Modern|Timber|Natural Lighting|Passive Design|Landscape Integration|Energy Efficiency|Contemporary|Local Materials|Comfortable|Gathering Space|Integrated With Nature|Urban Context|Kiihtelysvaara|Architectural Design|Luo Architects|Community Hub|Spiritual Space|Natural Ventilation|Energy-Efficient|Building Design|Wooden Facade|Natural Materials|Environmentally Friendly|Serene|Inviting,62.4931114,30.2512314,Luo Architects,Kiihtelysvaara,,,2024.0,0.0,1.0
p_kiihtelysvaara_church_luo_architects_1030415_exteriors_p_kiihtelysvaara_church_luo_architects_1030415,Kiihtelysvaara Church Luo Architects 1030415 Exteriors P Kiihtelysvaara Church Luo Architects,unknown,unknown,unknown,unknown,unknown,"['i_p_kiihtelysvaara_church_luo_architects_1030415_exteriors_p_kiihtelysvaara_church_luo_architects_1030415_p_kiihtelysvaara_church_luo_architects_1030415_exteriors_p_kiihtelysvaara_church_luo_architects_1030415_exterior_1', 'i_p_kiihtelysvaara_church_luo_architects_1030415_exteriors_p_kiihtelysvaara_church_luo_architects_1030415_p_kiihtelysvaara_church_luo_architects_1030415_exteriors_p_kiihtelysvaara_church_luo_architects_1030415_exterior_2', 'i_p_kiihtelysvaara_church_luo_architects_1030415_exteriors_p_kiihtelysvaara_church_luo_architects_1030415_p_kiihtelysvaara_church_luo_architects_1030415_exteriors_p_kiihtelysvaara_church_luo_architects_1030415_exterior_3', 'i_p_kiihtelysvaara_church_luo_architects_1030415_exteriors_p_kiihtelysvaara_church_luo_architects_1030415_p_kiihtelysvaara_church_luo_architects_1030415_exteriors_p_kiihtelysvaara_church_luo_architects_1030415_exterior_4', 'i_p_kiihtelysvaara_church_luo_architects_1030415_exteriors_p_kiihtelysvaara_church_luo_architects_1030415_p_kiihtelysvaara_church_luo_architects_1030415_exteriors_p_kiihtelysvaara_church_luo_architects_1030415_exterior_5']",[],Church|Community|Religious|Wood|Glass|Sustainable|Modern|Timber|Natural Lighting|Passive Design|Landscape Integration|Energy Efficiency|Contemporary|Local Materials|Comfortable|Gathering Space|Integrated With Nature|Urban Context|Kiihtelysvaara|Architectural Design|Luo Architects|Community Hub|Spiritual Space|Natural Ventilation|Energy-Efficient|Building Design|Wooden Facade|Natural Materials|Environmentally Friendly|Serene|Inviting,62.4931114,30.2512314,Luo Architects,Kiihtelysvaara,,,2024.0,0.0,1.0
p_kiihtelysvaara_church_luo_architects_1030415_interiors_p_kiihtelysvaara_church_luo_architects_1030415,Kiihtelysvaara Church Luo Architects 1030415 Interiors P Kiihtelysvaara Church Luo Architects,unknown,unknown,unknown,unknown,unknown,"['i_p_kiihtelysvaara_church_luo_architects_1030415_interiors_p_kiihtelysvaara_church_luo_architects_1030415_p_kiihtelysvaara_church_luo_architects_1030415_interiors_p_kiihtelysvaara_church_luo_architects_1030415_interior_1', 'i_p_kiihtelysvaara_church_luo_architects_1030415_interiors_p_kiihtelysvaara_church_luo_architects_1030415_p_kiihtelysvaara_church_luo_architects_1030415_interiors_p_kiihtelysvaara_church_luo_architects_1030415_interior_2', 'i_p_kiihtelysvaara_church_luo_architects_1030415_interiors_p_kiihtelysvaara_church_luo_architects_1030415_p_kiihtelysvaara_church_luo_architects_1030415_interiors_p_kiihtelysvaara_church_luo_architects_1030415_interior_3', 'i_p_kiihtelysvaara_church_luo_architects_1030415_interiors_p_kiihtelysvaara_church_luo_architects_1030415_p_kiihtelysvaara_church_luo_architects_1030415_interiors_p_kiihtelysvaara_church_luo_architects_1030415_interior_4', 'i_p_kiihtelysvaara_church_luo_architects_1030415_interiors_p_kiihtelysvaara_church_luo_architects_1030415_p_kiihtelysvaara_church_luo_architects_1030415_interiors_p_kiihtelysvaara_church_luo_architects_1030415_interior_5']",[],Church|Community|Religious|Wood|Glass|Sustainable|Modern|Timber|Natural Lighting|Passive Design|Landscape Integration|Energy Efficiency|Contemporary|Local Materials|Comfortable|Gathering Space|Integrated With Nature|Urban Context|Kiihtelysvaara|Architectural Design|Luo Architects|Community Hub|Spiritual Space|Natural Ventilation|Energy-Efficient|Building Design|Wooden Facade|Natural Materials|Environmentally Friendly|Serene|Inviting,62.4931114,30.2512314,Luo Architects,Kiihtelysvaara,,,2024.0,0.0,1.0
p_kushtia_neighborhood_mosque_ahsan_habib_1025782_diagrams_p_kushtia_neighborhood_mosque_ahsan_habib_1025782,Kushtia Neighborhood Mosque Ahsan Habib 1025782 Diagrams P Kushtia Neighborhood Mosque Ahsan Habib,unknown,unknown,unknown,unknown,unknown,"['i_p_kushtia_neighborhood_mosque_ahsan_habib_1025782_diagrams_p_kushtia_neighborhood_mosque_ahsan_habib_1025782_p_kushtia_neighborhood_mosque_ahsan_habib_1025782_diagrams_p_kushtia_neighborhood_mosque_ahsan_habib_1025782_diagram_1', 'i_p_kushtia_neighborhood_mosque_ahsan_habib_1025782_diagrams_p_kushtia_neighborhood_mosque_ahsan_habib_1025782_p_kushtia_neighborhood_mosque_ahsan_habib_1025782_diagrams_p_kushtia_neighborhood_mosque_ahsan_habib_1025782_diagram_2', 'i_p_kushtia_neighborhood_mosque_ahsan_habib_1025782_diagrams_p_kushtia_neighborhood_mosque_ahsan_habib_1025782_p_kushtia_neighborhood_mosque_ahsan_habib_1025782_diagrams_p_kushtia_neighborhood_mosque_ahsan_habib_1025782_diagram_3']",[],Mosque|Religious|Concrete|Glass|Tropical|Sustainable|Natural Ventilation|Community Space|Courtyard|Plaster|Ceramic Tiles|Urban|Landscape Integration|Ahsan Habib|Bangladesh|Local Materials|Modern Architecture|Green Building|Integrated Design|Architectural Innovation|Prayer Hall|Shared Space|Renewable Energy|Cultural Identity|Functional Design|Open Plan|Central Circulation|Natural Light|Affordable Architecture|Community Engagement,23.9088541,89.12218179999999,Ahsan Habib,Kushtia,,,2024.0,500.0,1.0
p_kushtia_neighborhood_mosque_ahsan_habib_1025782_exteriors_p_kushtia_neighborhood_mosque_ahsan_habib_1025782,Kushtia Neighborhood Mosque Ahsan Habib 1025782 Exteriors P Kushtia Neighborhood Mosque Ahsan Habib,unknown,unknown,unknown,unknown,unknown,"['i_p_kushtia_neighborhood_mosque_ahsan_habib_1025782_exteriors_p_kushtia_neighborhood_mosque_ahsan_habib_1025782_p_kushtia_neighborhood_mosque_ahsan_habib_1025782_exteriors_p_kushtia_neighborhood_mosque_ahsan_habib_1025782_exterior_1', 'i_p_kushtia_neighborhood_mosque_ahsan_habib_1025782_exteriors_p_kushtia_neighborhood_mosque_ahsan_habib_1025782_p_kushtia_neighborhood_mosque_ahsan_habib_1025782_exteriors_p_kushtia_neighborhood_mosque_ahsan_habib_1025782_exterior_2', 'i_p_kushtia_neighborhood_mosque_ahsan_habib_1025782_exteriors_p_kushtia_neighborhood_mosque_ahsan_habib_1025782_p_kushtia_neighborhood_mosque_ahsan_habib_1025782_exteriors_p_kushtia_neighborhood_mosque_ahsan_habib_1025782_exterior_3', 'i_p_kushtia_neighborhood_mosque_ahsan_habib_1025782_exteriors_p_kushtia_neighborhood_mosque_ahsan_habib_1025782_p_kushtia_neighborhood_mosque_ahsan_habib_1025782_exteriors_p_kushtia_neighborhood_mosque_ahsan_habib_1025782_exterior_4']",[],Mosque|Religious|Concrete|Glass|Tropical|Sustainable|Natural Ventilation|Community Space|Courtyard|Plaster|Ceramic Tiles|Urban|Landscape Integration|Ahsan Habib|Bangladesh|Local Materials|Modern Architecture|Green Building|Integrated Design|Architectural Innovation|Prayer Hall|Shared Space|Renewable Energy|Cultural Identity|Functional Design|Open Plan|Central Circulation|Natural Light|Affordable Architecture|Community Engagement,23.9088541,89.12218179999999,Ahsan Habib,Kushtia,,,2024.0,500.0,1.0
p_kushtia_neighborhood_mosque_ahsan_habib_1025782_interiors_p_kushtia_neighborhood_mosque_ahsan_habib_1025782,Kushtia Neighborhood Mosque Ahsan Habib 1025782 Interiors P Kushtia Neighborhood Mosque Ahsan Habib,unknown,unknown,unknown,unknown,unknown,"['i_p_kushtia_neighborhood_mosque_ahsan_habib_1025782_interiors_p_kushtia_neighborhood_mosque_ahsan_habib_1025782_p_kushtia_neighborhood_mosque_ahsan_habib_1025782_interiors_p_kushtia_neighborhood_mosque_ahsan_habib_1025782_interior_1', 'i_p_kushtia_neighborhood_mosque_ahsan_habib_1025782_interiors_p_kushtia_neighborhood_mosque_ahsan_habib_1025782_p_kushtia_neighborhood_mosque_ahsan_habib_1025782_interiors_p_kushtia_neighborhood_mosque_ahsan_habib_1025782_interior_2', 'i_p_kushtia_neighborhood_mosque_ahsan_habib_1025782_interiors_p_kushtia_neighborhood_mosque_ahsan_habib_1025782_p_kushtia_neighborhood_mosque_ahsan_habib_1025782_interiors_p_kushtia_neighborhood_mosque_ahsan_habib_1025782_interior_3', 'i_p_kushtia_neighborhood_mosque_ahsan_habib_1025782_interiors_p_kushtia_neighborhood_mosque_ahsan_habib_1025782_p_kushtia_neighborhood_mosque_ahsan_habib_1025782_interiors_p_kushtia_neighborhood_mosque_ahsan_habib_1025782_interior_4']",[],Mosque|Religious|Concrete|Glass|Tropical|Sustainable|Natural Ventilation|Community Space|Courtyard|Plaster|Ceramic Tiles|Urban|Landscape Integration|Ahsan Habib|Bangladesh|Local Materials|Modern Architecture|Green Building|Integrated Design|Architectural Innovation|Prayer Hall|Shared Space|Renewable Energy|Cultural Identity|Functional Design|Open Plan|Central Circulation|Natural Light|Affordable Architecture|Community Engagement,23.9088541,89.12218179999999,Ahsan Habib,Kushtia,,,2024.0,500.0,1.0
p_la_source_third_place_library_nas_archit_1031808_diagrams_p_la_source_third_place_library_nas_archit_1031808,La Source Third Place Library Nas Archit 1031808 Diagrams P La Source Third Place Library Nas Archit,unknown,unknown,unknown,unknown,unknown,"['i_p_la_source_third_place_library_nas_archit_1031808_diagrams_p_la_source_third_place_library_nas_archit_1031808_p_la_source_third_place_library_nas_archit_1031808_diagrams_p_la_source_third_place_library_nas_archit_1031808_diagram_1', 'i_p_la_source_third_place_library_nas_archit_1031808_diagrams_p_la_source_third_place_library_nas_archit_1031808_p_la_source_third_place_library_nas_archit_1031808_diagrams_p_la_source_third_place_library_nas_archit_1031808_diagram_2', 'i_p_la_source_third_place_library_nas_archit_1031808_diagrams_p_la_source_third_place_library_nas_archit_1031808_p_la_source_third_place_library_nas_archit_1031808_diagrams_p_la_source_third_place_library_nas_archit_1031808_diagram_3']",[],Library|Community Space|Sustainability|Green Roof|Natural Ventilation|Contemporary|Nîmes|Concrete|Glass|Social Interaction|Public Building|Urban Integration|Mixed-Use|Collaborative Spaces|Natural Lighting|Passive Design|Cultural Hub|Educational Facility|Community Engagement|Modern Architecture|Accessible Design|Open Plan|Flexible Spaces|Environmental Design|Landscape Architecture|Integrated Systems|Efficient Design|Innovative Structures|Thermal Comfort|Public Architecture,43.9749603,4.692187,NAS Archit,Nîmes,,,2024.0,0.0,2.0
p_la_source_third_place_library_nas_archit_1031808_exteriors_p_la_source_third_place_library_nas_archit_1031808,La Source Third Place Library Nas Archit 1031808 Exteriors P La Source Third Place Library Nas Archit,unknown,unknown,unknown,unknown,unknown,"['i_p_la_source_third_place_library_nas_archit_1031808_exteriors_p_la_source_third_place_library_nas_archit_1031808_p_la_source_third_place_library_nas_archit_1031808_exteriors_p_la_source_third_place_library_nas_archit_1031808_exterior_1', 'i_p_la_source_third_place_library_nas_archit_1031808_exteriors_p_la_source_third_place_library_nas_archit_1031808_p_la_source_third_place_library_nas_archit_1031808_exteriors_p_la_source_third_place_library_nas_archit_1031808_exterior_2', 'i_p_la_source_third_place_library_nas_archit_1031808_exteriors_p_la_source_third_place_library_nas_archit_1031808_p_la_source_third_place_library_nas_archit_1031808_exteriors_p_la_source_third_place_library_nas_archit_1031808_exterior_3', 'i_p_la_source_third_place_library_nas_archit_1031808_exteriors_p_la_source_third_place_library_nas_archit_1031808_p_la_source_third_place_library_nas_archit_1031808_exteriors_p_la_source_third_place_library_nas_archit_1031808_exterior_4', 'i_p_la_source_third_place_library_nas_archit_1031808_exteriors_p_la_source_third_place_library_nas_archit_1031808_p_la_source_third_place_library_nas_archit_1031808_exteriors_p_la_source_third_place_library_nas_archit_1031808_exterior_5']",[],Library|Community Space|Sustainability|Green Roof|Natural Ventilation|Contemporary|Nîmes|Concrete|Glass|Social Interaction|Public Building|Urban Integration|Mixed-Use|Collaborative Spaces|Natural Lighting|Passive Design|Cultural Hub|Educational Facility|Community Engagement|Modern Architecture|Accessible Design|Open Plan|Flexible Spaces|Environmental Design|Landscape Architecture|Integrated Systems|Efficient Design|Innovative Structures|Thermal Comfort|Public Architecture,43.9749603,4.692187,NAS Archit,Nîmes,,,2024.0,0.0,2.0
p_la_source_third_place_library_nas_archit_1031808_interiors_p_la_source_third_place_library_nas_archit_1031808,La Source Third Place Library Nas Archit 1031808 Interiors P La Source Third Place Library Nas Archit,unknown,unknown,unknown,unknown,unknown,"['i_p_la_source_third_place_library_nas_archit_1031808_interiors_p_la_source_third_place_library_nas_archit_1031808_p_la_source_third_place_library_nas_archit_1031808_interiors_p_la_source_third_place_library_nas_archit_1031808_interior_1', 'i_p_la_source_third_place_library_nas_archit_1031808_interiors_p_la_source_third_place_library_nas_archit_1031808_p_la_source_third_place_library_nas_archit_1031808_interiors_p_la_source_third_place_library_nas_archit_1031808_interior_2', 'i_p_la_source_third_place_library_nas_archit_1031808_interiors_p_la_source_third_place_library_nas_archit_1031808_p_la_source_third_place_library_nas_archit_1031808_interiors_p_la_source_third_place_library_nas_archit_1031808_interior_3', 'i_p_la_source_third_place_library_nas_archit_1031808_interiors_p_la_source_third_place_library_nas_archit_1031808_p_la_source_third_place_library_nas_archit_1031808_interiors_p_la_source_third_place_library_nas_archit_1031808_interior_4', 'i_p_la_source_third_place_library_nas_archit_1031808_interiors_p_la_source_third_place_library_nas_archit_1031808_p_la_source_third_place_library_nas_archit_1031808_interiors_p_la_source_third_place_library_nas_archit_1031808_interior_5']",[],Library|Community Space|Sustainability|Green Roof|Natural Ventilation|Contemporary|Nîmes|Concrete|Glass|Social Interaction|Public Building|Urban Integration|Mixed-Use|Collaborative Spaces|Natural Lighting|Passive Design|Cultural Hub|Educational Facility|Community Engagement|Modern Architecture|Accessible Design|Open Plan|Flexible Spaces|Environmental Design|Landscape Architecture|Integrated Systems|Efficient Design|Innovative Structures|Thermal Comfort|Public Architecture,43.9749603,4.692187,NAS Archit,Nîmes,,,2024.0,0.0,2.0
p_leiden_university_lecture_hall_civic_arc_1034678_diagrams_p_leiden_university_lecture_hall_civic_arc_1034678,Leiden University Lecture Hall Civic Arc 1034678 Diagrams P Leiden University Lecture Hall Civic Arc,unknown,unknown,unknown,unknown,unknown,"['i_p_leiden_university_lecture_hall_civic_arc_1034678_diagrams_p_leiden_university_lecture_hall_civic_arc_1034678_p_leiden_university_lecture_hall_civic_arc_1034678_diagrams_p_leiden_university_lecture_hall_civic_arc_1034678_diagram_1', 'i_p_leiden_university_lecture_hall_civic_arc_1034678_diagrams_p_leiden_university_lecture_hall_civic_arc_1034678_p_leiden_university_lecture_hall_civic_arc_1034678_diagrams_p_leiden_university_lecture_hall_civic_arc_1034678_diagram_2', 'i_p_leiden_university_lecture_hall_civic_arc_1034678_diagrams_p_leiden_university_lecture_hall_civic_arc_1034678_p_leiden_university_lecture_hall_civic_arc_1034678_diagrams_p_leiden_university_lecture_hall_civic_arc_1034678_diagram_3']",[],Lecture Hall|Educational Facility|Sustainable Design|Concrete|Glass|Natural Light|Central Circulation|Green Roof|Natural Ventilation|Daylight|Collaboration Spaces|Modern Architecture|Passive Design|Urban Context|Double Glazing|Community Engagement|Educational Spaces|Contemporary|Concrete Frame|High Facade Windows|Classroom|Innovative Design|Architectural Features|Vertical Shades|Thermal Comfort|University Campus|Adaptive Use|Green Building|Community Spaces|Public Engagement|Academic Facility,52.16361879999999,4.4802444,Unknown,Leiden,,,2024.0,2000.0,2.0
p_leiden_university_lecture_hall_civic_arc_1034678_exteriors_p_leiden_university_lecture_hall_civic_arc_1034678,Leiden University Lecture Hall Civic Arc 1034678 Exteriors P Leiden University Lecture Hall Civic Arc,unknown,unknown,unknown,unknown,unknown,"['i_p_leiden_university_lecture_hall_civic_arc_1034678_exteriors_p_leiden_university_lecture_hall_civic_arc_1034678_p_leiden_university_lecture_hall_civic_arc_1034678_exteriors_p_leiden_university_lecture_hall_civic_arc_1034678_exterior_1', 'i_p_leiden_university_lecture_hall_civic_arc_1034678_exteriors_p_leiden_university_lecture_hall_civic_arc_1034678_p_leiden_university_lecture_hall_civic_arc_1034678_exteriors_p_leiden_university_lecture_hall_civic_arc_1034678_exterior_2', 'i_p_leiden_university_lecture_hall_civic_arc_1034678_exteriors_p_leiden_university_lecture_hall_civic_arc_1034678_p_leiden_university_lecture_hall_civic_arc_1034678_exteriors_p_leiden_university_lecture_hall_civic_arc_1034678_exterior_3', 'i_p_leiden_university_lecture_hall_civic_arc_1034678_exteriors_p_leiden_university_lecture_hall_civic_arc_1034678_p_leiden_university_lecture_hall_civic_arc_1034678_exteriors_p_leiden_university_lecture_hall_civic_arc_1034678_exterior_4']",[],Lecture Hall|Educational Facility|Sustainable Design|Concrete|Glass|Natural Light|Central Circulation|Green Roof|Natural Ventilation|Daylight|Collaboration Spaces|Modern Architecture|Passive Design|Urban Context|Double Glazing|Community Engagement|Educational Spaces|Contemporary|Concrete Frame|High Facade Windows|Classroom|Innovative Design|Architectural Features|Vertical Shades|Thermal Comfort|University Campus|Adaptive Use|Green Building|Community Spaces|Public Engagement|Academic Facility,52.16361879999999,4.4802444,Unknown,Leiden,,,2024.0,2000.0,2.0
p_leiden_university_lecture_hall_civic_arc_1034678_interiors_p_leiden_university_lecture_hall_civic_arc_1034678,Leiden University Lecture Hall Civic Arc 1034678 Interiors P Leiden University Lecture Hall Civic Arc,unknown,unknown,unknown,unknown,unknown,"['i_p_leiden_university_lecture_hall_civic_arc_1034678_interiors_p_leiden_university_lecture_hall_civic_arc_1034678_p_leiden_university_lecture_hall_civic_arc_1034678_interiors_p_leiden_university_lecture_hall_civic_arc_1034678_interior_1', 'i_p_leiden_university_lecture_hall_civic_arc_1034678_interiors_p_leiden_university_lecture_hall_civic_arc_1034678_p_leiden_university_lecture_hall_civic_arc_1034678_interiors_p_leiden_university_lecture_hall_civic_arc_1034678_interior_2', 'i_p_leiden_university_lecture_hall_civic_arc_1034678_interiors_p_leiden_university_lecture_hall_civic_arc_1034678_p_leiden_university_lecture_hall_civic_arc_1034678_interiors_p_leiden_university_lecture_hall_civic_arc_1034678_interior_3']",[],Lecture Hall|Educational Facility|Sustainable Design|Concrete|Glass|Natural Light|Central Circulation|Green Roof|Natural Ventilation|Daylight|Collaboration Spaces|Modern Architecture|Passive Design|Urban Context|Double Glazing|Community Engagement|Educational Spaces|Contemporary|Concrete Frame|High Facade Windows|Classroom|Innovative Design|Architectural Features|Vertical Shades|Thermal Comfort|University Campus|Adaptive Use|Green Building|Community Spaces|Public Engagement|Academic Facility,52.16361879999999,4.4802444,Unknown,Leiden,,,2024.0,2000.0,2.0
p_leisure_center_jules_ferry_school_group_1035333_diagrams_p_leisure_center_jules_ferry_school_group_1035333,Leisure Center Jules Ferry School Group 1035333 Diagrams P Leisure Center Jules Ferry School Group,unknown,unknown,unknown,unknown,unknown,"['i_p_leisure_center_jules_ferry_school_group_1035333_diagrams_p_leisure_center_jules_ferry_school_group_1035333_p_leisure_center_jules_ferry_school_group_1035333_diagrams_p_leisure_center_jules_ferry_school_group_1035333_diagram_1', 'i_p_leisure_center_jules_ferry_school_group_1035333_diagrams_p_leisure_center_jules_ferry_school_group_1035333_p_leisure_center_jules_ferry_school_group_1035333_diagrams_p_leisure_center_jules_ferry_school_group_1035333_diagram_2']",[],Leisure Center|Community Facility|Modern Architecture|Sustainable Design|Recreational Space|Glass Facade|Steel Structure|Natural Ventilation|Courtyard|Open Plan|Energy-Efficient|Multipurpose Hall|Urban Context|Daylighting|Flat Site|Sports Facilities|Fitness Center|Green Design|Social Hub|Public Space|Contemporary|Central Circulation|High Ceilings|Natural Materials|Indoor-Outdoor Flow|Community Engagement|Pedestrian Friendly|Landscape Integration|Outdoor Areas|Thermal Mass,0.0,0.0,Unknown,,,,2024.0,0.0,2.0
p_leisure_center_jules_ferry_school_group_1035333_exteriors_p_leisure_center_jules_ferry_school_group_1035333,Leisure Center Jules Ferry School Group 1035333 Exteriors P Leisure Center Jules Ferry School Group,unknown,unknown,unknown,unknown,unknown,"['i_p_leisure_center_jules_ferry_school_group_1035333_exteriors_p_leisure_center_jules_ferry_school_group_1035333_p_leisure_center_jules_ferry_school_group_1035333_exteriors_p_leisure_center_jules_ferry_school_group_1035333_exterior_1', 'i_p_leisure_center_jules_ferry_school_group_1035333_exteriors_p_leisure_center_jules_ferry_school_group_1035333_p_leisure_center_jules_ferry_school_group_1035333_exteriors_p_leisure_center_jules_ferry_school_group_1035333_exterior_2', 'i_p_leisure_center_jules_ferry_school_group_1035333_exteriors_p_leisure_center_jules_ferry_school_group_1035333_p_leisure_center_jules_ferry_school_group_1035333_exteriors_p_leisure_center_jules_ferry_school_group_1035333_exterior_3', 'i_p_leisure_center_jules_ferry_school_group_1035333_exteriors_p_leisure_center_jules_ferry_school_group_1035333_p_leisure_center_jules_ferry_school_group_1035333_exteriors_p_leisure_center_jules_ferry_school_group_1035333_exterior_4', 'i_p_leisure_center_jules_ferry_school_group_1035333_exteriors_p_leisure_center_jules_ferry_school_group_1035333_p_leisure_center_jules_ferry_school_group_1035333_exteriors_p_leisure_center_jules_ferry_school_group_1035333_exterior_5']",[],Leisure Center|Community Facility|Modern Architecture|Sustainable Design|Recreational Space|Glass Facade|Steel Structure|Natural Ventilation|Courtyard|Open Plan|Energy-Efficient|Multipurpose Hall|Urban Context|Daylighting|Flat Site|Sports Facilities|Fitness Center|Green Design|Social Hub|Public Space|Contemporary|Central Circulation|High Ceilings|Natural Materials|Indoor-Outdoor Flow|Community Engagement|Pedestrian Friendly|Landscape Integration|Outdoor Areas|Thermal Mass,0.0,0.0,Unknown,,,,2024.0,0.0,2.0
p_leisure_center_jules_ferry_school_group_1035333_interiors_p_leisure_center_jules_ferry_school_group_1035333,Leisure Center Jules Ferry School Group 1035333 Interiors P Leisure Center Jules Ferry School Group,unknown,unknown,unknown,unknown,unknown,"['i_p_leisure_center_jules_ferry_school_group_1035333_interiors_p_leisure_center_jules_ferry_school_group_1035333_p_leisure_center_jules_ferry_school_group_1035333_interiors_p_leisure_center_jules_ferry_school_group_1035333_interior_1', 'i_p_leisure_center_jules_ferry_school_group_1035333_interiors_p_leisure_center_jules_ferry_school_group_1035333_p_leisure_center_jules_ferry_school_group_1035333_interiors_p_leisure_center_jules_ferry_school_group_1035333_interior_2', 'i_p_leisure_center_jules_ferry_school_group_1035333_interiors_p_leisure_center_jules_ferry_school_group_1035333_p_leisure_center_jules_ferry_school_group_1035333_interiors_p_leisure_center_jules_ferry_school_group_1035333_interior_3', 'i_p_leisure_center_jules_ferry_school_group_1035333_interiors_p_leisure_center_jules_ferry_school_group_1035333_p_leisure_center_jules_ferry_school_group_1035333_interiors_p_leisure_center_jules_ferry_school_group_1035333_interior_4', 'i_p_leisure_center_jules_ferry_school_group_1035333_interiors_p_leisure_center_jules_ferry_school_group_1035333_p_leisure_center_jules_ferry_school_group_1035333_interiors_p_leisure_center_jules_ferry_school_group_1035333_interior_5']",[],Leisure Center|Community Facility|Modern Architecture|Sustainable Design|Recreational Space|Glass Facade|Steel Structure|Natural Ventilation|Courtyard|Open Plan|Energy-Efficient|Multipurpose Hall|Urban Context|Daylighting|Flat Site|Sports Facilities|Fitness Center|Green Design|Social Hub|Public Space|Contemporary|Central Circulation|High Ceilings|Natural Materials|Indoor-Outdoor Flow|Community Engagement|Pedestrian Friendly|Landscape Integration|Outdoor Areas|Thermal Mass,0.0,0.0,Unknown,,,,2024.0,0.0,2.0
p_library_of_chongqing_electric_power_coll_1023695_diagrams_p_library_of_chongqing_electric_power_coll_1023695,Library Of Chongqing Electric Power Coll 1023695 Diagrams P Library Of Chongqing Electric Power Coll,unknown,unknown,unknown,unknown,unknown,"['i_p_library_of_chongqing_electric_power_coll_1023695_diagrams_p_library_of_chongqing_electric_power_coll_1023695_p_library_of_chongqing_electric_power_coll_1023695_diagrams_p_library_of_chongqing_electric_power_coll_1023695_diagram_1', 'i_p_library_of_chongqing_electric_power_coll_1023695_diagrams_p_library_of_chongqing_electric_power_coll_1023695_p_library_of_chongqing_electric_power_coll_1023695_diagrams_p_library_of_chongqing_electric_power_coll_1023695_diagram_2']",[],Library|Contemporary|Urban|Concrete|Glass|Central Circulation|Sustainable|Natural Ventilation|Double Height|Open Plan|Educational Facility|Modern Design|Community Space|Natural Lighting|Interactive|Landscape Integration|Reading Room|Study Area|Sustainable Design|Tropical Climate|Chongqing|China|Public Space|Floor To Ceiling Windows|Cultural Integration|Environmental Design|Modular Spaces|Flexible Use|Community Engagement|Accessibility|Daylighting,30.1905399,105.8395199,Unknown,Chongqing,,,2024.0,0.0,0.0
p_library_of_chongqing_electric_power_coll_1023695_exteriors_p_library_of_chongqing_electric_power_coll_1023695,Library Of Chongqing Electric Power Coll 1023695 Exteriors P Library Of Chongqing Electric Power Coll,unknown,unknown,unknown,unknown,unknown,"['i_p_library_of_chongqing_electric_power_coll_1023695_exteriors_p_library_of_chongqing_electric_power_coll_1023695_p_library_of_chongqing_electric_power_coll_1023695_exteriors_p_library_of_chongqing_electric_power_coll_1023695_exterior_1', 'i_p_library_of_chongqing_electric_power_coll_1023695_exteriors_p_library_of_chongqing_electric_power_coll_1023695_p_library_of_chongqing_electric_power_coll_1023695_exteriors_p_library_of_chongqing_electric_power_coll_1023695_exterior_2', 'i_p_library_of_chongqing_electric_power_coll_1023695_exteriors_p_library_of_chongqing_electric_power_coll_1023695_p_library_of_chongqing_electric_power_coll_1023695_exteriors_p_library_of_chongqing_electric_power_coll_1023695_exterior_3']",[],Library|Contemporary|Urban|Concrete|Glass|Central Circulation|Sustainable|Natural Ventilation|Double Height|Open Plan|Educational Facility|Modern Design|Community Space|Natural Lighting|Interactive|Landscape Integration|Reading Room|Study Area|Sustainable Design|Tropical Climate|Chongqing|China|Public Space|Floor To Ceiling Windows|Cultural Integration|Environmental Design|Modular Spaces|Flexible Use|Community Engagement|Accessibility|Daylighting,30.1905399,105.8395199,Unknown,Chongqing,,,2024.0,0.0,0.0
p_library_of_chongqing_electric_power_coll_1023695_interiors_p_library_of_chongqing_electric_power_coll_1023695,Library Of Chongqing Electric Power Coll 1023695 Interiors P Library Of Chongqing Electric Power Coll,unknown,unknown,unknown,unknown,unknown,"['i_p_library_of_chongqing_electric_power_coll_1023695_interiors_p_library_of_chongqing_electric_power_coll_1023695_p_library_of_chongqing_electric_power_coll_1023695_interiors_p_library_of_chongqing_electric_power_coll_1023695_interior_1', 'i_p_library_of_chongqing_electric_power_coll_1023695_interiors_p_library_of_chongqing_electric_power_coll_1023695_p_library_of_chongqing_electric_power_coll_1023695_interiors_p_library_of_chongqing_electric_power_coll_1023695_interior_2']",[],Library|Contemporary|Urban|Concrete|Glass|Central Circulation|Sustainable|Natural Ventilation|Double Height|Open Plan|Educational Facility|Modern Design|Community Space|Natural Lighting|Interactive|Landscape Integration|Reading Room|Study Area|Sustainable Design|Tropical Climate|Chongqing|China|Public Space|Floor To Ceiling Windows|Cultural Integration|Environmental Design|Modular Spaces|Flexible Use|Community Engagement|Accessibility|Daylighting,30.1905399,105.8395199,Unknown,Chongqing,,,2024.0,0.0,0.0
p_liverpool_civic_place_and_yellamundie_li_1028737_diagrams_p_liverpool_civic_place_and_yellamundie_li_1028737,Liverpool Civic Place And Yellamundie Li 1028737 Diagrams P Liverpool Civic Place And Yellamundie Li,unknown,unknown,unknown,unknown,unknown,"['i_p_liverpool_civic_place_and_yellamundie_li_1028737_diagrams_p_liverpool_civic_place_and_yellamundie_li_1028737_p_liverpool_civic_place_and_yellamundie_li_1028737_diagrams_p_liverpool_civic_place_and_yellamundie_li_1028737_diagram_1', 'i_p_liverpool_civic_place_and_yellamundie_li_1028737_diagrams_p_liverpool_civic_place_and_yellamundie_li_1028737_p_liverpool_civic_place_and_yellamundie_li_1028737_diagrams_p_liverpool_civic_place_and_yellamundie_li_1028737_diagram_2', 'i_p_liverpool_civic_place_and_yellamundie_li_1028737_diagrams_p_liverpool_civic_place_and_yellamundie_li_1028737_p_liverpool_civic_place_and_yellamundie_li_1028737_diagrams_p_liverpool_civic_place_and_yellamundie_li_1028737_diagram_3']",[],Civic Space|Community Center|Mixed-Use|Glass Facade|Green Roof|Natural Ventilation|Sustainable Design|Liverpool|New South Wales|Concrete|Steel|Local Materials|Urban Landscape|Daylighting|Energetically Efficient|Flexible Spaces|Interaction Zones|Site-Specific Design|Regional Architecture|Inclusive Design|Event Space|Exhibition Area|Native Landscape|Public Art|Urban Planning|Renewable Energy|Rainwater Harvesting|Contextual Architecture|Modern Design|Environmental Sustainability,-33.9252319,150.9236571,Li,Liverpool,,,2024.0,3000.0,2.0
p_liverpool_civic_place_and_yellamundie_li_1028737_exteriors_p_liverpool_civic_place_and_yellamundie_li_1028737,Liverpool Civic Place And Yellamundie Li 1028737 Exteriors P Liverpool Civic Place And Yellamundie Li,unknown,unknown,unknown,unknown,unknown,"['i_p_liverpool_civic_place_and_yellamundie_li_1028737_exteriors_p_liverpool_civic_place_and_yellamundie_li_1028737_p_liverpool_civic_place_and_yellamundie_li_1028737_exteriors_p_liverpool_civic_place_and_yellamundie_li_1028737_exterior_1', 'i_p_liverpool_civic_place_and_yellamundie_li_1028737_exteriors_p_liverpool_civic_place_and_yellamundie_li_1028737_p_liverpool_civic_place_and_yellamundie_li_1028737_exteriors_p_liverpool_civic_place_and_yellamundie_li_1028737_exterior_2']",[],Civic Space|Community Center|Mixed-Use|Glass Facade|Green Roof|Natural Ventilation|Sustainable Design|Liverpool|New South Wales|Concrete|Steel|Local Materials|Urban Landscape|Daylighting|Energetically Efficient|Flexible Spaces|Interaction Zones|Site-Specific Design|Regional Architecture|Inclusive Design|Event Space|Exhibition Area|Native Landscape|Public Art|Urban Planning|Renewable Energy|Rainwater Harvesting|Contextual Architecture|Modern Design|Environmental Sustainability,-33.9252319,150.9236571,Li,Liverpool,,,2024.0,3000.0,2.0
p_liverpool_civic_place_and_yellamundie_li_1028737_interiors_p_liverpool_civic_place_and_yellamundie_li_1028737,Liverpool Civic Place And Yellamundie Li 1028737 Interiors P Liverpool Civic Place And Yellamundie Li,unknown,unknown,unknown,unknown,unknown,"['i_p_liverpool_civic_place_and_yellamundie_li_1028737_interiors_p_liverpool_civic_place_and_yellamundie_li_1028737_p_liverpool_civic_place_and_yellamundie_li_1028737_interiors_p_liverpool_civic_place_and_yellamundie_li_1028737_interior_1', 'i_p_liverpool_civic_place_and_yellamundie_li_1028737_interiors_p_liverpool_civic_place_and_yellamundie_li_1028737_p_liverpool_civic_place_and_yellamundie_li_1028737_interiors_p_liverpool_civic_place_and_yellamundie_li_1028737_interior_2', 'i_p_liverpool_civic_place_and_yellamundie_li_1028737_interiors_p_liverpool_civic_place_and_yellamundie_li_1028737_p_liverpool_civic_place_and_yellamundie_li_1028737_interiors_p_liverpool_civic_place_and_yellamundie_li_1028737_interior_3', 'i_p_liverpool_civic_place_and_yellamundie_li_1028737_interiors_p_liverpool_civic_place_and_yellamundie_li_1028737_p_liverpool_civic_place_and_yellamundie_li_1028737_interiors_p_liverpool_civic_place_and_yellamundie_li_1028737_interior_4', 'i_p_liverpool_civic_place_and_yellamundie_li_1028737_interiors_p_liverpool_civic_place_and_yellamundie_li_1028737_p_liverpool_civic_place_and_yellamundie_li_1028737_interiors_p_liverpool_civic_place_and_yellamundie_li_1028737_interior_5']",[],Civic Space|Community Center|Mixed-Use|Glass Facade|Green Roof|Natural Ventilation|Sustainable Design|Liverpool|New South Wales|Concrete|Steel|Local Materials|Urban Landscape|Daylighting|Energetically Efficient|Flexible Spaces|Interaction Zones|Site-Specific Design|Regional Architecture|Inclusive Design|Event Space|Exhibition Area|Native Landscape|Public Art|Urban Planning|Renewable Energy|Rainwater Harvesting|Contextual Architecture|Modern Design|Environmental Sustainability,-33.9252319,150.9236571,Li,Liverpool,,,2024.0,3000.0,2.0
p_long_march_cultural_digital_art_museum_c_1022354_diagrams_p_long_march_cultural_digital_art_museum_c_1022354,Long March Cultural Digital Art Museum C 1022354 Diagrams P Long March Cultural Digital Art Museum C,unknown,unknown,unknown,unknown,unknown,['i_p_long_march_cultural_digital_art_museum_c_1022354_diagrams_p_long_march_cultural_digital_art_museum_c_1022354_p_long_march_cultural_digital_art_museum_c_1022354_diagrams_p_long_march_cultural_digital_art_museum_c_1022354_diagram_1'],[],Museum|Digital Art|Contemporary|Glass|Steel|Green Roof|Urban|Interactive|Sustainable|Modern|Exhibition Space|Educational|Cultural|Art Installation|Low Energy|Natural Ventilation|Daylighting|Polished Concrete|Recycled Materials|Community Space|Spatial Organization|Modern Design|Innovative|Technology Integration|Gallery|Installation Space|Landscape Architecture|Urban Design|Multi-Use|Art Education|Exterior Terrace,26.6475899,106.63019,P,Guiyang,,,2024.0,3000.0,3.0
p_long_march_cultural_digital_art_museum_c_1022354_exteriors_p_long_march_cultural_digital_art_museum_c_1022354,Long March Cultural Digital Art Museum C 1022354 Exteriors P Long March Cultural Digital Art Museum C,unknown,unknown,unknown,unknown,unknown,"['i_p_long_march_cultural_digital_art_museum_c_1022354_exteriors_p_long_march_cultural_digital_art_museum_c_1022354_p_long_march_cultural_digital_art_museum_c_1022354_exteriors_p_long_march_cultural_digital_art_museum_c_1022354_exterior_1', 'i_p_long_march_cultural_digital_art_museum_c_1022354_exteriors_p_long_march_cultural_digital_art_museum_c_1022354_p_long_march_cultural_digital_art_museum_c_1022354_exteriors_p_long_march_cultural_digital_art_museum_c_1022354_exterior_2']",[],Museum|Digital Art|Contemporary|Glass|Steel|Green Roof|Urban|Interactive|Sustainable|Modern|Exhibition Space|Educational|Cultural|Art Installation|Low Energy|Natural Ventilation|Daylighting|Polished Concrete|Recycled Materials|Community Space|Spatial Organization|Modern Design|Innovative|Technology Integration|Gallery|Installation Space|Landscape Architecture|Urban Design|Multi-Use|Art Education|Exterior Terrace,26.6475899,106.63019,P,Guiyang,,,2024.0,3000.0,3.0
p_long_march_cultural_digital_art_museum_c_1022354_interiors_p_long_march_cultural_digital_art_museum_c_1022354,Long March Cultural Digital Art Museum C 1022354 Interiors P Long March Cultural Digital Art Museum C,unknown,unknown,unknown,unknown,unknown,"['i_p_long_march_cultural_digital_art_museum_c_1022354_interiors_p_long_march_cultural_digital_art_museum_c_1022354_p_long_march_cultural_digital_art_museum_c_1022354_interiors_p_long_march_cultural_digital_art_museum_c_1022354_interior_1', 'i_p_long_march_cultural_digital_art_museum_c_1022354_interiors_p_long_march_cultural_digital_art_museum_c_1022354_p_long_march_cultural_digital_art_museum_c_1022354_interiors_p_long_march_cultural_digital_art_museum_c_1022354_interior_2']",[],Museum|Digital Art|Contemporary|Glass|Steel|Green Roof|Urban|Interactive|Sustainable|Modern|Exhibition Space|Educational|Cultural|Art Installation|Low Energy|Natural Ventilation|Daylighting|Polished Concrete|Recycled Materials|Community Space|Spatial Organization|Modern Design|Innovative|Technology Integration|Gallery|Installation Space|Landscape Architecture|Urban Design|Multi-Use|Art Education|Exterior Terrace,26.6475899,106.63019,P,Guiyang,,,2024.0,3000.0,3.0
p_louis_saint_laurent_school_stgm_architec_1026167_diagrams_p_louis_saint_laurent_school_stgm_architec_1026167,Louis Saint Laurent School Stgm Architec 1026167 Diagrams P Louis Saint Laurent School Stgm Architec,unknown,unknown,unknown,unknown,unknown,['i_p_louis_saint_laurent_school_stgm_architec_1026167_diagrams_p_louis_saint_laurent_school_stgm_architec_1026167_p_louis_saint_laurent_school_stgm_architec_1026167_diagrams_p_louis_saint_laurent_school_stgm_architec_1026167_diagram_1'],[],School|Educational Facility|Modern Architecture|Sustainability|Collaborative Spaces|High-Performance Glazing|Natural Ventilation|Local Materials|Community Spaces|Green Roof|Urban Design|Daylighting|Flat Site|Classrooms|Corridors|Concrete Frame|Modernist|Passive Design|Metal Cladding|Environmental Response|Open Plan|Suburban|Interior Design|Learning Environments|Natural Materials|Thermal Performance|Site Integration|Flexible Spaces|Vertical Circulation|Circulation Spaces|Innovative Design|Educational Trends|Landscape Architecture|Community Integration,56.130366,-106.346771,STGM Architect,Louis Saint Laurent,,,2024.0,0.0,2.0
p_louis_saint_laurent_school_stgm_architec_1026167_exteriors_p_louis_saint_laurent_school_stgm_architec_1026167,Louis Saint Laurent School Stgm Architec 1026167 Exteriors P Louis Saint Laurent School Stgm Architec,unknown,unknown,unknown,unknown,unknown,"['i_p_louis_saint_laurent_school_stgm_architec_1026167_exteriors_p_louis_saint_laurent_school_stgm_architec_1026167_p_louis_saint_laurent_school_stgm_architec_1026167_exteriors_p_louis_saint_laurent_school_stgm_architec_1026167_exterior_1', 'i_p_louis_saint_laurent_school_stgm_architec_1026167_exteriors_p_louis_saint_laurent_school_stgm_architec_1026167_p_louis_saint_laurent_school_stgm_architec_1026167_exteriors_p_louis_saint_laurent_school_stgm_architec_1026167_exterior_2']",[],School|Educational Facility|Modern Architecture|Sustainability|Collaborative Spaces|High-Performance Glazing|Natural Ventilation|Local Materials|Community Spaces|Green Roof|Urban Design|Daylighting|Flat Site|Classrooms|Corridors|Concrete Frame|Modernist|Passive Design|Metal Cladding|Environmental Response|Open Plan|Suburban|Interior Design|Learning Environments|Natural Materials|Thermal Performance|Site Integration|Flexible Spaces|Vertical Circulation|Circulation Spaces|Innovative Design|Educational Trends|Landscape Architecture|Community Integration,56.130366,-106.346771,STGM Architect,Louis Saint Laurent,,,2024.0,0.0,2.0
p_louis_saint_laurent_school_stgm_architec_1026167_interiors_p_louis_saint_laurent_school_stgm_architec_1026167,Louis Saint Laurent School Stgm Architec 1026167 Interiors P Louis Saint Laurent School Stgm Architec,unknown,unknown,unknown,unknown,unknown,"['i_p_louis_saint_laurent_school_stgm_architec_1026167_interiors_p_louis_saint_laurent_school_stgm_architec_1026167_p_louis_saint_laurent_school_stgm_architec_1026167_interiors_p_louis_saint_laurent_school_stgm_architec_1026167_interior_1', 'i_p_louis_saint_laurent_school_stgm_architec_1026167_interiors_p_louis_saint_laurent_school_stgm_architec_1026167_p_louis_saint_laurent_school_stgm_architec_1026167_interiors_p_louis_saint_laurent_school_stgm_architec_1026167_interior_2', 'i_p_louis_saint_laurent_school_stgm_architec_1026167_interiors_p_louis_saint_laurent_school_stgm_architec_1026167_p_louis_saint_laurent_school_stgm_architec_1026167_interiors_p_louis_saint_laurent_school_stgm_architec_1026167_interior_3', 'i_p_louis_saint_laurent_school_stgm_architec_1026167_interiors_p_louis_saint_laurent_school_stgm_architec_1026167_p_louis_saint_laurent_school_stgm_architec_1026167_interiors_p_louis_saint_laurent_school_stgm_architec_1026167_interior_4', 'i_p_louis_saint_laurent_school_stgm_architec_1026167_interiors_p_louis_saint_laurent_school_stgm_architec_1026167_p_louis_saint_laurent_school_stgm_architec_1026167_interiors_p_louis_saint_laurent_school_stgm_architec_1026167_interior_5']",[],School|Educational Facility|Modern Architecture|Sustainability|Collaborative Spaces|High-Performance Glazing|Natural Ventilation|Local Materials|Community Spaces|Green Roof|Urban Design|Daylighting|Flat Site|Classrooms|Corridors|Concrete Frame|Modernist|Passive Design|Metal Cladding|Environmental Response|Open Plan|Suburban|Interior Design|Learning Environments|Natural Materials|Thermal Performance|Site Integration|Flexible Spaces|Vertical Circulation|Circulation Spaces|Innovative Design|Educational Trends|Landscape Architecture|Community Integration,56.130366,-106.346771,STGM Architect,Louis Saint Laurent,,,2024.0,0.0,2.0
p_m_sironi_academy_of_fine_arts_lerua_stud_1034676_diagrams_p_m_sironi_academy_of_fine_arts_lerua_stud_1034676,M Sironi Academy Of Fine Arts Lerua Stud 1034676 Diagrams P M Sironi Academy Of Fine Arts Lerua Stud,unknown,unknown,unknown,unknown,unknown,['i_p_m_sironi_academy_of_fine_arts_lerua_stud_1034676_diagrams_p_m_sironi_academy_of_fine_arts_lerua_stud_1034676_p_m_sironi_academy_of_fine_arts_lerua_stud_1034676_diagrams_p_m_sironi_academy_of_fine_arts_lerua_stud_1034676_diagram_1'],[],Concrete|Glass|Modernist|Educational|Fragmented|Central Atrium|Natural Ventilation|Green Roofs|Sustainable Architecture|Artistic Environment|Natural Lighting|Cross-Ventilation|High Performance|Urban|Insulated Glazing|Open Plan|Collaborative Spaces|Environmentally Friendly|Ceramic Tiles|Wood|Minimalist|Energy-Efficient|Daylighting|Landscape Integration|Educational Facility|Studio Spaces|Art Galleries|Interaction|Urban Infrastructure|Eco-Friendly|Ventilation|Passive Design,40.7258034,8.5557334,Unknown,Lerua,,,2024.0,0.0,3.0
p_m_sironi_academy_of_fine_arts_lerua_stud_1034676_exteriors_p_m_sironi_academy_of_fine_arts_lerua_stud_1034676,M Sironi Academy Of Fine Arts Lerua Stud 1034676 Exteriors P M Sironi Academy Of Fine Arts Lerua Stud,unknown,unknown,unknown,unknown,unknown,"['i_p_m_sironi_academy_of_fine_arts_lerua_stud_1034676_exteriors_p_m_sironi_academy_of_fine_arts_lerua_stud_1034676_p_m_sironi_academy_of_fine_arts_lerua_stud_1034676_exteriors_p_m_sironi_academy_of_fine_arts_lerua_stud_1034676_exterior_1', 'i_p_m_sironi_academy_of_fine_arts_lerua_stud_1034676_exteriors_p_m_sironi_academy_of_fine_arts_lerua_stud_1034676_p_m_sironi_academy_of_fine_arts_lerua_stud_1034676_exteriors_p_m_sironi_academy_of_fine_arts_lerua_stud_1034676_exterior_2', 'i_p_m_sironi_academy_of_fine_arts_lerua_stud_1034676_exteriors_p_m_sironi_academy_of_fine_arts_lerua_stud_1034676_p_m_sironi_academy_of_fine_arts_lerua_stud_1034676_exteriors_p_m_sironi_academy_of_fine_arts_lerua_stud_1034676_exterior_3', 'i_p_m_sironi_academy_of_fine_arts_lerua_stud_1034676_exteriors_p_m_sironi_academy_of_fine_arts_lerua_stud_1034676_p_m_sironi_academy_of_fine_arts_lerua_stud_1034676_exteriors_p_m_sironi_academy_of_fine_arts_lerua_stud_1034676_exterior_4', 'i_p_m_sironi_academy_of_fine_arts_lerua_stud_1034676_exteriors_p_m_sironi_academy_of_fine_arts_lerua_stud_1034676_p_m_sironi_academy_of_fine_arts_lerua_stud_1034676_exteriors_p_m_sironi_academy_of_fine_arts_lerua_stud_1034676_exterior_5']",[],Concrete|Glass|Modernist|Educational|Fragmented|Central Atrium|Natural Ventilation|Green Roofs|Sustainable Architecture|Artistic Environment|Natural Lighting|Cross-Ventilation|High Performance|Urban|Insulated Glazing|Open Plan|Collaborative Spaces|Environmentally Friendly|Ceramic Tiles|Wood|Minimalist|Energy-Efficient|Daylighting|Landscape Integration|Educational Facility|Studio Spaces|Art Galleries|Interaction|Urban Infrastructure|Eco-Friendly|Ventilation|Passive Design,40.7258034,8.5557334,Unknown,Lerua,,,2024.0,0.0,3.0
p_m_sironi_academy_of_fine_arts_lerua_stud_1034676_interiors_p_m_sironi_academy_of_fine_arts_lerua_stud_1034676,M Sironi Academy Of Fine Arts Lerua Stud 1034676 Interiors P M Sironi Academy Of Fine Arts Lerua Stud,unknown,unknown,unknown,unknown,unknown,"['i_p_m_sironi_academy_of_fine_arts_lerua_stud_1034676_interiors_p_m_sironi_academy_of_fine_arts_lerua_stud_1034676_p_m_sironi_academy_of_fine_arts_lerua_stud_1034676_interiors_p_m_sironi_academy_of_fine_arts_lerua_stud_1034676_interior_1', 'i_p_m_sironi_academy_of_fine_arts_lerua_stud_1034676_interiors_p_m_sironi_academy_of_fine_arts_lerua_stud_1034676_p_m_sironi_academy_of_fine_arts_lerua_stud_1034676_interiors_p_m_sironi_academy_of_fine_arts_lerua_stud_1034676_interior_2', 'i_p_m_sironi_academy_of_fine_arts_lerua_stud_1034676_interiors_p_m_sironi_academy_of_fine_arts_lerua_stud_1034676_p_m_sironi_academy_of_fine_arts_lerua_stud_1034676_interiors_p_m_sironi_academy_of_fine_arts_lerua_stud_1034676_interior_3', 'i_p_m_sironi_academy_of_fine_arts_lerua_stud_1034676_interiors_p_m_sironi_academy_of_fine_arts_lerua_stud_1034676_p_m_sironi_academy_of_fine_arts_lerua_stud_1034676_interiors_p_m_sironi_academy_of_fine_arts_lerua_stud_1034676_interior_4']",[],Concrete|Glass|Modernist|Educational|Fragmented|Central Atrium|Natural Ventilation|Green Roofs|Sustainable Architecture|Artistic Environment|Natural Lighting|Cross-Ventilation|High Performance|Urban|Insulated Glazing|Open Plan|Collaborative Spaces|Environmentally Friendly|Ceramic Tiles|Wood|Minimalist|Energy-Efficient|Daylighting|Landscape Integration|Educational Facility|Studio Spaces|Art Galleries|Interaction|Urban Infrastructure|Eco-Friendly|Ventilation|Passive Design,40.7258034,8.5557334,Unknown,Lerua,,,2024.0,0.0,3.0
p_majlis_the_manama_wind_catchers_pavilion_1034852_exteriors_p_majlis_the_manama_wind_catchers_pavilion_1034852,Majlis The Manama Wind Catchers Pavilion 1034852 Exteriors P Majlis The Manama Wind Catchers Pavilion,unknown,unknown,unknown,unknown,unknown,"['i_p_majlis_the_manama_wind_catchers_pavilion_1034852_exteriors_p_majlis_the_manama_wind_catchers_pavilion_1034852_p_majlis_the_manama_wind_catchers_pavilion_1034852_exteriors_p_majlis_the_manama_wind_catchers_pavilion_1034852_exterior_1', 'i_p_majlis_the_manama_wind_catchers_pavilion_1034852_exteriors_p_majlis_the_manama_wind_catchers_pavilion_1034852_p_majlis_the_manama_wind_catchers_pavilion_1034852_exteriors_p_majlis_the_manama_wind_catchers_pavilion_1034852_exterior_2']",[],Cultural|Pavilion|Bahrain|Wind Catchers|Sustainable Architecture|Urban Context|Passive Ventilation|Lightweight Structure|Natural Materials|Community Space|Heritage|Modern|Exhibition Space|Natural Lighting|Ceramic|Wood|Contemporary|Plaster|Local Flora|Environmental Design|Open Space|Gathering|Urban Ecology|Civic Architecture|Community Integration|Functional Design|Climate-Responsive|Urban Landscape|Architectural Innovation|Traditional Elements|Green Building,45.440379,12.3159547,Unknown,Manama,,,2024.0,0.0,1.0
p_majlis_the_manama_wind_catchers_pavilion_1034852_interiors_p_majlis_the_manama_wind_catchers_pavilion_1034852,Majlis The Manama Wind Catchers Pavilion 1034852 Interiors P Majlis The Manama Wind Catchers Pavilion,unknown,unknown,unknown,unknown,unknown,"['i_p_majlis_the_manama_wind_catchers_pavilion_1034852_interiors_p_majlis_the_manama_wind_catchers_pavilion_1034852_p_majlis_the_manama_wind_catchers_pavilion_1034852_interiors_p_majlis_the_manama_wind_catchers_pavilion_1034852_interior_1', 'i_p_majlis_the_manama_wind_catchers_pavilion_1034852_interiors_p_majlis_the_manama_wind_catchers_pavilion_1034852_p_majlis_the_manama_wind_catchers_pavilion_1034852_interiors_p_majlis_the_manama_wind_catchers_pavilion_1034852_interior_2']",[],Cultural|Pavilion|Bahrain|Wind Catchers|Sustainable Architecture|Urban Context|Passive Ventilation|Lightweight Structure|Natural Materials|Community Space|Heritage|Modern|Exhibition Space|Natural Lighting|Ceramic|Wood|Contemporary|Plaster|Local Flora|Environmental Design|Open Space|Gathering|Urban Ecology|Civic Architecture|Community Integration|Functional Design|Climate-Responsive|Urban Landscape|Architectural Innovation|Traditional Elements|Green Building,45.440379,12.3159547,Unknown,Manama,,,2024.0,0.0,1.0
p_mengzi_nsau_bookstore_of_librairie_avant_1029258_exteriors_p_mengzi_nsau_bookstore_of_librairie_avant_1029258,Mengzi Nsau Bookstore Of Librairie Avant 1029258 Exteriors P Mengzi Nsau Bookstore Of Librairie Avant,unknown,unknown,unknown,unknown,unknown,"['i_p_mengzi_nsau_bookstore_of_librairie_avant_1029258_exteriors_p_mengzi_nsau_bookstore_of_librairie_avant_1029258_p_mengzi_nsau_bookstore_of_librairie_avant_1029258_exteriors_p_mengzi_nsau_bookstore_of_librairie_avant_1029258_exterior_1', 'i_p_mengzi_nsau_bookstore_of_librairie_avant_1029258_exteriors_p_mengzi_nsau_bookstore_of_librairie_avant_1029258_p_mengzi_nsau_bookstore_of_librairie_avant_1029258_exteriors_p_mengzi_nsau_bookstore_of_librairie_avant_1029258_exterior_2', 'i_p_mengzi_nsau_bookstore_of_librairie_avant_1029258_exteriors_p_mengzi_nsau_bookstore_of_librairie_avant_1029258_p_mengzi_nsau_bookstore_of_librairie_avant_1029258_exteriors_p_mengzi_nsau_bookstore_of_librairie_avant_1029258_exterior_3']",[],Library|Bookstore|Concrete|Glass|Modernist|Fragmented|Central Atrium|Natural Light|Urban|Cultural|Sustainability|Ventilation|Community Space|Daylighting|Cross-Ventilation|Wood|Interior Design|Passive Design|Reading Area|Exhibition Space|Open Plan|Concrete Frame|Landscape Integration|High-Performance Materials|Natural Ventilation|Shading Devices|Temperature Regulation|User-Friendly|Accessible|Yunnan|China,23.3962199,103.36481,Librairie Avant,Mengzi,,,2024.0,0.0,2.0
p_mengzi_nsau_bookstore_of_librairie_avant_1029258_interiors_p_mengzi_nsau_bookstore_of_librairie_avant_1029258,Mengzi Nsau Bookstore Of Librairie Avant 1029258 Interiors P Mengzi Nsau Bookstore Of Librairie Avant,unknown,unknown,unknown,unknown,unknown,"['i_p_mengzi_nsau_bookstore_of_librairie_avant_1029258_interiors_p_mengzi_nsau_bookstore_of_librairie_avant_1029258_p_mengzi_nsau_bookstore_of_librairie_avant_1029258_interiors_p_mengzi_nsau_bookstore_of_librairie_avant_1029258_interior_1', 'i_p_mengzi_nsau_bookstore_of_librairie_avant_1029258_interiors_p_mengzi_nsau_bookstore_of_librairie_avant_1029258_p_mengzi_nsau_bookstore_of_librairie_avant_1029258_interiors_p_mengzi_nsau_bookstore_of_librairie_avant_1029258_interior_2']",[],Library|Bookstore|Concrete|Glass|Modernist|Fragmented|Central Atrium|Natural Light|Urban|Cultural|Sustainability|Ventilation|Community Space|Daylighting|Cross-Ventilation|Wood|Interior Design|Passive Design|Reading Area|Exhibition Space|Open Plan|Concrete Frame|Landscape Integration|High-Performance Materials|Natural Ventilation|Shading Devices|Temperature Regulation|User-Friendly|Accessible|Yunnan|China,23.3962199,103.36481,Librairie Avant,Mengzi,,,2024.0,0.0,2.0
p_mirage_in_yumeshima_pondedge_f_a_r_m_1035126_diagrams_p_mirage_in_yumeshima_pondedge_f_a_r_m_1035126,Mirage In Yumeshima Pondedge F A R M 1035126 Diagrams P Mirage In Yumeshima Pondedge F A R M,unknown,unknown,unknown,unknown,unknown,['i_p_mirage_in_yumeshima_pondedge_f_a_r_m_1035126_diagrams_p_mirage_in_yumeshima_pondedge_f_a_r_m_1035126_p_mirage_in_yumeshima_pondedge_f_a_r_m_1035126_diagrams_p_mirage_in_yumeshima_pondedge_f_a_r_m_1035126_diagram_1'],[],Mixed-Use|Agriculture|Urban Design|Sustainable Architecture|Glass|Wood|Concrete|Transparency|Community Space|Natural Ventilation|Solar Energy|Green Roofs|Civic Engagement|Pond Integration|Open Plan|Osaka|Japan|Modern Architecture|Landscape Architecture|Rainwater Harvesting|Floor-To-Ceiling Windows|Overhangs|Vertical Shading|Environmental Sustainability|Natural Light|Recreational Spaces|Circular Economy|Bamboo|Community Gardens|Public Space|Post-Pandemic Design,34.6937249,135.5022535,Unknown,Osaka,,,2024.0,0.0,2.0
p_mirage_in_yumeshima_pondedge_f_a_r_m_1035126_exteriors_p_mirage_in_yumeshima_pondedge_f_a_r_m_1035126,Mirage In Yumeshima Pondedge F A R M 1035126 Exteriors P Mirage In Yumeshima Pondedge F A R M,unknown,unknown,unknown,unknown,unknown,"['i_p_mirage_in_yumeshima_pondedge_f_a_r_m_1035126_exteriors_p_mirage_in_yumeshima_pondedge_f_a_r_m_1035126_p_mirage_in_yumeshima_pondedge_f_a_r_m_1035126_exteriors_p_mirage_in_yumeshima_pondedge_f_a_r_m_1035126_exterior_1', 'i_p_mirage_in_yumeshima_pondedge_f_a_r_m_1035126_exteriors_p_mirage_in_yumeshima_pondedge_f_a_r_m_1035126_p_mirage_in_yumeshima_pondedge_f_a_r_m_1035126_exteriors_p_mirage_in_yumeshima_pondedge_f_a_r_m_1035126_exterior_2']",[],Mixed-Use|Agriculture|Urban Design|Sustainable Architecture|Glass|Wood|Concrete|Transparency|Community Space|Natural Ventilation|Solar Energy|Green Roofs|Civic Engagement|Pond Integration|Open Plan|Osaka|Japan|Modern Architecture|Landscape Architecture|Rainwater Harvesting|Floor-To-Ceiling Windows|Overhangs|Vertical Shading|Environmental Sustainability|Natural Light|Recreational Spaces|Circular Economy|Bamboo|Community Gardens|Public Space|Post-Pandemic Design,34.6937249,135.5022535,Unknown,Osaka,,,2024.0,0.0,2.0
p_mirage_in_yumeshima_pondedge_f_a_r_m_1035126_interiors_p_mirage_in_yumeshima_pondedge_f_a_r_m_1035126,Mirage In Yumeshima Pondedge F A R M 1035126 Interiors P Mirage In Yumeshima Pondedge F A R M,unknown,unknown,unknown,unknown,unknown,"['i_p_mirage_in_yumeshima_pondedge_f_a_r_m_1035126_interiors_p_mirage_in_yumeshima_pondedge_f_a_r_m_1035126_p_mirage_in_yumeshima_pondedge_f_a_r_m_1035126_interiors_p_mirage_in_yumeshima_pondedge_f_a_r_m_1035126_interior_1', 'i_p_mirage_in_yumeshima_pondedge_f_a_r_m_1035126_interiors_p_mirage_in_yumeshima_pondedge_f_a_r_m_1035126_p_mirage_in_yumeshima_pondedge_f_a_r_m_1035126_interiors_p_mirage_in_yumeshima_pondedge_f_a_r_m_1035126_interior_2']",[],Mixed-Use|Agriculture|Urban Design|Sustainable Architecture|Glass|Wood|Concrete|Transparency|Community Space|Natural Ventilation|Solar Energy|Green Roofs|Civic Engagement|Pond Integration|Open Plan|Osaka|Japan|Modern Architecture|Landscape Architecture|Rainwater Harvesting|Floor-To-Ceiling Windows|Overhangs|Vertical Shading|Environmental Sustainability|Natural Light|Recreational Spaces|Circular Economy|Bamboo|Community Gardens|Public Space|Post-Pandemic Design,34.6937249,135.5022535,Unknown,Osaka,,,2024.0,0.0,2.0
p_mirikaroden_nakagawa_cultural_complex_fu_1032242_diagrams_p_mirikaroden_nakagawa_cultural_complex_fu_1032242,Mirikaroden Nakagawa Cultural Complex Fu 1032242 Diagrams P Mirikaroden Nakagawa Cultural Complex Fu,unknown,unknown,unknown,unknown,unknown,"['i_p_mirikaroden_nakagawa_cultural_complex_fu_1032242_diagrams_p_mirikaroden_nakagawa_cultural_complex_fu_1032242_p_mirikaroden_nakagawa_cultural_complex_fu_1032242_diagrams_p_mirikaroden_nakagawa_cultural_complex_fu_1032242_diagram_1', 'i_p_mirikaroden_nakagawa_cultural_complex_fu_1032242_diagrams_p_mirikaroden_nakagawa_cultural_complex_fu_1032242_p_mirikaroden_nakagawa_cultural_complex_fu_1032242_diagrams_p_mirikaroden_nakagawa_cultural_complex_fu_1032242_diagram_2', 'i_p_mirikaroden_nakagawa_cultural_complex_fu_1032242_diagrams_p_mirikaroden_nakagawa_cultural_complex_fu_1032242_p_mirikaroden_nakagawa_cultural_complex_fu_1032242_diagrams_p_mirikaroden_nakagawa_cultural_complex_fu_1032242_diagram_3']",[],Concrete|Glass|Modernist|Flexible Spaces|Cultural|Urban|Natural Ventilation|Daylight Harvesting|Education|Exhibition|Sustainable Design|Green Roof|Community Hub|Polished Concrete|Acoustic Design|High-Performance Glazing|Overhangs|Louvres|Open Plan|Cultural Programming|Landscape Integration|North-South Orientation|Interactive Spaces|Community Events|Collaboration|Artistic Activities|Modern Architecture|Natural Light|Energy Efficiency|Rainwater Harvesting,33.4995319,130.4221702,Fu,Nakagawa,,,2024.0,5000.0,2.0
p_mirikaroden_nakagawa_cultural_complex_fu_1032242_exteriors_p_mirikaroden_nakagawa_cultural_complex_fu_1032242,Mirikaroden Nakagawa Cultural Complex Fu 1032242 Exteriors P Mirikaroden Nakagawa Cultural Complex Fu,unknown,unknown,unknown,unknown,unknown,"['i_p_mirikaroden_nakagawa_cultural_complex_fu_1032242_exteriors_p_mirikaroden_nakagawa_cultural_complex_fu_1032242_p_mirikaroden_nakagawa_cultural_complex_fu_1032242_exteriors_p_mirikaroden_nakagawa_cultural_complex_fu_1032242_exterior_1', 'i_p_mirikaroden_nakagawa_cultural_complex_fu_1032242_exteriors_p_mirikaroden_nakagawa_cultural_complex_fu_1032242_p_mirikaroden_nakagawa_cultural_complex_fu_1032242_exteriors_p_mirikaroden_nakagawa_cultural_complex_fu_1032242_exterior_2']",[],Concrete|Glass|Modernist|Flexible Spaces|Cultural|Urban|Natural Ventilation|Daylight Harvesting|Education|Exhibition|Sustainable Design|Green Roof|Community Hub|Polished Concrete|Acoustic Design|High-Performance Glazing|Overhangs|Louvres|Open Plan|Cultural Programming|Landscape Integration|North-South Orientation|Interactive Spaces|Community Events|Collaboration|Artistic Activities|Modern Architecture|Natural Light|Energy Efficiency|Rainwater Harvesting,33.4995319,130.4221702,Fu,Nakagawa,,,2024.0,5000.0,2.0
p_mirikaroden_nakagawa_cultural_complex_fu_1032242_interiors_p_mirikaroden_nakagawa_cultural_complex_fu_1032242,Mirikaroden Nakagawa Cultural Complex Fu 1032242 Interiors P Mirikaroden Nakagawa Cultural Complex Fu,unknown,unknown,unknown,unknown,unknown,"['i_p_mirikaroden_nakagawa_cultural_complex_fu_1032242_interiors_p_mirikaroden_nakagawa_cultural_complex_fu_1032242_p_mirikaroden_nakagawa_cultural_complex_fu_1032242_interiors_p_mirikaroden_nakagawa_cultural_complex_fu_1032242_interior_1', 'i_p_mirikaroden_nakagawa_cultural_complex_fu_1032242_interiors_p_mirikaroden_nakagawa_cultural_complex_fu_1032242_p_mirikaroden_nakagawa_cultural_complex_fu_1032242_interiors_p_mirikaroden_nakagawa_cultural_complex_fu_1032242_interior_2', 'i_p_mirikaroden_nakagawa_cultural_complex_fu_1032242_interiors_p_mirikaroden_nakagawa_cultural_complex_fu_1032242_p_mirikaroden_nakagawa_cultural_complex_fu_1032242_interiors_p_mirikaroden_nakagawa_cultural_complex_fu_1032242_interior_3', 'i_p_mirikaroden_nakagawa_cultural_complex_fu_1032242_interiors_p_mirikaroden_nakagawa_cultural_complex_fu_1032242_p_mirikaroden_nakagawa_cultural_complex_fu_1032242_interiors_p_mirikaroden_nakagawa_cultural_complex_fu_1032242_interior_4', 'i_p_mirikaroden_nakagawa_cultural_complex_fu_1032242_interiors_p_mirikaroden_nakagawa_cultural_complex_fu_1032242_p_mirikaroden_nakagawa_cultural_complex_fu_1032242_interiors_p_mirikaroden_nakagawa_cultural_complex_fu_1032242_interior_5']",[],Concrete|Glass|Modernist|Flexible Spaces|Cultural|Urban|Natural Ventilation|Daylight Harvesting|Education|Exhibition|Sustainable Design|Green Roof|Community Hub|Polished Concrete|Acoustic Design|High-Performance Glazing|Overhangs|Louvres|Open Plan|Cultural Programming|Landscape Integration|North-South Orientation|Interactive Spaces|Community Events|Collaboration|Artistic Activities|Modern Architecture|Natural Light|Energy Efficiency|Rainwater Harvesting,33.4995319,130.4221702,Fu,Nakagawa,,,2024.0,5000.0,2.0
p_modern_history_of_christianity_museum_ko_1028005_diagrams_p_modern_history_of_christianity_museum_ko_1028005,Modern History Of Christianity Museum Ko 1028005 Diagrams P Modern History Of Christianity Museum Ko,unknown,unknown,unknown,unknown,unknown,"['i_p_modern_history_of_christianity_museum_ko_1028005_diagrams_p_modern_history_of_christianity_museum_ko_1028005_p_modern_history_of_christianity_museum_ko_1028005_diagrams_p_modern_history_of_christianity_museum_ko_1028005_diagram_1', 'i_p_modern_history_of_christianity_museum_ko_1028005_diagrams_p_modern_history_of_christianity_museum_ko_1028005_p_modern_history_of_christianity_museum_ko_1028005_diagrams_p_modern_history_of_christianity_museum_ko_1028005_diagram_2', 'i_p_modern_history_of_christianity_museum_ko_1028005_diagrams_p_modern_history_of_christianity_museum_ko_1028005_p_modern_history_of_christianity_museum_ko_1028005_diagrams_p_modern_history_of_christianity_museum_ko_1028005_diagram_3']",[],Museum|Concrete|Glass|Modernist|Educational|Exhibition Spaces|Natural Ventilation|Daylighting|Urban|Cultural|Sustainable Design|Rainwater Harvesting|Green Roof|Polished Concrete|Wood Interiors|Integrated Landscape|Community Gathering|Art Display|Interactive Exhibits|Tempered Climate|Natural Materials|High Performance Insulation|Modern Architecture|Contemporary|Passive Cooling|Urban Integration|Public Space|Environmental Design|Exhibit Design|Spatial Organization,35.907757,127.766922,Unknown Architect,Daejeon,,,2024.0,0.0,2.0
p_modern_history_of_christianity_museum_ko_1028005_exteriors_p_modern_history_of_christianity_museum_ko_1028005,Modern History Of Christianity Museum Ko 1028005 Exteriors P Modern History Of Christianity Museum Ko,unknown,unknown,unknown,unknown,unknown,"['i_p_modern_history_of_christianity_museum_ko_1028005_exteriors_p_modern_history_of_christianity_museum_ko_1028005_p_modern_history_of_christianity_museum_ko_1028005_exteriors_p_modern_history_of_christianity_museum_ko_1028005_exterior_1', 'i_p_modern_history_of_christianity_museum_ko_1028005_exteriors_p_modern_history_of_christianity_museum_ko_1028005_p_modern_history_of_christianity_museum_ko_1028005_exteriors_p_modern_history_of_christianity_museum_ko_1028005_exterior_2', 'i_p_modern_history_of_christianity_museum_ko_1028005_exteriors_p_modern_history_of_christianity_museum_ko_1028005_p_modern_history_of_christianity_museum_ko_1028005_exteriors_p_modern_history_of_christianity_museum_ko_1028005_exterior_3', 'i_p_modern_history_of_christianity_museum_ko_1028005_exteriors_p_modern_history_of_christianity_museum_ko_1028005_p_modern_history_of_christianity_museum_ko_1028005_exteriors_p_modern_history_of_christianity_museum_ko_1028005_exterior_4', 'i_p_modern_history_of_christianity_museum_ko_1028005_exteriors_p_modern_history_of_christianity_museum_ko_1028005_p_modern_history_of_christianity_museum_ko_1028005_exteriors_p_modern_history_of_christianity_museum_ko_1028005_exterior_5']",[],Museum|Concrete|Glass|Modernist|Educational|Exhibition Spaces|Natural Ventilation|Daylighting|Urban|Cultural|Sustainable Design|Rainwater Harvesting|Green Roof|Polished Concrete|Wood Interiors|Integrated Landscape|Community Gathering|Art Display|Interactive Exhibits|Tempered Climate|Natural Materials|High Performance Insulation|Modern Architecture|Contemporary|Passive Cooling|Urban Integration|Public Space|Environmental Design|Exhibit Design|Spatial Organization,35.907757,127.766922,Unknown Architect,Daejeon,,,2024.0,0.0,2.0
p_modern_history_of_christianity_museum_ko_1028005_interiors_p_modern_history_of_christianity_museum_ko_1028005,Modern History Of Christianity Museum Ko 1028005 Interiors P Modern History Of Christianity Museum Ko,unknown,unknown,unknown,unknown,unknown,"['i_p_modern_history_of_christianity_museum_ko_1028005_interiors_p_modern_history_of_christianity_museum_ko_1028005_p_modern_history_of_christianity_museum_ko_1028005_interiors_p_modern_history_of_christianity_museum_ko_1028005_interior_1', 'i_p_modern_history_of_christianity_museum_ko_1028005_interiors_p_modern_history_of_christianity_museum_ko_1028005_p_modern_history_of_christianity_museum_ko_1028005_interiors_p_modern_history_of_christianity_museum_ko_1028005_interior_2']",[],Museum|Concrete|Glass|Modernist|Educational|Exhibition Spaces|Natural Ventilation|Daylighting|Urban|Cultural|Sustainable Design|Rainwater Harvesting|Green Roof|Polished Concrete|Wood Interiors|Integrated Landscape|Community Gathering|Art Display|Interactive Exhibits|Tempered Climate|Natural Materials|High Performance Insulation|Modern Architecture|Contemporary|Passive Cooling|Urban Integration|Public Space|Environmental Design|Exhibit Design|Spatial Organization,35.907757,127.766922,Unknown Architect,Daejeon,,,2024.0,0.0,2.0
p_modern_mongolian_ger_installation_ger_at_1032499_exteriors_p_modern_mongolian_ger_installation_ger_at_1032499,Modern Mongolian Ger Installation Ger At 1032499 Exteriors P Modern Mongolian Ger Installation Ger At,unknown,unknown,unknown,unknown,unknown,"['i_p_modern_mongolian_ger_installation_ger_at_1032499_exteriors_p_modern_mongolian_ger_installation_ger_at_1032499_p_modern_mongolian_ger_installation_ger_at_1032499_exteriors_p_modern_mongolian_ger_installation_ger_at_1032499_exterior_1', 'i_p_modern_mongolian_ger_installation_ger_at_1032499_exteriors_p_modern_mongolian_ger_installation_ger_at_1032499_p_modern_mongolian_ger_installation_ger_at_1032499_exteriors_p_modern_mongolian_ger_installation_ger_at_1032499_exterior_2']",[],Mongolian Ger|Cultural Installation|Timber|Modern Design|Pavilion|Natural Materials|Passive Design|Sustainability|Local Craftsmanship|Rural Architecture|Circular Form|Community Space|Natural Ventilation|Open Plan|Traditional Architecture|Contemporary Design|Landscape Integration|Environmental Response|Cultural Sustainability|Felt|Wood|Natural Lighting|Architecture In Context|Traditional-Modern Synthesis|Flat Landscape|Depots|Exhibition Space|Gathering Point|Passive Heating|South-Facing|Overhang|Modern Mongolian,42.2585999,118.88894,P,Unknown City,,,2024.0,0.0,1.0
p_modern_mongolian_ger_installation_ger_at_1032499_interiors_p_modern_mongolian_ger_installation_ger_at_1032499,Modern Mongolian Ger Installation Ger At 1032499 Interiors P Modern Mongolian Ger Installation Ger At,unknown,unknown,unknown,unknown,unknown,"['i_p_modern_mongolian_ger_installation_ger_at_1032499_interiors_p_modern_mongolian_ger_installation_ger_at_1032499_p_modern_mongolian_ger_installation_ger_at_1032499_interiors_p_modern_mongolian_ger_installation_ger_at_1032499_interior_1', 'i_p_modern_mongolian_ger_installation_ger_at_1032499_interiors_p_modern_mongolian_ger_installation_ger_at_1032499_p_modern_mongolian_ger_installation_ger_at_1032499_interiors_p_modern_mongolian_ger_installation_ger_at_1032499_interior_2']",[],Mongolian Ger|Cultural Installation|Timber|Modern Design|Pavilion|Natural Materials|Passive Design|Sustainability|Local Craftsmanship|Rural Architecture|Circular Form|Community Space|Natural Ventilation|Open Plan|Traditional Architecture|Contemporary Design|Landscape Integration|Environmental Response|Cultural Sustainability|Felt|Wood|Natural Lighting|Architecture In Context|Traditional-Modern Synthesis|Flat Landscape|Depots|Exhibition Space|Gathering Point|Passive Heating|South-Facing|Overhang|Modern Mongolian,42.2585999,118.88894,P,Unknown City,,,2024.0,0.0,1.0
p_moon_pavilion_atelier_guo_1034543_exteriors_p_moon_pavilion_atelier_guo_1034543,Moon Pavilion Atelier Guo 1034543 Exteriors P Moon Pavilion Atelier Guo,unknown,unknown,unknown,unknown,unknown,"['i_p_moon_pavilion_atelier_guo_1034543_exteriors_p_moon_pavilion_atelier_guo_1034543_p_moon_pavilion_atelier_guo_1034543_exteriors_p_moon_pavilion_atelier_guo_1034543_exterior_1', 'i_p_moon_pavilion_atelier_guo_1034543_exteriors_p_moon_pavilion_atelier_guo_1034543_p_moon_pavilion_atelier_guo_1034543_exteriors_p_moon_pavilion_atelier_guo_1034543_exterior_2', 'i_p_moon_pavilion_atelier_guo_1034543_exteriors_p_moon_pavilion_atelier_guo_1034543_p_moon_pavilion_atelier_guo_1034543_exteriors_p_moon_pavilion_atelier_guo_1034543_exterior_3', 'i_p_moon_pavilion_atelier_guo_1034543_exteriors_p_moon_pavilion_atelier_guo_1034543_p_moon_pavilion_atelier_guo_1034543_exteriors_p_moon_pavilion_atelier_guo_1034543_exterior_4', 'i_p_moon_pavilion_atelier_guo_1034543_exteriors_p_moon_pavilion_atelier_guo_1034543_p_moon_pavilion_atelier_guo_1034543_exteriors_p_moon_pavilion_atelier_guo_1034543_exterior_5']",[],Pavilion|Concrete|Glass|Minimalist|Natural Ventilation|High Wwr|Art Space|Landscape Architecture|Green Design|Contemplative Space|Outdoor Integration|Sustainable Architecture|Atelier Guo|Contemporary Design|Cultural Pavilion|Open Plan|Natural Lighting|Circular Forms|Environmentally Responsive|Earthy Materials|Community Space|Artistic Expression|Dedicated To Nature|Tropical Architecture|Lightweight Structure|Scenic Views|Modern Design|Passive Solar|Climatic Response,23.1125099,114.41552,Atelier Guo,Unknown,,,2024.0,0.0,1.0
p_moon_pavilion_atelier_guo_1034543_interiors_p_moon_pavilion_atelier_guo_1034543,Moon Pavilion Atelier Guo 1034543 Interiors P Moon Pavilion Atelier Guo,unknown,unknown,unknown,unknown,unknown,"['i_p_moon_pavilion_atelier_guo_1034543_interiors_p_moon_pavilion_atelier_guo_1034543_p_moon_pavilion_atelier_guo_1034543_interiors_p_moon_pavilion_atelier_guo_1034543_interior_1', 'i_p_moon_pavilion_atelier_guo_1034543_interiors_p_moon_pavilion_atelier_guo_1034543_p_moon_pavilion_atelier_guo_1034543_interiors_p_moon_pavilion_atelier_guo_1034543_interior_2', 'i_p_moon_pavilion_atelier_guo_1034543_interiors_p_moon_pavilion_atelier_guo_1034543_p_moon_pavilion_atelier_guo_1034543_interiors_p_moon_pavilion_atelier_guo_1034543_interior_3']",[],Pavilion|Concrete|Glass|Minimalist|Natural Ventilation|High Wwr|Art Space|Landscape Architecture|Green Design|Contemplative Space|Outdoor Integration|Sustainable Architecture|Atelier Guo|Contemporary Design|Cultural Pavilion|Open Plan|Natural Lighting|Circular Forms|Environmentally Responsive|Earthy Materials|Community Space|Artistic Expression|Dedicated To Nature|Tropical Architecture|Lightweight Structure|Scenic Views|Modern Design|Passive Solar|Climatic Response,23.1125099,114.41552,Atelier Guo,Unknown,,,2024.0,0.0,1.0
p_mumo_museum_of_motorcycles_draa_1030778_exteriors_p_mumo_museum_of_motorcycles_draa_1030778,Mumo Museum Of Motorcycles Draa 1030778 Exteriors P Mumo Museum Of Motorcycles Draa,unknown,unknown,unknown,unknown,unknown,"['i_p_mumo_museum_of_motorcycles_draa_1030778_exteriors_p_mumo_museum_of_motorcycles_draa_1030778_p_mumo_museum_of_motorcycles_draa_1030778_exteriors_p_mumo_museum_of_motorcycles_draa_1030778_exterior_1', 'i_p_mumo_museum_of_motorcycles_draa_1030778_exteriors_p_mumo_museum_of_motorcycles_draa_1030778_p_mumo_museum_of_motorcycles_draa_1030778_exteriors_p_mumo_museum_of_motorcycles_draa_1030778_exterior_2', 'i_p_mumo_museum_of_motorcycles_draa_1030778_exteriors_p_mumo_museum_of_motorcycles_draa_1030778_p_mumo_museum_of_motorcycles_draa_1030778_exteriors_p_mumo_museum_of_motorcycles_draa_1030778_exterior_3', 'i_p_mumo_museum_of_motorcycles_draa_1030778_exteriors_p_mumo_museum_of_motorcycles_draa_1030778_p_mumo_museum_of_motorcycles_draa_1030778_exteriors_p_mumo_museum_of_motorcycles_draa_1030778_exterior_4', 'i_p_mumo_museum_of_motorcycles_draa_1030778_exteriors_p_mumo_museum_of_motorcycles_draa_1030778_p_mumo_museum_of_motorcycles_draa_1030778_exteriors_p_mumo_museum_of_motorcycles_draa_1030778_exterior_5']",[],Metal|Glass|Modernist|Museum|Exhibition Space|Linear|Natural Ventilation|Sustainability|Solar Energy|Polished Concrete|Steel|Native Landscaping|Interactive Exhibits|Suburban|Csb Climate|Operable Windows|Green Roof|Double Glazed|Entrance Lobby|Multi-Purpose Spaces|Exterior Seating|Motorcycle Culture|Exhibition Gallery|Pedestrian Access|Visual Transparency|Adaptive Reuse|Public Installation|Natural Materials|Community Engagement|Audience Interaction|Flexible Spaces,-40.9768373,-72.8819616,P,,,,2024.0,0.0,1.0
p_mumo_museum_of_motorcycles_draa_1030778_interiors_p_mumo_museum_of_motorcycles_draa_1030778,Mumo Museum Of Motorcycles Draa 1030778 Interiors P Mumo Museum Of Motorcycles Draa,unknown,unknown,unknown,unknown,unknown,"['i_p_mumo_museum_of_motorcycles_draa_1030778_interiors_p_mumo_museum_of_motorcycles_draa_1030778_p_mumo_museum_of_motorcycles_draa_1030778_interiors_p_mumo_museum_of_motorcycles_draa_1030778_interior_1', 'i_p_mumo_museum_of_motorcycles_draa_1030778_interiors_p_mumo_museum_of_motorcycles_draa_1030778_p_mumo_museum_of_motorcycles_draa_1030778_interiors_p_mumo_museum_of_motorcycles_draa_1030778_interior_2']",[],Metal|Glass|Modernist|Museum|Exhibition Space|Linear|Natural Ventilation|Sustainability|Solar Energy|Polished Concrete|Steel|Native Landscaping|Interactive Exhibits|Suburban|Csb Climate|Operable Windows|Green Roof|Double Glazed|Entrance Lobby|Multi-Purpose Spaces|Exterior Seating|Motorcycle Culture|Exhibition Gallery|Pedestrian Access|Visual Transparency|Adaptive Reuse|Public Installation|Natural Materials|Community Engagement|Audience Interaction|Flexible Spaces,-40.9768373,-72.8819616,P,,,,2024.0,0.0,1.0
p_munarra_centre_for_regional_excellence_a_1035026_diagrams_p_munarra_centre_for_regional_excellence_a_1035026,Munarra Centre For Regional Excellence A 1035026 Diagrams P Munarra Centre For Regional Excellence A,unknown,unknown,unknown,unknown,unknown,"['i_p_munarra_centre_for_regional_excellence_a_1035026_diagrams_p_munarra_centre_for_regional_excellence_a_1035026_p_munarra_centre_for_regional_excellence_a_1035026_diagrams_p_munarra_centre_for_regional_excellence_a_1035026_diagram_1', 'i_p_munarra_centre_for_regional_excellence_a_1035026_diagrams_p_munarra_centre_for_regional_excellence_a_1035026_p_munarra_centre_for_regional_excellence_a_1035026_diagrams_p_munarra_centre_for_regional_excellence_a_1035026_diagram_2', 'i_p_munarra_centre_for_regional_excellence_a_1035026_diagrams_p_munarra_centre_for_regional_excellence_a_1035026_p_munarra_centre_for_regional_excellence_a_1035026_diagrams_p_munarra_centre_for_regional_excellence_a_1035026_diagram_3']",[],Community Center|Sustainability|Education|Recreation|Modernist|Concrete|Glass|Metal|Natural Ventilation|Daylighting|Energy Efficiency|Timber|Open Plan|Flexible Spaces|Central Atrium|Urban|Suburban|Passive Design|Green Roofs|Solar Energy|Rainwater Harvesting|Community Engagement|Accessible Design|Gathering Spaces|Indoor-Outdoor Flow|Local Materials|Environmentally Friendly|Climate-Responsive|Modern Architecture|Health And Wellness|Social Infrastructure|Socio-Cultural Hub,-36.3811027,145.3993137,Cox Architecture,Shepparton,,,2024.0,5000.0,2.0
p_munarra_centre_for_regional_excellence_a_1035026_exteriors_p_munarra_centre_for_regional_excellence_a_1035026,Munarra Centre For Regional Excellence A 1035026 Exteriors P Munarra Centre For Regional Excellence A,unknown,unknown,unknown,unknown,unknown,"['i_p_munarra_centre_for_regional_excellence_a_1035026_exteriors_p_munarra_centre_for_regional_excellence_a_1035026_p_munarra_centre_for_regional_excellence_a_1035026_exteriors_p_munarra_centre_for_regional_excellence_a_1035026_exterior_1', 'i_p_munarra_centre_for_regional_excellence_a_1035026_exteriors_p_munarra_centre_for_regional_excellence_a_1035026_p_munarra_centre_for_regional_excellence_a_1035026_exteriors_p_munarra_centre_for_regional_excellence_a_1035026_exterior_2', 'i_p_munarra_centre_for_regional_excellence_a_1035026_exteriors_p_munarra_centre_for_regional_excellence_a_1035026_p_munarra_centre_for_regional_excellence_a_1035026_exteriors_p_munarra_centre_for_regional_excellence_a_1035026_exterior_3', 'i_p_munarra_centre_for_regional_excellence_a_1035026_exteriors_p_munarra_centre_for_regional_excellence_a_1035026_p_munarra_centre_for_regional_excellence_a_1035026_exteriors_p_munarra_centre_for_regional_excellence_a_1035026_exterior_4', 'i_p_munarra_centre_for_regional_excellence_a_1035026_exteriors_p_munarra_centre_for_regional_excellence_a_1035026_p_munarra_centre_for_regional_excellence_a_1035026_exteriors_p_munarra_centre_for_regional_excellence_a_1035026_exterior_5']",[],Community Center|Sustainability|Education|Recreation|Modernist|Concrete|Glass|Metal|Natural Ventilation|Daylighting|Energy Efficiency|Timber|Open Plan|Flexible Spaces|Central Atrium|Urban|Suburban|Passive Design|Green Roofs|Solar Energy|Rainwater Harvesting|Community Engagement|Accessible Design|Gathering Spaces|Indoor-Outdoor Flow|Local Materials|Environmentally Friendly|Climate-Responsive|Modern Architecture|Health And Wellness|Social Infrastructure|Socio-Cultural Hub,-36.3811027,145.3993137,Cox Architecture,Shepparton,,,2024.0,5000.0,2.0
p_munarra_centre_for_regional_excellence_a_1035026_interiors_p_munarra_centre_for_regional_excellence_a_1035026,Munarra Centre For Regional Excellence A 1035026 Interiors P Munarra Centre For Regional Excellence A,unknown,unknown,unknown,unknown,unknown,"['i_p_munarra_centre_for_regional_excellence_a_1035026_interiors_p_munarra_centre_for_regional_excellence_a_1035026_p_munarra_centre_for_regional_excellence_a_1035026_interiors_p_munarra_centre_for_regional_excellence_a_1035026_interior_1', 'i_p_munarra_centre_for_regional_excellence_a_1035026_interiors_p_munarra_centre_for_regional_excellence_a_1035026_p_munarra_centre_for_regional_excellence_a_1035026_interiors_p_munarra_centre_for_regional_excellence_a_1035026_interior_2']",[],Community Center|Sustainability|Education|Recreation|Modernist|Concrete|Glass|Metal|Natural Ventilation|Daylighting|Energy Efficiency|Timber|Open Plan|Flexible Spaces|Central Atrium|Urban|Suburban|Passive Design|Green Roofs|Solar Energy|Rainwater Harvesting|Community Engagement|Accessible Design|Gathering Spaces|Indoor-Outdoor Flow|Local Materials|Environmentally Friendly|Climate-Responsive|Modern Architecture|Health And Wellness|Social Infrastructure|Socio-Cultural Hub,-36.3811027,145.3993137,Cox Architecture,Shepparton,,,2024.0,5000.0,2.0
p_museum_bezau_innauer_matt_architekten_1031766_diagrams_p_museum_bezau_innauer_matt_architekten_1031766,Museum Bezau Innauer Matt Architekten 1031766 Diagrams P Museum Bezau Innauer Matt Architekten,unknown,unknown,unknown,unknown,unknown,"['i_p_museum_bezau_innauer_matt_architekten_1031766_diagrams_p_museum_bezau_innauer_matt_architekten_1031766_p_museum_bezau_innauer_matt_architekten_1031766_diagrams_p_museum_bezau_innauer_matt_architekten_1031766_diagram_1', 'i_p_museum_bezau_innauer_matt_architekten_1031766_diagrams_p_museum_bezau_innauer_matt_architekten_1031766_p_museum_bezau_innauer_matt_architekten_1031766_diagrams_p_museum_bezau_innauer_matt_architekten_1031766_diagram_2', 'i_p_museum_bezau_innauer_matt_architekten_1031766_diagrams_p_museum_bezau_innauer_matt_architekten_1031766_p_museum_bezau_innauer_matt_architekten_1031766_diagrams_p_museum_bezau_innauer_matt_architekten_1031766_diagram_3']",[],Museum|Cultural Facility|Timber|Glass|Sustainable Design|Natural Ventilation|Austrian Architecture|Community Space|Contemporary|Natural Lighting|Exhibition Space|Landscape Integration|Modernist|Vorarlberg|Art|Cultural Heritage|Flexible Architecture|Green Roof|Environmentally Friendly|Central Atrium|Local Materials|Community Engagement|Urban-Rural Transition|Natural Wood|Daylighting|Passive Design|Double-Glazing|Orthogonal Layout|Circular Circulation|Adaptive Reuse,47.3854621,9.9040057,Innauer Matt Architekten,Bezau,,,2024.0,1500.0,2.0
p_museum_bezau_innauer_matt_architekten_1031766_exteriors_p_museum_bezau_innauer_matt_architekten_1031766,Museum Bezau Innauer Matt Architekten 1031766 Exteriors P Museum Bezau Innauer Matt Architekten,unknown,unknown,unknown,unknown,unknown,"['i_p_museum_bezau_innauer_matt_architekten_1031766_exteriors_p_museum_bezau_innauer_matt_architekten_1031766_p_museum_bezau_innauer_matt_architekten_1031766_exteriors_p_museum_bezau_innauer_matt_architekten_1031766_exterior_1', 'i_p_museum_bezau_innauer_matt_architekten_1031766_exteriors_p_museum_bezau_innauer_matt_architekten_1031766_p_museum_bezau_innauer_matt_architekten_1031766_exteriors_p_museum_bezau_innauer_matt_architekten_1031766_exterior_2', 'i_p_museum_bezau_innauer_matt_architekten_1031766_exteriors_p_museum_bezau_innauer_matt_architekten_1031766_p_museum_bezau_innauer_matt_architekten_1031766_exteriors_p_museum_bezau_innauer_matt_architekten_1031766_exterior_3', 'i_p_museum_bezau_innauer_matt_architekten_1031766_exteriors_p_museum_bezau_innauer_matt_architekten_1031766_p_museum_bezau_innauer_matt_architekten_1031766_exteriors_p_museum_bezau_innauer_matt_architekten_1031766_exterior_4', 'i_p_museum_bezau_innauer_matt_architekten_1031766_exteriors_p_museum_bezau_innauer_matt_architekten_1031766_p_museum_bezau_innauer_matt_architekten_1031766_exteriors_p_museum_bezau_innauer_matt_architekten_1031766_exterior_5']",[],Museum|Cultural Facility|Timber|Glass|Sustainable Design|Natural Ventilation|Austrian Architecture|Community Space|Contemporary|Natural Lighting|Exhibition Space|Landscape Integration|Modernist|Vorarlberg|Art|Cultural Heritage|Flexible Architecture|Green Roof|Environmentally Friendly|Central Atrium|Local Materials|Community Engagement|Urban-Rural Transition|Natural Wood|Daylighting|Passive Design|Double-Glazing|Orthogonal Layout|Circular Circulation|Adaptive Reuse,47.3854621,9.9040057,Innauer Matt Architekten,Bezau,,,2024.0,1500.0,2.0
p_museum_bezau_innauer_matt_architekten_1031766_interiors_p_museum_bezau_innauer_matt_architekten_1031766,Museum Bezau Innauer Matt Architekten 1031766 Interiors P Museum Bezau Innauer Matt Architekten,unknown,unknown,unknown,unknown,unknown,"['i_p_museum_bezau_innauer_matt_architekten_1031766_interiors_p_museum_bezau_innauer_matt_architekten_1031766_p_museum_bezau_innauer_matt_architekten_1031766_interiors_p_museum_bezau_innauer_matt_architekten_1031766_interior_1', 'i_p_museum_bezau_innauer_matt_architekten_1031766_interiors_p_museum_bezau_innauer_matt_architekten_1031766_p_museum_bezau_innauer_matt_architekten_1031766_interiors_p_museum_bezau_innauer_matt_architekten_1031766_interior_2', 'i_p_museum_bezau_innauer_matt_architekten_1031766_interiors_p_museum_bezau_innauer_matt_architekten_1031766_p_museum_bezau_innauer_matt_architekten_1031766_interiors_p_museum_bezau_innauer_matt_architekten_1031766_interior_3', 'i_p_museum_bezau_innauer_matt_architekten_1031766_interiors_p_museum_bezau_innauer_matt_architekten_1031766_p_museum_bezau_innauer_matt_architekten_1031766_interiors_p_museum_bezau_innauer_matt_architekten_1031766_interior_4', 'i_p_museum_bezau_innauer_matt_architekten_1031766_interiors_p_museum_bezau_innauer_matt_architekten_1031766_p_museum_bezau_innauer_matt_architekten_1031766_interiors_p_museum_bezau_innauer_matt_architekten_1031766_interior_5']",[],Museum|Cultural Facility|Timber|Glass|Sustainable Design|Natural Ventilation|Austrian Architecture|Community Space|Contemporary|Natural Lighting|Exhibition Space|Landscape Integration|Modernist|Vorarlberg|Art|Cultural Heritage|Flexible Architecture|Green Roof|Environmentally Friendly|Central Atrium|Local Materials|Community Engagement|Urban-Rural Transition|Natural Wood|Daylighting|Passive Design|Double-Glazing|Orthogonal Layout|Circular Circulation|Adaptive Reuse,47.3854621,9.9040057,Innauer Matt Architekten,Bezau,,,2024.0,1500.0,2.0
p_mycelial_hut_yong_ju_lee_architecture_1035602_diagrams_p_mycelial_hut_yong_ju_lee_architecture_1035602,Mycelial Hut Yong Ju Lee Architecture 1035602 Diagrams P Mycelial Hut Yong Ju Lee Architecture,unknown,unknown,unknown,unknown,unknown,"['i_p_mycelial_hut_yong_ju_lee_architecture_1035602_diagrams_p_mycelial_hut_yong_ju_lee_architecture_1035602_p_mycelial_hut_yong_ju_lee_architecture_1035602_diagrams_p_mycelial_hut_yong_ju_lee_architecture_1035602_diagram_1', 'i_p_mycelial_hut_yong_ju_lee_architecture_1035602_diagrams_p_mycelial_hut_yong_ju_lee_architecture_1035602_p_mycelial_hut_yong_ju_lee_architecture_1035602_diagrams_p_mycelial_hut_yong_ju_lee_architecture_1035602_diagram_2']",[],Sustainability|Mycelium|Bamboo|Timber|Natural Materials|Modernist|Residential|Fragmented Massing|Natural Ventilation|Thermal Mass|Open Plan|Eco-Friendly|Passive Design|Rural Context|Low-Impact Structure|Biodegradable Materials|Natural Light|Local Resources|Green Architecture|Landscape Architecture|Interactive Space|Environmental Harmony|Community Use|Climate-Responsive Design|Modular Construction|Low Carbon Footprint|Social Engagement|Ecological Integration|Innovative Use Of Materials|Small Footprint|Affordable Housing,0.0,0.0,Yong Ju Lee Architecture,,,,2024.0,0.0,1.0
p_mycelial_hut_yong_ju_lee_architecture_1035602_exteriors_p_mycelial_hut_yong_ju_lee_architecture_1035602,Mycelial Hut Yong Ju Lee Architecture 1035602 Exteriors P Mycelial Hut Yong Ju Lee Architecture,unknown,unknown,unknown,unknown,unknown,"['i_p_mycelial_hut_yong_ju_lee_architecture_1035602_exteriors_p_mycelial_hut_yong_ju_lee_architecture_1035602_p_mycelial_hut_yong_ju_lee_architecture_1035602_exteriors_p_mycelial_hut_yong_ju_lee_architecture_1035602_exterior_1', 'i_p_mycelial_hut_yong_ju_lee_architecture_1035602_exteriors_p_mycelial_hut_yong_ju_lee_architecture_1035602_p_mycelial_hut_yong_ju_lee_architecture_1035602_exteriors_p_mycelial_hut_yong_ju_lee_architecture_1035602_exterior_2', 'i_p_mycelial_hut_yong_ju_lee_architecture_1035602_exteriors_p_mycelial_hut_yong_ju_lee_architecture_1035602_p_mycelial_hut_yong_ju_lee_architecture_1035602_exteriors_p_mycelial_hut_yong_ju_lee_architecture_1035602_exterior_3', 'i_p_mycelial_hut_yong_ju_lee_architecture_1035602_exteriors_p_mycelial_hut_yong_ju_lee_architecture_1035602_p_mycelial_hut_yong_ju_lee_architecture_1035602_exteriors_p_mycelial_hut_yong_ju_lee_architecture_1035602_exterior_4', 'i_p_mycelial_hut_yong_ju_lee_architecture_1035602_exteriors_p_mycelial_hut_yong_ju_lee_architecture_1035602_p_mycelial_hut_yong_ju_lee_architecture_1035602_exteriors_p_mycelial_hut_yong_ju_lee_architecture_1035602_exterior_5']",[],Sustainability|Mycelium|Bamboo|Timber|Natural Materials|Modernist|Residential|Fragmented Massing|Natural Ventilation|Thermal Mass|Open Plan|Eco-Friendly|Passive Design|Rural Context|Low-Impact Structure|Biodegradable Materials|Natural Light|Local Resources|Green Architecture|Landscape Architecture|Interactive Space|Environmental Harmony|Community Use|Climate-Responsive Design|Modular Construction|Low Carbon Footprint|Social Engagement|Ecological Integration|Innovative Use Of Materials|Small Footprint|Affordable Housing,0.0,0.0,Yong Ju Lee Architecture,,,,2024.0,0.0,1.0
p_mycelial_hut_yong_ju_lee_architecture_1035602_interiors_p_mycelial_hut_yong_ju_lee_architecture_1035602,Mycelial Hut Yong Ju Lee Architecture 1035602 Interiors P Mycelial Hut Yong Ju Lee Architecture,unknown,unknown,unknown,unknown,unknown,"['i_p_mycelial_hut_yong_ju_lee_architecture_1035602_interiors_p_mycelial_hut_yong_ju_lee_architecture_1035602_p_mycelial_hut_yong_ju_lee_architecture_1035602_interiors_p_mycelial_hut_yong_ju_lee_architecture_1035602_interior_1', 'i_p_mycelial_hut_yong_ju_lee_architecture_1035602_interiors_p_mycelial_hut_yong_ju_lee_architecture_1035602_p_mycelial_hut_yong_ju_lee_architecture_1035602_interiors_p_mycelial_hut_yong_ju_lee_architecture_1035602_interior_2']",[],Sustainability|Mycelium|Bamboo|Timber|Natural Materials|Modernist|Residential|Fragmented Massing|Natural Ventilation|Thermal Mass|Open Plan|Eco-Friendly|Passive Design|Rural Context|Low-Impact Structure|Biodegradable Materials|Natural Light|Local Resources|Green Architecture|Landscape Architecture|Interactive Space|Environmental Harmony|Community Use|Climate-Responsive Design|Modular Construction|Low Carbon Footprint|Social Engagement|Ecological Integration|Innovative Use Of Materials|Small Footprint|Affordable Housing,0.0,0.0,Yong Ju Lee Architecture,,,,2024.0,0.0,1.0
p_nara_church_arkpro_studio_albania_1027588_diagrams_p_nara_church_arkpro_studio_albania_1027588,Nara Church Arkpro Studio Albania 1027588 Diagrams P Nara Church Arkpro Studio Albania,unknown,unknown,unknown,unknown,unknown,"['i_p_nara_church_arkpro_studio_albania_1027588_diagrams_p_nara_church_arkpro_studio_albania_1027588_p_nara_church_arkpro_studio_albania_1027588_diagrams_p_nara_church_arkpro_studio_albania_1027588_diagram_1', 'i_p_nara_church_arkpro_studio_albania_1027588_diagrams_p_nara_church_arkpro_studio_albania_1027588_p_nara_church_arkpro_studio_albania_1027588_diagrams_p_nara_church_arkpro_studio_albania_1027588_diagram_2', 'i_p_nara_church_arkpro_studio_albania_1027588_diagrams_p_nara_church_arkpro_studio_albania_1027588_p_nara_church_arkpro_studio_albania_1027588_diagrams_p_nara_church_arkpro_studio_albania_1027588_diagram_3']",[],Concrete|Glass|Modernist|Fragmented|Sustainable|Religious|Community|Natural Ventilation|Solar Panels|Spatial Organization|Natural Lighting|Ceramic Tiles|Timber|Artificial Lighting|Overhangs|Rainwater Harvesting|Urban|Southern Orientation|Community Hub|Enhanced Acoustic Design|Green Design|Contemporary|Energy Efficiency|Passive Strategies|Central Circulation|Worship Space|Functional Architecture|Local Materials|Design Interaction|Integrated Landscape|Köppen Cfa,41.153332,20.168331,Arkpro Studio,Nara,,,2024.0,0.0,1.0
p_nara_church_arkpro_studio_albania_1027588_exteriors_p_nara_church_arkpro_studio_albania_1027588,Nara Church Arkpro Studio Albania 1027588 Exteriors P Nara Church Arkpro Studio Albania,unknown,unknown,unknown,unknown,unknown,"['i_p_nara_church_arkpro_studio_albania_1027588_exteriors_p_nara_church_arkpro_studio_albania_1027588_p_nara_church_arkpro_studio_albania_1027588_exteriors_p_nara_church_arkpro_studio_albania_1027588_exterior_1', 'i_p_nara_church_arkpro_studio_albania_1027588_exteriors_p_nara_church_arkpro_studio_albania_1027588_p_nara_church_arkpro_studio_albania_1027588_exteriors_p_nara_church_arkpro_studio_albania_1027588_exterior_2', 'i_p_nara_church_arkpro_studio_albania_1027588_exteriors_p_nara_church_arkpro_studio_albania_1027588_p_nara_church_arkpro_studio_albania_1027588_exteriors_p_nara_church_arkpro_studio_albania_1027588_exterior_3', 'i_p_nara_church_arkpro_studio_albania_1027588_exteriors_p_nara_church_arkpro_studio_albania_1027588_p_nara_church_arkpro_studio_albania_1027588_exteriors_p_nara_church_arkpro_studio_albania_1027588_exterior_4', 'i_p_nara_church_arkpro_studio_albania_1027588_exteriors_p_nara_church_arkpro_studio_albania_1027588_p_nara_church_arkpro_studio_albania_1027588_exteriors_p_nara_church_arkpro_studio_albania_1027588_exterior_5']",[],Concrete|Glass|Modernist|Fragmented|Sustainable|Religious|Community|Natural Ventilation|Solar Panels|Spatial Organization|Natural Lighting|Ceramic Tiles|Timber|Artificial Lighting|Overhangs|Rainwater Harvesting|Urban|Southern Orientation|Community Hub|Enhanced Acoustic Design|Green Design|Contemporary|Energy Efficiency|Passive Strategies|Central Circulation|Worship Space|Functional Architecture|Local Materials|Design Interaction|Integrated Landscape|Köppen Cfa,41.153332,20.168331,Arkpro Studio,Nara,,,2024.0,0.0,1.0
p_nara_church_arkpro_studio_albania_1027588_interiors_p_nara_church_arkpro_studio_albania_1027588,Nara Church Arkpro Studio Albania 1027588 Interiors P Nara Church Arkpro Studio Albania,unknown,unknown,unknown,unknown,unknown,"['i_p_nara_church_arkpro_studio_albania_1027588_interiors_p_nara_church_arkpro_studio_albania_1027588_p_nara_church_arkpro_studio_albania_1027588_interiors_p_nara_church_arkpro_studio_albania_1027588_interior_1', 'i_p_nara_church_arkpro_studio_albania_1027588_interiors_p_nara_church_arkpro_studio_albania_1027588_p_nara_church_arkpro_studio_albania_1027588_interiors_p_nara_church_arkpro_studio_albania_1027588_interior_2']",[],Concrete|Glass|Modernist|Fragmented|Sustainable|Religious|Community|Natural Ventilation|Solar Panels|Spatial Organization|Natural Lighting|Ceramic Tiles|Timber|Artificial Lighting|Overhangs|Rainwater Harvesting|Urban|Southern Orientation|Community Hub|Enhanced Acoustic Design|Green Design|Contemporary|Energy Efficiency|Passive Strategies|Central Circulation|Worship Space|Functional Architecture|Local Materials|Design Interaction|Integrated Landscape|Köppen Cfa,41.153332,20.168331,Arkpro Studio,Nara,,,2024.0,0.0,1.0
p_neighborhood_center_augustin_nbundm_1034673_diagrams_p_neighborhood_center_augustin_nbundm_1034673,Neighborhood Center Augustin Nbundm 1034673 Diagrams P Neighborhood Center Augustin Nbundm,unknown,unknown,unknown,unknown,unknown,['i_p_neighborhood_center_augustin_nbundm_1034673_diagrams_p_neighborhood_center_augustin_nbundm_1034673_p_neighborhood_center_augustin_nbundm_1034673_diagrams_p_neighborhood_center_augustin_nbundm_1034673_diagram_1'],[],Community Center|Mixed-Use|Sustainable Architecture|Modernist|Brick|Glass|Reinforced Concrete|Natural Ventilation|Solar Panels|Green Roof|Open Plan|Courtyard|Urban Context|Multifunctional Space|Daylighting|Recreational Spaces|Educational Facilities|Public Transportation Access|Central Circulation|Communal Gardens|Acoustic Design|Thermal Mass|Natural Materials|Nieghborhood Engagement|Wellness|Community Programs|Urban Integration|Collaborative Spaces|Accessible Design|User-Centered|Flexible Design|Environmental Impact,48.7667395,11.4226498,Nbundm Architecture,Munich,,,2024.0,1200.0,2.0
p_neighborhood_center_augustin_nbundm_1034673_exteriors_p_neighborhood_center_augustin_nbundm_1034673,Neighborhood Center Augustin Nbundm 1034673 Exteriors P Neighborhood Center Augustin Nbundm,unknown,unknown,unknown,unknown,unknown,"['i_p_neighborhood_center_augustin_nbundm_1034673_exteriors_p_neighborhood_center_augustin_nbundm_1034673_p_neighborhood_center_augustin_nbundm_1034673_exteriors_p_neighborhood_center_augustin_nbundm_1034673_exterior_1', 'i_p_neighborhood_center_augustin_nbundm_1034673_exteriors_p_neighborhood_center_augustin_nbundm_1034673_p_neighborhood_center_augustin_nbundm_1034673_exteriors_p_neighborhood_center_augustin_nbundm_1034673_exterior_2', 'i_p_neighborhood_center_augustin_nbundm_1034673_exteriors_p_neighborhood_center_augustin_nbundm_1034673_p_neighborhood_center_augustin_nbundm_1034673_exteriors_p_neighborhood_center_augustin_nbundm_1034673_exterior_3', 'i_p_neighborhood_center_augustin_nbundm_1034673_exteriors_p_neighborhood_center_augustin_nbundm_1034673_p_neighborhood_center_augustin_nbundm_1034673_exteriors_p_neighborhood_center_augustin_nbundm_1034673_exterior_4', 'i_p_neighborhood_center_augustin_nbundm_1034673_exteriors_p_neighborhood_center_augustin_nbundm_1034673_p_neighborhood_center_augustin_nbundm_1034673_exteriors_p_neighborhood_center_augustin_nbundm_1034673_exterior_5']",[],Community Center|Mixed-Use|Sustainable Architecture|Modernist|Brick|Glass|Reinforced Concrete|Natural Ventilation|Solar Panels|Green Roof|Open Plan|Courtyard|Urban Context|Multifunctional Space|Daylighting|Recreational Spaces|Educational Facilities|Public Transportation Access|Central Circulation|Communal Gardens|Acoustic Design|Thermal Mass|Natural Materials|Nieghborhood Engagement|Wellness|Community Programs|Urban Integration|Collaborative Spaces|Accessible Design|User-Centered|Flexible Design|Environmental Impact,48.7667395,11.4226498,Nbundm Architecture,Munich,,,2024.0,1200.0,2.0
p_neighborhood_center_augustin_nbundm_1034673_interiors_p_neighborhood_center_augustin_nbundm_1034673,Neighborhood Center Augustin Nbundm 1034673 Interiors P Neighborhood Center Augustin Nbundm,unknown,unknown,unknown,unknown,unknown,"['i_p_neighborhood_center_augustin_nbundm_1034673_interiors_p_neighborhood_center_augustin_nbundm_1034673_p_neighborhood_center_augustin_nbundm_1034673_interiors_p_neighborhood_center_augustin_nbundm_1034673_interior_1', 'i_p_neighborhood_center_augustin_nbundm_1034673_interiors_p_neighborhood_center_augustin_nbundm_1034673_p_neighborhood_center_augustin_nbundm_1034673_interiors_p_neighborhood_center_augustin_nbundm_1034673_interior_2', 'i_p_neighborhood_center_augustin_nbundm_1034673_interiors_p_neighborhood_center_augustin_nbundm_1034673_p_neighborhood_center_augustin_nbundm_1034673_interiors_p_neighborhood_center_augustin_nbundm_1034673_interior_3']",[],Community Center|Mixed-Use|Sustainable Architecture|Modernist|Brick|Glass|Reinforced Concrete|Natural Ventilation|Solar Panels|Green Roof|Open Plan|Courtyard|Urban Context|Multifunctional Space|Daylighting|Recreational Spaces|Educational Facilities|Public Transportation Access|Central Circulation|Communal Gardens|Acoustic Design|Thermal Mass|Natural Materials|Nieghborhood Engagement|Wellness|Community Programs|Urban Integration|Collaborative Spaces|Accessible Design|User-Centered|Flexible Design|Environmental Impact,48.7667395,11.4226498,Nbundm Architecture,Munich,,,2024.0,1200.0,2.0
p_new_apostolic_church_bez_kock_architekte_1027905_diagrams_p_new_apostolic_church_bez_kock_architekte_1027905,New Apostolic Church Bez Kock Architekte 1027905 Diagrams P New Apostolic Church Bez Kock Architekte,unknown,unknown,unknown,unknown,unknown,"['i_p_new_apostolic_church_bez_kock_architekte_1027905_diagrams_p_new_apostolic_church_bez_kock_architekte_1027905_p_new_apostolic_church_bez_kock_architekte_1027905_diagrams_p_new_apostolic_church_bez_kock_architekte_1027905_diagram_1', 'i_p_new_apostolic_church_bez_kock_architekte_1027905_diagrams_p_new_apostolic_church_bez_kock_architekte_1027905_p_new_apostolic_church_bez_kock_architekte_1027905_diagrams_p_new_apostolic_church_bez_kock_architekte_1027905_diagram_2']",[],Concrete|Glass|Religious|Modernist|Sustainable|Natural Ventilation|Open Plan|Community Space|Thermal Mass|Green Roof|Central Circulation|Skylights|High-Performance Glazing|Indoor Lighting|Urban Suburban Context|Contemporary Design|Floristic Landscaping|Gathering Spaces|Ceramic Tiles|Wood Interiors|Overhangs|Facade Articulation|Social Engagement|Natural Daylighting|Thermal Comfort|Energy Efficiency|Community Hub|Inclusivity|Adaptive Reuse,51.165691,10.451526,Bez Kock Architekte,,,,2024.0,0.0,1.0
p_new_apostolic_church_bez_kock_architekte_1027905_exteriors_p_new_apostolic_church_bez_kock_architekte_1027905,New Apostolic Church Bez Kock Architekte 1027905 Exteriors P New Apostolic Church Bez Kock Architekte,unknown,unknown,unknown,unknown,unknown,"['i_p_new_apostolic_church_bez_kock_architekte_1027905_exteriors_p_new_apostolic_church_bez_kock_architekte_1027905_p_new_apostolic_church_bez_kock_architekte_1027905_exteriors_p_new_apostolic_church_bez_kock_architekte_1027905_exterior_1', 'i_p_new_apostolic_church_bez_kock_architekte_1027905_exteriors_p_new_apostolic_church_bez_kock_architekte_1027905_p_new_apostolic_church_bez_kock_architekte_1027905_exteriors_p_new_apostolic_church_bez_kock_architekte_1027905_exterior_2', 'i_p_new_apostolic_church_bez_kock_architekte_1027905_exteriors_p_new_apostolic_church_bez_kock_architekte_1027905_p_new_apostolic_church_bez_kock_architekte_1027905_exteriors_p_new_apostolic_church_bez_kock_architekte_1027905_exterior_3']",[],Concrete|Glass|Religious|Modernist|Sustainable|Natural Ventilation|Open Plan|Community Space|Thermal Mass|Green Roof|Central Circulation|Skylights|High-Performance Glazing|Indoor Lighting|Urban Suburban Context|Contemporary Design|Floristic Landscaping|Gathering Spaces|Ceramic Tiles|Wood Interiors|Overhangs|Facade Articulation|Social Engagement|Natural Daylighting|Thermal Comfort|Energy Efficiency|Community Hub|Inclusivity|Adaptive Reuse,51.165691,10.451526,Bez Kock Architekte,,,,2024.0,0.0,1.0
p_new_apostolic_church_bez_kock_architekte_1027905_interiors_p_new_apostolic_church_bez_kock_architekte_1027905,New Apostolic Church Bez Kock Architekte 1027905 Interiors P New Apostolic Church Bez Kock Architekte,unknown,unknown,unknown,unknown,unknown,"['i_p_new_apostolic_church_bez_kock_architekte_1027905_interiors_p_new_apostolic_church_bez_kock_architekte_1027905_p_new_apostolic_church_bez_kock_architekte_1027905_interiors_p_new_apostolic_church_bez_kock_architekte_1027905_interior_1', 'i_p_new_apostolic_church_bez_kock_architekte_1027905_interiors_p_new_apostolic_church_bez_kock_architekte_1027905_p_new_apostolic_church_bez_kock_architekte_1027905_interiors_p_new_apostolic_church_bez_kock_architekte_1027905_interior_2', 'i_p_new_apostolic_church_bez_kock_architekte_1027905_interiors_p_new_apostolic_church_bez_kock_architekte_1027905_p_new_apostolic_church_bez_kock_architekte_1027905_interiors_p_new_apostolic_church_bez_kock_architekte_1027905_interior_3', 'i_p_new_apostolic_church_bez_kock_architekte_1027905_interiors_p_new_apostolic_church_bez_kock_architekte_1027905_p_new_apostolic_church_bez_kock_architekte_1027905_interiors_p_new_apostolic_church_bez_kock_architekte_1027905_interior_4']",[],Concrete|Glass|Religious|Modernist|Sustainable|Natural Ventilation|Open Plan|Community Space|Thermal Mass|Green Roof|Central Circulation|Skylights|High-Performance Glazing|Indoor Lighting|Urban Suburban Context|Contemporary Design|Floristic Landscaping|Gathering Spaces|Ceramic Tiles|Wood Interiors|Overhangs|Facade Articulation|Social Engagement|Natural Daylighting|Thermal Comfort|Energy Efficiency|Community Hub|Inclusivity|Adaptive Reuse,51.165691,10.451526,Bez Kock Architekte,,,,2024.0,0.0,1.0
p_new_churches_st_luke_st_matthew_meixner_1027333_diagrams_p_new_churches_st_luke_st_matthew_meixner_1027333,New Churches St Luke St Matthew Meixner 1027333 Diagrams P New Churches St Luke St Matthew Meixner,unknown,unknown,unknown,unknown,unknown,['i_p_new_churches_st_luke_st_matthew_meixner_1027333_diagrams_p_new_churches_st_luke_st_matthew_meixner_1027333_p_new_churches_st_luke_st_matthew_meixner_1027333_diagrams_p_new_churches_st_luke_st_matthew_meixner_1027333_diagram_1'],[],Concrete|Glass|Modernist|Religious|Linear|Central|Sustainable|Community Space|Natural Ventilation|Energy-Efficient|Daylight|Worship Space|Gathering Area|Spiritual|Large Windows|Traditional|Contemporary|Landscaping|Urban|Suburban|Flat Site|Passive Solar|Interior Wood|Artificial Lighting|Overhangs|Landscape Integration|Spatial Efficiency|Open Plan|Community Facility|Concrete Frame,51.165691,10.451526,Meixner Schlüter Wendt,,,,2024.0,0.0,1.0
p_new_churches_st_luke_st_matthew_meixner_1027333_exteriors_p_new_churches_st_luke_st_matthew_meixner_1027333,New Churches St Luke St Matthew Meixner 1027333 Exteriors P New Churches St Luke St Matthew Meixner,unknown,unknown,unknown,unknown,unknown,"['i_p_new_churches_st_luke_st_matthew_meixner_1027333_exteriors_p_new_churches_st_luke_st_matthew_meixner_1027333_p_new_churches_st_luke_st_matthew_meixner_1027333_exteriors_p_new_churches_st_luke_st_matthew_meixner_1027333_exterior_1', 'i_p_new_churches_st_luke_st_matthew_meixner_1027333_exteriors_p_new_churches_st_luke_st_matthew_meixner_1027333_p_new_churches_st_luke_st_matthew_meixner_1027333_exteriors_p_new_churches_st_luke_st_matthew_meixner_1027333_exterior_2', 'i_p_new_churches_st_luke_st_matthew_meixner_1027333_exteriors_p_new_churches_st_luke_st_matthew_meixner_1027333_p_new_churches_st_luke_st_matthew_meixner_1027333_exteriors_p_new_churches_st_luke_st_matthew_meixner_1027333_exterior_3']",[],Concrete|Glass|Modernist|Religious|Linear|Central|Sustainable|Community Space|Natural Ventilation|Energy-Efficient|Daylight|Worship Space|Gathering Area|Spiritual|Large Windows|Traditional|Contemporary|Landscaping|Urban|Suburban|Flat Site|Passive Solar|Interior Wood|Artificial Lighting|Overhangs|Landscape Integration|Spatial Efficiency|Open Plan|Community Facility|Concrete Frame,51.165691,10.451526,Meixner Schlüter Wendt,,,,2024.0,0.0,1.0
p_new_churches_st_luke_st_matthew_meixner_1027333_interiors_p_new_churches_st_luke_st_matthew_meixner_1027333,New Churches St Luke St Matthew Meixner 1027333 Interiors P New Churches St Luke St Matthew Meixner,unknown,unknown,unknown,unknown,unknown,"['i_p_new_churches_st_luke_st_matthew_meixner_1027333_interiors_p_new_churches_st_luke_st_matthew_meixner_1027333_p_new_churches_st_luke_st_matthew_meixner_1027333_interiors_p_new_churches_st_luke_st_matthew_meixner_1027333_interior_1', 'i_p_new_churches_st_luke_st_matthew_meixner_1027333_interiors_p_new_churches_st_luke_st_matthew_meixner_1027333_p_new_churches_st_luke_st_matthew_meixner_1027333_interiors_p_new_churches_st_luke_st_matthew_meixner_1027333_interior_2', 'i_p_new_churches_st_luke_st_matthew_meixner_1027333_interiors_p_new_churches_st_luke_st_matthew_meixner_1027333_p_new_churches_st_luke_st_matthew_meixner_1027333_interiors_p_new_churches_st_luke_st_matthew_meixner_1027333_interior_3', 'i_p_new_churches_st_luke_st_matthew_meixner_1027333_interiors_p_new_churches_st_luke_st_matthew_meixner_1027333_p_new_churches_st_luke_st_matthew_meixner_1027333_interiors_p_new_churches_st_luke_st_matthew_meixner_1027333_interior_4', 'i_p_new_churches_st_luke_st_matthew_meixner_1027333_interiors_p_new_churches_st_luke_st_matthew_meixner_1027333_p_new_churches_st_luke_st_matthew_meixner_1027333_interiors_p_new_churches_st_luke_st_matthew_meixner_1027333_interior_5']",[],Concrete|Glass|Modernist|Religious|Linear|Central|Sustainable|Community Space|Natural Ventilation|Energy-Efficient|Daylight|Worship Space|Gathering Area|Spiritual|Large Windows|Traditional|Contemporary|Landscaping|Urban|Suburban|Flat Site|Passive Solar|Interior Wood|Artificial Lighting|Overhangs|Landscape Integration|Spatial Efficiency|Open Plan|Community Facility|Concrete Frame,51.165691,10.451526,Meixner Schlüter Wendt,,,,2024.0,0.0,1.0
p_new_science_and_technology_museum_of_hen_1034203_exteriors_p_new_science_and_technology_museum_of_hen_1034203,New Science And Technology Museum Of Hen 1034203 Exteriors P New Science And Technology Museum Of Hen,unknown,unknown,unknown,unknown,unknown,"['i_p_new_science_and_technology_museum_of_hen_1034203_exteriors_p_new_science_and_technology_museum_of_hen_1034203_p_new_science_and_technology_museum_of_hen_1034203_exteriors_p_new_science_and_technology_museum_of_hen_1034203_exterior_1', 'i_p_new_science_and_technology_museum_of_hen_1034203_exteriors_p_new_science_and_technology_museum_of_hen_1034203_p_new_science_and_technology_museum_of_hen_1034203_exteriors_p_new_science_and_technology_museum_of_hen_1034203_exterior_2', 'i_p_new_science_and_technology_museum_of_hen_1034203_exteriors_p_new_science_and_technology_museum_of_hen_1034203_p_new_science_and_technology_museum_of_hen_1034203_exteriors_p_new_science_and_technology_museum_of_hen_1034203_exterior_3', 'i_p_new_science_and_technology_museum_of_hen_1034203_exteriors_p_new_science_and_technology_museum_of_hen_1034203_p_new_science_and_technology_museum_of_hen_1034203_exteriors_p_new_science_and_technology_museum_of_hen_1034203_exterior_4', 'i_p_new_science_and_technology_museum_of_hen_1034203_exteriors_p_new_science_and_technology_museum_of_hen_1034203_p_new_science_and_technology_museum_of_hen_1034203_exteriors_p_new_science_and_technology_museum_of_hen_1034203_exterior_5']",[],Museum|Cultural|Concrete|Glass|Fragmented|Educational|Interactive|Sustainable Design|Green Roof|Solar Energy|Natural Ventilation|High-Performance Glazing|Urban|Exhibition Space|Daylighting|Public Engagement|Exhibition Hall|Community Space|Education Center|Heating Systems|Ventilation Systems|Metal Cladding|Environmentally Friendly|Modern Architecture|Tropical Climate|Natural Materials|Recycling|Landscaping|Public Science Engagement|Modernist,25.486755,28.98142739999999,Not Specified,Hen,,,2024.0,0.0,3.0
p_new_science_and_technology_museum_of_hen_1034203_interiors_p_new_science_and_technology_museum_of_hen_1034203,New Science And Technology Museum Of Hen 1034203 Interiors P New Science And Technology Museum Of Hen,unknown,unknown,unknown,unknown,unknown,"['i_p_new_science_and_technology_museum_of_hen_1034203_interiors_p_new_science_and_technology_museum_of_hen_1034203_p_new_science_and_technology_museum_of_hen_1034203_interiors_p_new_science_and_technology_museum_of_hen_1034203_interior_1', 'i_p_new_science_and_technology_museum_of_hen_1034203_interiors_p_new_science_and_technology_museum_of_hen_1034203_p_new_science_and_technology_museum_of_hen_1034203_interiors_p_new_science_and_technology_museum_of_hen_1034203_interior_2', 'i_p_new_science_and_technology_museum_of_hen_1034203_interiors_p_new_science_and_technology_museum_of_hen_1034203_p_new_science_and_technology_museum_of_hen_1034203_interiors_p_new_science_and_technology_museum_of_hen_1034203_interior_3']",[],Museum|Cultural|Concrete|Glass|Fragmented|Educational|Interactive|Sustainable Design|Green Roof|Solar Energy|Natural Ventilation|High-Performance Glazing|Urban|Exhibition Space|Daylighting|Public Engagement|Exhibition Hall|Community Space|Education Center|Heating Systems|Ventilation Systems|Metal Cladding|Environmentally Friendly|Modern Architecture|Tropical Climate|Natural Materials|Recycling|Landscaping|Public Science Engagement|Modernist,25.486755,28.98142739999999,Not Specified,Hen,,,2024.0,0.0,3.0
p_new_taipei_city_art_museum_kris_yao_arte_1023080_diagrams_p_new_taipei_city_art_museum_kris_yao_arte_1023080,New Taipei City Art Museum Kris Yao Arte 1023080 Diagrams P New Taipei City Art Museum Kris Yao Arte,unknown,unknown,unknown,unknown,unknown,['i_p_new_taipei_city_art_museum_kris_yao_arte_1023080_diagrams_p_new_taipei_city_art_museum_kris_yao_arte_1023080_p_new_taipei_city_art_museum_kris_yao_arte_1023080_diagrams_p_new_taipei_city_art_museum_kris_yao_arte_1023080_diagram_1'],[],Museum|Kris Yao|Concrete|Glass|Modernist|Fragmented|Cultural|Sustainable|Urban|Natural Ventilation|Daylighting|Public Plaza|Art Exhibitions|Community Engagement|Energy Efficiency|High-Performance Glazing|Polished Concrete|Landscaping|Interconnected Spaces|Open Galleries|Taiwan|Asia|Contemporary Architecture|Green Roofs|Art Museum|Community Hub|Adaptive Reuse|Urban Design|Modern Architecture|Thermal Mass|Exhibition Spaces|Architectural Innovation,25.0169826,121.4627868,Kris Yao,New Taipei City,,,2024.0,0.0,0.0
p_new_taipei_city_art_museum_kris_yao_arte_1023080_exteriors_p_new_taipei_city_art_museum_kris_yao_arte_1023080,New Taipei City Art Museum Kris Yao Arte 1023080 Exteriors P New Taipei City Art Museum Kris Yao Arte,unknown,unknown,unknown,unknown,unknown,"['i_p_new_taipei_city_art_museum_kris_yao_arte_1023080_exteriors_p_new_taipei_city_art_museum_kris_yao_arte_1023080_p_new_taipei_city_art_museum_kris_yao_arte_1023080_exteriors_p_new_taipei_city_art_museum_kris_yao_arte_1023080_exterior_1', 'i_p_new_taipei_city_art_museum_kris_yao_arte_1023080_exteriors_p_new_taipei_city_art_museum_kris_yao_arte_1023080_p_new_taipei_city_art_museum_kris_yao_arte_1023080_exteriors_p_new_taipei_city_art_museum_kris_yao_arte_1023080_exterior_2']",[],Museum|Kris Yao|Concrete|Glass|Modernist|Fragmented|Cultural|Sustainable|Urban|Natural Ventilation|Daylighting|Public Plaza|Art Exhibitions|Community Engagement|Energy Efficiency|High-Performance Glazing|Polished Concrete|Landscaping|Interconnected Spaces|Open Galleries|Taiwan|Asia|Contemporary Architecture|Green Roofs|Art Museum|Community Hub|Adaptive Reuse|Urban Design|Modern Architecture|Thermal Mass|Exhibition Spaces|Architectural Innovation,25.0169826,121.4627868,Kris Yao,New Taipei City,,,2024.0,0.0,0.0
p_new_taipei_city_art_museum_kris_yao_arte_1023080_interiors_p_new_taipei_city_art_museum_kris_yao_arte_1023080,New Taipei City Art Museum Kris Yao Arte 1023080 Interiors P New Taipei City Art Museum Kris Yao Arte,unknown,unknown,unknown,unknown,unknown,"['i_p_new_taipei_city_art_museum_kris_yao_arte_1023080_interiors_p_new_taipei_city_art_museum_kris_yao_arte_1023080_p_new_taipei_city_art_museum_kris_yao_arte_1023080_interiors_p_new_taipei_city_art_museum_kris_yao_arte_1023080_interior_1', 'i_p_new_taipei_city_art_museum_kris_yao_arte_1023080_interiors_p_new_taipei_city_art_museum_kris_yao_arte_1023080_p_new_taipei_city_art_museum_kris_yao_arte_1023080_interiors_p_new_taipei_city_art_museum_kris_yao_arte_1023080_interior_2']",[],Museum|Kris Yao|Concrete|Glass|Modernist|Fragmented|Cultural|Sustainable|Urban|Natural Ventilation|Daylighting|Public Plaza|Art Exhibitions|Community Engagement|Energy Efficiency|High-Performance Glazing|Polished Concrete|Landscaping|Interconnected Spaces|Open Galleries|Taiwan|Asia|Contemporary Architecture|Green Roofs|Art Museum|Community Hub|Adaptive Reuse|Urban Design|Modern Architecture|Thermal Mass|Exhibition Spaces|Architectural Innovation,25.0169826,121.4627868,Kris Yao,New Taipei City,,,2024.0,0.0,0.0
p_nhm_commons_museum_wing_and_community_hu_1023820_diagrams_p_nhm_commons_museum_wing_and_community_hu_1023820,Nhm Commons Museum Wing And Community Hu 1023820 Diagrams P Nhm Commons Museum Wing And Community Hu,unknown,unknown,unknown,unknown,unknown,"['i_p_nhm_commons_museum_wing_and_community_hu_1023820_diagrams_p_nhm_commons_museum_wing_and_community_hu_1023820_p_nhm_commons_museum_wing_and_community_hu_1023820_diagrams_p_nhm_commons_museum_wing_and_community_hu_1023820_diagram_1', 'i_p_nhm_commons_museum_wing_and_community_hu_1023820_diagrams_p_nhm_commons_museum_wing_and_community_hu_1023820_p_nhm_commons_museum_wing_and_community_hu_1023820_diagrams_p_nhm_commons_museum_wing_and_community_hu_1023820_diagram_2', 'i_p_nhm_commons_museum_wing_and_community_hu_1023820_diagrams_p_nhm_commons_museum_wing_and_community_hu_1023820_p_nhm_commons_museum_wing_and_community_hu_1023820_diagrams_p_nhm_commons_museum_wing_and_community_hu_1023820_diagram_3']",[],Museum|Community Hub|Los Angeles|Cultural Space|Modern Architecture|Sustainability|Natural Lighting|Green Roof|Education|Exhibition|Community Engagement|Concrete|Glass|Fragmented Design|Urban Architecture|Public Space|Low-Emissivity Glass|Natural Ventilation|Interaction Spaces|Cultural Exhibitions|Environmentally Friendly|Open Spaces|Daylighting|Natural Materials|Urban Design|Architectural Innovation|Community-Focused|Events Space|Sustainable Design|Modernist,34.0549076,-118.242643,Unknown,Los Angeles,,,2024.0,0.0,2.0
p_nhm_commons_museum_wing_and_community_hu_1023820_exteriors_p_nhm_commons_museum_wing_and_community_hu_1023820,Nhm Commons Museum Wing And Community Hu 1023820 Exteriors P Nhm Commons Museum Wing And Community Hu,unknown,unknown,unknown,unknown,unknown,"['i_p_nhm_commons_museum_wing_and_community_hu_1023820_exteriors_p_nhm_commons_museum_wing_and_community_hu_1023820_p_nhm_commons_museum_wing_and_community_hu_1023820_exteriors_p_nhm_commons_museum_wing_and_community_hu_1023820_exterior_1', 'i_p_nhm_commons_museum_wing_and_community_hu_1023820_exteriors_p_nhm_commons_museum_wing_and_community_hu_1023820_p_nhm_commons_museum_wing_and_community_hu_1023820_exteriors_p_nhm_commons_museum_wing_and_community_hu_1023820_exterior_2']",[],Museum|Community Hub|Los Angeles|Cultural Space|Modern Architecture|Sustainability|Natural Lighting|Green Roof|Education|Exhibition|Community Engagement|Concrete|Glass|Fragmented Design|Urban Architecture|Public Space|Low-Emissivity Glass|Natural Ventilation|Interaction Spaces|Cultural Exhibitions|Environmentally Friendly|Open Spaces|Daylighting|Natural Materials|Urban Design|Architectural Innovation|Community-Focused|Events Space|Sustainable Design|Modernist,34.0549076,-118.242643,Unknown,Los Angeles,,,2024.0,0.0,2.0
p_nhm_commons_museum_wing_and_community_hu_1023820_interiors_p_nhm_commons_museum_wing_and_community_hu_1023820,Nhm Commons Museum Wing And Community Hu 1023820 Interiors P Nhm Commons Museum Wing And Community Hu,unknown,unknown,unknown,unknown,unknown,"['i_p_nhm_commons_museum_wing_and_community_hu_1023820_interiors_p_nhm_commons_museum_wing_and_community_hu_1023820_p_nhm_commons_museum_wing_and_community_hu_1023820_interiors_p_nhm_commons_museum_wing_and_community_hu_1023820_interior_1', 'i_p_nhm_commons_museum_wing_and_community_hu_1023820_interiors_p_nhm_commons_museum_wing_and_community_hu_1023820_p_nhm_commons_museum_wing_and_community_hu_1023820_interiors_p_nhm_commons_museum_wing_and_community_hu_1023820_interior_2', 'i_p_nhm_commons_museum_wing_and_community_hu_1023820_interiors_p_nhm_commons_museum_wing_and_community_hu_1023820_p_nhm_commons_museum_wing_and_community_hu_1023820_interiors_p_nhm_commons_museum_wing_and_community_hu_1023820_interior_3', 'i_p_nhm_commons_museum_wing_and_community_hu_1023820_interiors_p_nhm_commons_museum_wing_and_community_hu_1023820_p_nhm_commons_museum_wing_and_community_hu_1023820_interiors_p_nhm_commons_museum_wing_and_community_hu_1023820_interior_4', 'i_p_nhm_commons_museum_wing_and_community_hu_1023820_interiors_p_nhm_commons_museum_wing_and_community_hu_1023820_p_nhm_commons_museum_wing_and_community_hu_1023820_interiors_p_nhm_commons_museum_wing_and_community_hu_1023820_interior_5']",[],Museum|Community Hub|Los Angeles|Cultural Space|Modern Architecture|Sustainability|Natural Lighting|Green Roof|Education|Exhibition|Community Engagement|Concrete|Glass|Fragmented Design|Urban Architecture|Public Space|Low-Emissivity Glass|Natural Ventilation|Interaction Spaces|Cultural Exhibitions|Environmentally Friendly|Open Spaces|Daylighting|Natural Materials|Urban Design|Architectural Innovation|Community-Focused|Events Space|Sustainable Design|Modernist,34.0549076,-118.242643,Unknown,Los Angeles,,,2024.0,0.0,2.0
p_no_7_ceramic_art_research_base_phase_one_1022020_diagrams_p_no_7_ceramic_art_research_base_phase_one_1022020,No 7 Ceramic Art Research Base Phase One 1022020 Diagrams P No 7 Ceramic Art Research Base Phase One,unknown,unknown,unknown,unknown,unknown,"['i_p_no_7_ceramic_art_research_base_phase_one_1022020_diagrams_p_no_7_ceramic_art_research_base_phase_one_1022020_p_no_7_ceramic_art_research_base_phase_one_1022020_diagrams_p_no_7_ceramic_art_research_base_phase_one_1022020_diagram_1', 'i_p_no_7_ceramic_art_research_base_phase_one_1022020_diagrams_p_no_7_ceramic_art_research_base_phase_one_1022020_p_no_7_ceramic_art_research_base_phase_one_1022020_diagrams_p_no_7_ceramic_art_research_base_phase_one_1022020_diagram_2', 'i_p_no_7_ceramic_art_research_base_phase_one_1022020_diagrams_p_no_7_ceramic_art_research_base_phase_one_1022020_p_no_7_ceramic_art_research_base_phase_one_1022020_diagrams_p_no_7_ceramic_art_research_base_phase_one_1022020_diagram_3']",[],Ceramic|Cultural|Research Facility|Urban|Modern|Sustainable|Natural Ventilation|Exhibition Space|Educational|Central Circulation|Local Materials|Concrete|Glass|Lightweight|Large Spans|Natural Light|Educational Spaces|Art Studios|Landscape Integrated|Thermal Mass|Passive Design|Collaborative Spaces|Community Engagement|Artist Residency|Circular Shape|Open Plan|High-Performance Glazing|Elevated Spaces|Artistic Functionality|Ceramic Technology,23.0218499,113.12192,Unknown,Unknown,,,2024.0,0.0,2.0
p_no_7_ceramic_art_research_base_phase_one_1022020_exteriors_p_no_7_ceramic_art_research_base_phase_one_1022020,No 7 Ceramic Art Research Base Phase One 1022020 Exteriors P No 7 Ceramic Art Research Base Phase One,unknown,unknown,unknown,unknown,unknown,"['i_p_no_7_ceramic_art_research_base_phase_one_1022020_exteriors_p_no_7_ceramic_art_research_base_phase_one_1022020_p_no_7_ceramic_art_research_base_phase_one_1022020_exteriors_p_no_7_ceramic_art_research_base_phase_one_1022020_exterior_1', 'i_p_no_7_ceramic_art_research_base_phase_one_1022020_exteriors_p_no_7_ceramic_art_research_base_phase_one_1022020_p_no_7_ceramic_art_research_base_phase_one_1022020_exteriors_p_no_7_ceramic_art_research_base_phase_one_1022020_exterior_2', 'i_p_no_7_ceramic_art_research_base_phase_one_1022020_exteriors_p_no_7_ceramic_art_research_base_phase_one_1022020_p_no_7_ceramic_art_research_base_phase_one_1022020_exteriors_p_no_7_ceramic_art_research_base_phase_one_1022020_exterior_3']",[],Ceramic|Cultural|Research Facility|Urban|Modern|Sustainable|Natural Ventilation|Exhibition Space|Educational|Central Circulation|Local Materials|Concrete|Glass|Lightweight|Large Spans|Natural Light|Educational Spaces|Art Studios|Landscape Integrated|Thermal Mass|Passive Design|Collaborative Spaces|Community Engagement|Artist Residency|Circular Shape|Open Plan|High-Performance Glazing|Elevated Spaces|Artistic Functionality|Ceramic Technology,23.0218499,113.12192,Unknown,Unknown,,,2024.0,0.0,2.0
p_no_7_ceramic_art_research_base_phase_one_1022020_interiors_p_no_7_ceramic_art_research_base_phase_one_1022020,No 7 Ceramic Art Research Base Phase One 1022020 Interiors P No 7 Ceramic Art Research Base Phase One,unknown,unknown,unknown,unknown,unknown,"['i_p_no_7_ceramic_art_research_base_phase_one_1022020_interiors_p_no_7_ceramic_art_research_base_phase_one_1022020_p_no_7_ceramic_art_research_base_phase_one_1022020_interiors_p_no_7_ceramic_art_research_base_phase_one_1022020_interior_1', 'i_p_no_7_ceramic_art_research_base_phase_one_1022020_interiors_p_no_7_ceramic_art_research_base_phase_one_1022020_p_no_7_ceramic_art_research_base_phase_one_1022020_interiors_p_no_7_ceramic_art_research_base_phase_one_1022020_interior_2']",[],Ceramic|Cultural|Research Facility|Urban|Modern|Sustainable|Natural Ventilation|Exhibition Space|Educational|Central Circulation|Local Materials|Concrete|Glass|Lightweight|Large Spans|Natural Light|Educational Spaces|Art Studios|Landscape Integrated|Thermal Mass|Passive Design|Collaborative Spaces|Community Engagement|Artist Residency|Circular Shape|Open Plan|High-Performance Glazing|Elevated Spaces|Artistic Functionality|Ceramic Technology,23.0218499,113.12192,Unknown,Unknown,,,2024.0,0.0,2.0
p_north_boulder_library_workac_1030123_exteriors_p_north_boulder_library_workac_1030123,North Boulder Library Workac 1030123 Exteriors P North Boulder Library Workac,unknown,unknown,unknown,unknown,unknown,"['i_p_north_boulder_library_workac_1030123_exteriors_p_north_boulder_library_workac_1030123_p_north_boulder_library_workac_1030123_exteriors_p_north_boulder_library_workac_1030123_exterior_1', 'i_p_north_boulder_library_workac_1030123_exteriors_p_north_boulder_library_workac_1030123_p_north_boulder_library_workac_1030123_exteriors_p_north_boulder_library_workac_1030123_exterior_2', 'i_p_north_boulder_library_workac_1030123_exteriors_p_north_boulder_library_workac_1030123_p_north_boulder_library_workac_1030123_exteriors_p_north_boulder_library_workac_1030123_exterior_3', 'i_p_north_boulder_library_workac_1030123_exteriors_p_north_boulder_library_workac_1030123_p_north_boulder_library_workac_1030123_exteriors_p_north_boulder_library_workac_1030123_exterior_4', 'i_p_north_boulder_library_workac_1030123_exteriors_p_north_boulder_library_workac_1030123_p_north_boulder_library_workac_1030123_exteriors_p_north_boulder_library_workac_1030123_exterior_5']",[],Library|Community Center|Sustainable Architecture|Steel Frame|High-Performance Glazing|Natural Light|Urban Design|Modern|Passive Solar Design|Vegetated Roof|Reading Rooms|Study Areas|Interactive Spaces|Green Building|Energy Efficient|Acoustic Design|Environmental Integration|Local Materials|Outdoor Spaces|Circular Design|Prefab Elements|Central Atrium|Wood Façade|Open Floor Plan|Multipurpose Rooms|Urban Planning|Landscaping|Library Design|Community Facilities|Public Space,40.0189728,-105.2747406,Workac,Boulder,,,2024.0,0.0,2.0
p_north_boulder_library_workac_1030123_interiors_p_north_boulder_library_workac_1030123,North Boulder Library Workac 1030123 Interiors P North Boulder Library Workac,unknown,unknown,unknown,unknown,unknown,"['i_p_north_boulder_library_workac_1030123_interiors_p_north_boulder_library_workac_1030123_p_north_boulder_library_workac_1030123_interiors_p_north_boulder_library_workac_1030123_interior_1', 'i_p_north_boulder_library_workac_1030123_interiors_p_north_boulder_library_workac_1030123_p_north_boulder_library_workac_1030123_interiors_p_north_boulder_library_workac_1030123_interior_2', 'i_p_north_boulder_library_workac_1030123_interiors_p_north_boulder_library_workac_1030123_p_north_boulder_library_workac_1030123_interiors_p_north_boulder_library_workac_1030123_interior_3', 'i_p_north_boulder_library_workac_1030123_interiors_p_north_boulder_library_workac_1030123_p_north_boulder_library_workac_1030123_interiors_p_north_boulder_library_workac_1030123_interior_4']",[],Library|Community Center|Sustainable Architecture|Steel Frame|High-Performance Glazing|Natural Light|Urban Design|Modern|Passive Solar Design|Vegetated Roof|Reading Rooms|Study Areas|Interactive Spaces|Green Building|Energy Efficient|Acoustic Design|Environmental Integration|Local Materials|Outdoor Spaces|Circular Design|Prefab Elements|Central Atrium|Wood Façade|Open Floor Plan|Multipurpose Rooms|Urban Planning|Landscaping|Library Design|Community Facilities|Public Space,40.0189728,-105.2747406,Workac,Boulder,,,2024.0,0.0,2.0
p_nujiang_grand_canyon_bookstore_of_librai_1022326_diagrams_p_nujiang_grand_canyon_bookstore_of_librai_1022326,Nujiang Grand Canyon Bookstore Of Librai 1022326 Diagrams P Nujiang Grand Canyon Bookstore Of Librai,unknown,unknown,unknown,unknown,unknown,"['i_p_nujiang_grand_canyon_bookstore_of_librai_1022326_diagrams_p_nujiang_grand_canyon_bookstore_of_librai_1022326_p_nujiang_grand_canyon_bookstore_of_librai_1022326_diagrams_p_nujiang_grand_canyon_bookstore_of_librai_1022326_diagram_1', 'i_p_nujiang_grand_canyon_bookstore_of_librai_1022326_diagrams_p_nujiang_grand_canyon_bookstore_of_librai_1022326_p_nujiang_grand_canyon_bookstore_of_librai_1022326_diagrams_p_nujiang_grand_canyon_bookstore_of_librai_1022326_diagram_2', 'i_p_nujiang_grand_canyon_bookstore_of_librai_1022326_diagrams_p_nujiang_grand_canyon_bookstore_of_librai_1022326_p_nujiang_grand_canyon_bookstore_of_librai_1022326_diagrams_p_nujiang_grand_canyon_bookstore_of_librai_1022326_diagram_3']",[],Library|Cultural Space|Concrete|Glass|Fragmented Massing|Sustainable Design|Reading Areas|Community Hub|Natural Integration|Yunnan|Modern Architecture|High-Performance Glazing|Natural Ventilation|Green Roof|Thermal Mass|Urban Context|Sloped Site|Passive Design|Overhangs|Environmental Design|Contemporary Architecture|Interaction With Landscape|Public Gathering Space|Workshops|Community Spaces|Local Materials|Architectural Innovation|Environmentally Friendly|Architectural Firm|Canyon View,25.8176299,98.8567,Librai,Nujiang,,,2024.0,0.0,2.0
p_nujiang_grand_canyon_bookstore_of_librai_1022326_exteriors_p_nujiang_grand_canyon_bookstore_of_librai_1022326,Nujiang Grand Canyon Bookstore Of Librai 1022326 Exteriors P Nujiang Grand Canyon Bookstore Of Librai,unknown,unknown,unknown,unknown,unknown,"['i_p_nujiang_grand_canyon_bookstore_of_librai_1022326_exteriors_p_nujiang_grand_canyon_bookstore_of_librai_1022326_p_nujiang_grand_canyon_bookstore_of_librai_1022326_exteriors_p_nujiang_grand_canyon_bookstore_of_librai_1022326_exterior_1', 'i_p_nujiang_grand_canyon_bookstore_of_librai_1022326_exteriors_p_nujiang_grand_canyon_bookstore_of_librai_1022326_p_nujiang_grand_canyon_bookstore_of_librai_1022326_exteriors_p_nujiang_grand_canyon_bookstore_of_librai_1022326_exterior_2', 'i_p_nujiang_grand_canyon_bookstore_of_librai_1022326_exteriors_p_nujiang_grand_canyon_bookstore_of_librai_1022326_p_nujiang_grand_canyon_bookstore_of_librai_1022326_exteriors_p_nujiang_grand_canyon_bookstore_of_librai_1022326_exterior_3', 'i_p_nujiang_grand_canyon_bookstore_of_librai_1022326_exteriors_p_nujiang_grand_canyon_bookstore_of_librai_1022326_p_nujiang_grand_canyon_bookstore_of_librai_1022326_exteriors_p_nujiang_grand_canyon_bookstore_of_librai_1022326_exterior_4', 'i_p_nujiang_grand_canyon_bookstore_of_librai_1022326_exteriors_p_nujiang_grand_canyon_bookstore_of_librai_1022326_p_nujiang_grand_canyon_bookstore_of_librai_1022326_exteriors_p_nujiang_grand_canyon_bookstore_of_librai_1022326_exterior_5']",[],Library|Cultural Space|Concrete|Glass|Fragmented Massing|Sustainable Design|Reading Areas|Community Hub|Natural Integration|Yunnan|Modern Architecture|High-Performance Glazing|Natural Ventilation|Green Roof|Thermal Mass|Urban Context|Sloped Site|Passive Design|Overhangs|Environmental Design|Contemporary Architecture|Interaction With Landscape|Public Gathering Space|Workshops|Community Spaces|Local Materials|Architectural Innovation|Environmentally Friendly|Architectural Firm|Canyon View,25.8176299,98.8567,Librai,Nujiang,,,2024.0,0.0,2.0
p_nujiang_grand_canyon_bookstore_of_librai_1022326_interiors_p_nujiang_grand_canyon_bookstore_of_librai_1022326,Nujiang Grand Canyon Bookstore Of Librai 1022326 Interiors P Nujiang Grand Canyon Bookstore Of Librai,unknown,unknown,unknown,unknown,unknown,"['i_p_nujiang_grand_canyon_bookstore_of_librai_1022326_interiors_p_nujiang_grand_canyon_bookstore_of_librai_1022326_p_nujiang_grand_canyon_bookstore_of_librai_1022326_interiors_p_nujiang_grand_canyon_bookstore_of_librai_1022326_interior_1', 'i_p_nujiang_grand_canyon_bookstore_of_librai_1022326_interiors_p_nujiang_grand_canyon_bookstore_of_librai_1022326_p_nujiang_grand_canyon_bookstore_of_librai_1022326_interiors_p_nujiang_grand_canyon_bookstore_of_librai_1022326_interior_2', 'i_p_nujiang_grand_canyon_bookstore_of_librai_1022326_interiors_p_nujiang_grand_canyon_bookstore_of_librai_1022326_p_nujiang_grand_canyon_bookstore_of_librai_1022326_interiors_p_nujiang_grand_canyon_bookstore_of_librai_1022326_interior_3', 'i_p_nujiang_grand_canyon_bookstore_of_librai_1022326_interiors_p_nujiang_grand_canyon_bookstore_of_librai_1022326_p_nujiang_grand_canyon_bookstore_of_librai_1022326_interiors_p_nujiang_grand_canyon_bookstore_of_librai_1022326_interior_4', 'i_p_nujiang_grand_canyon_bookstore_of_librai_1022326_interiors_p_nujiang_grand_canyon_bookstore_of_librai_1022326_p_nujiang_grand_canyon_bookstore_of_librai_1022326_interiors_p_nujiang_grand_canyon_bookstore_of_librai_1022326_interior_5']",[],Library|Cultural Space|Concrete|Glass|Fragmented Massing|Sustainable Design|Reading Areas|Community Hub|Natural Integration|Yunnan|Modern Architecture|High-Performance Glazing|Natural Ventilation|Green Roof|Thermal Mass|Urban Context|Sloped Site|Passive Design|Overhangs|Environmental Design|Contemporary Architecture|Interaction With Landscape|Public Gathering Space|Workshops|Community Spaces|Local Materials|Architectural Innovation|Environmentally Friendly|Architectural Firm|Canyon View,25.8176299,98.8567,Librai,Nujiang,,,2024.0,0.0,2.0
p_oman_across_ages_museum_cox_architecture_1024366_diagrams_p_oman_across_ages_museum_cox_architecture_1024366,Oman Across Ages Museum Cox Architecture 1024366 Diagrams P Oman Across Ages Museum Cox Architecture,unknown,unknown,unknown,unknown,unknown,"['i_p_oman_across_ages_museum_cox_architecture_1024366_diagrams_p_oman_across_ages_museum_cox_architecture_1024366_p_oman_across_ages_museum_cox_architecture_1024366_diagrams_p_oman_across_ages_museum_cox_architecture_1024366_diagram_1', 'i_p_oman_across_ages_museum_cox_architecture_1024366_diagrams_p_oman_across_ages_museum_cox_architecture_1024366_p_oman_across_ages_museum_cox_architecture_1024366_diagrams_p_oman_across_ages_museum_cox_architecture_1024366_diagram_2', 'i_p_oman_across_ages_museum_cox_architecture_1024366_diagrams_p_oman_across_ages_museum_cox_architecture_1024366_p_oman_across_ages_museum_cox_architecture_1024366_diagrams_p_oman_across_ages_museum_cox_architecture_1024366_diagram_3']",[],Museum|Cultural|Oman|Cox Architecture|Fragmented Massing|Earth Tones|Natural Ventilation|Solar Panels|Interactive Spaces|Open Plan|Educational Facilities|Sustainable Design|Exhibition Halls|Urban|Arid Climate|Landscape Integration|Glass|Stone|Polished Concrete|Architectural Heritage|Public Engagement|Environmental Strategy|Natural Light|Cross Ventilation|Native Plantings|Passive Cooling|Modern Architecture|Design Innovation|Cognitive Engagement|Cultural Exhibitions,22.9171031,57.536292,Cox Architecture,Muscat,,,2024.0,0.0,0.0
p_oman_across_ages_museum_cox_architecture_1024366_exteriors_p_oman_across_ages_museum_cox_architecture_1024366,Oman Across Ages Museum Cox Architecture 1024366 Exteriors P Oman Across Ages Museum Cox Architecture,unknown,unknown,unknown,unknown,unknown,"['i_p_oman_across_ages_museum_cox_architecture_1024366_exteriors_p_oman_across_ages_museum_cox_architecture_1024366_p_oman_across_ages_museum_cox_architecture_1024366_exteriors_p_oman_across_ages_museum_cox_architecture_1024366_exterior_1', 'i_p_oman_across_ages_museum_cox_architecture_1024366_exteriors_p_oman_across_ages_museum_cox_architecture_1024366_p_oman_across_ages_museum_cox_architecture_1024366_exteriors_p_oman_across_ages_museum_cox_architecture_1024366_exterior_2']",[],Museum|Cultural|Oman|Cox Architecture|Fragmented Massing|Earth Tones|Natural Ventilation|Solar Panels|Interactive Spaces|Open Plan|Educational Facilities|Sustainable Design|Exhibition Halls|Urban|Arid Climate|Landscape Integration|Glass|Stone|Polished Concrete|Architectural Heritage|Public Engagement|Environmental Strategy|Natural Light|Cross Ventilation|Native Plantings|Passive Cooling|Modern Architecture|Design Innovation|Cognitive Engagement|Cultural Exhibitions,22.9171031,57.536292,Cox Architecture,Muscat,,,2024.0,0.0,0.0
p_oman_across_ages_museum_cox_architecture_1024366_interiors_p_oman_across_ages_museum_cox_architecture_1024366,Oman Across Ages Museum Cox Architecture 1024366 Interiors P Oman Across Ages Museum Cox Architecture,unknown,unknown,unknown,unknown,unknown,"['i_p_oman_across_ages_museum_cox_architecture_1024366_interiors_p_oman_across_ages_museum_cox_architecture_1024366_p_oman_across_ages_museum_cox_architecture_1024366_interiors_p_oman_across_ages_museum_cox_architecture_1024366_interior_1', 'i_p_oman_across_ages_museum_cox_architecture_1024366_interiors_p_oman_across_ages_museum_cox_architecture_1024366_p_oman_across_ages_museum_cox_architecture_1024366_interiors_p_oman_across_ages_museum_cox_architecture_1024366_interior_2']",[],Museum|Cultural|Oman|Cox Architecture|Fragmented Massing|Earth Tones|Natural Ventilation|Solar Panels|Interactive Spaces|Open Plan|Educational Facilities|Sustainable Design|Exhibition Halls|Urban|Arid Climate|Landscape Integration|Glass|Stone|Polished Concrete|Architectural Heritage|Public Engagement|Environmental Strategy|Natural Light|Cross Ventilation|Native Plantings|Passive Cooling|Modern Architecture|Design Innovation|Cognitive Engagement|Cultural Exhibitions,22.9171031,57.536292,Cox Architecture,Muscat,,,2024.0,0.0,0.0
p_osaka_expo_2025_foresting_architecture_p_1034719_exteriors_p_osaka_expo_2025_foresting_architecture_p_1034719,Osaka Expo 2025 Foresting Architecture P 1034719 Exteriors P Osaka Expo 2025 Foresting Architecture P,unknown,unknown,unknown,unknown,unknown,"['i_p_osaka_expo_2025_foresting_architecture_p_1034719_exteriors_p_osaka_expo_2025_foresting_architecture_p_1034719_p_osaka_expo_2025_foresting_architecture_p_1034719_exteriors_p_osaka_expo_2025_foresting_architecture_p_1034719_exterior_1', 'i_p_osaka_expo_2025_foresting_architecture_p_1034719_exteriors_p_osaka_expo_2025_foresting_architecture_p_1034719_p_osaka_expo_2025_foresting_architecture_p_1034719_exteriors_p_osaka_expo_2025_foresting_architecture_p_1034719_exterior_2', 'i_p_osaka_expo_2025_foresting_architecture_p_1034719_exteriors_p_osaka_expo_2025_foresting_architecture_p_1034719_p_osaka_expo_2025_foresting_architecture_p_1034719_exteriors_p_osaka_expo_2025_foresting_architecture_p_1034719_exterior_3', 'i_p_osaka_expo_2025_foresting_architecture_p_1034719_exteriors_p_osaka_expo_2025_foresting_architecture_p_1034719_p_osaka_expo_2025_foresting_architecture_p_1034719_exteriors_p_osaka_expo_2025_foresting_architecture_p_1034719_exterior_4', 'i_p_osaka_expo_2025_foresting_architecture_p_1034719_exteriors_p_osaka_expo_2025_foresting_architecture_p_1034719_p_osaka_expo_2025_foresting_architecture_p_1034719_exteriors_p_osaka_expo_2025_foresting_architecture_p_1034719_exterior_5']",[],Timber|Glass|Sustainable Architecture|Pavilion|Forest Integration|Urban Ecology|Natural Ventilation|Green Roof|Osaka Expo 2025|Cultural Architecture|Adaptive Reuse|Biophilic Design|Ecological Design|Community Spaces|Daylighting|Curved Forms|Wooden Structures|Passive Solar|Landscape Architecture|Environmental Sustainability|Exhibition Space|Interaction With Nature|Japanese Architecture|Modern Architecture|Innovative Design|Public Space|Event Space|Modular Design|Climate-Responsive Architecture|Open Plan|Natural Materials,34.6501762,135.3814148,Unknown,Osaka,,,2024.0,0.0,0.0
p_osaka_expo_2025_foresting_architecture_p_1034719_interiors_p_osaka_expo_2025_foresting_architecture_p_1034719,Osaka Expo 2025 Foresting Architecture P 1034719 Interiors P Osaka Expo 2025 Foresting Architecture P,unknown,unknown,unknown,unknown,unknown,"['i_p_osaka_expo_2025_foresting_architecture_p_1034719_interiors_p_osaka_expo_2025_foresting_architecture_p_1034719_p_osaka_expo_2025_foresting_architecture_p_1034719_interiors_p_osaka_expo_2025_foresting_architecture_p_1034719_interior_1', 'i_p_osaka_expo_2025_foresting_architecture_p_1034719_interiors_p_osaka_expo_2025_foresting_architecture_p_1034719_p_osaka_expo_2025_foresting_architecture_p_1034719_interiors_p_osaka_expo_2025_foresting_architecture_p_1034719_interior_2', 'i_p_osaka_expo_2025_foresting_architecture_p_1034719_interiors_p_osaka_expo_2025_foresting_architecture_p_1034719_p_osaka_expo_2025_foresting_architecture_p_1034719_interiors_p_osaka_expo_2025_foresting_architecture_p_1034719_interior_3', 'i_p_osaka_expo_2025_foresting_architecture_p_1034719_interiors_p_osaka_expo_2025_foresting_architecture_p_1034719_p_osaka_expo_2025_foresting_architecture_p_1034719_interiors_p_osaka_expo_2025_foresting_architecture_p_1034719_interior_4', 'i_p_osaka_expo_2025_foresting_architecture_p_1034719_interiors_p_osaka_expo_2025_foresting_architecture_p_1034719_p_osaka_expo_2025_foresting_architecture_p_1034719_interiors_p_osaka_expo_2025_foresting_architecture_p_1034719_interior_5']",[],Timber|Glass|Sustainable Architecture|Pavilion|Forest Integration|Urban Ecology|Natural Ventilation|Green Roof|Osaka Expo 2025|Cultural Architecture|Adaptive Reuse|Biophilic Design|Ecological Design|Community Spaces|Daylighting|Curved Forms|Wooden Structures|Passive Solar|Landscape Architecture|Environmental Sustainability|Exhibition Space|Interaction With Nature|Japanese Architecture|Modern Architecture|Innovative Design|Public Space|Event Space|Modular Design|Climate-Responsive Architecture|Open Plan|Natural Materials,34.6501762,135.3814148,Unknown,Osaka,,,2024.0,0.0,0.0
p_pan_orama_pavilion_associates_architectu_1035385_diagrams_p_pan_orama_pavilion_associates_architectu_1035385,Pan Orama Pavilion Associates Architectu 1035385 Diagrams P Pan Orama Pavilion Associates Architectu,unknown,unknown,unknown,unknown,unknown,['i_p_pan_orama_pavilion_associates_architectu_1035385_diagrams_p_pan_orama_pavilion_associates_architectu_1035385_p_pan_orama_pavilion_associates_architectu_1035385_diagrams_p_pan_orama_pavilion_associates_architectu_1035385_diagram_1'],[],Pavilion|Glass|Timber|Modernist|Open Plan|Community Space|Natural Ventilation|Daylighting|Cultural Venue|High-Performance Glazing|Sustainable Design|Urban Integration|Rome Architecture|Interactive Space|Art Exhibitions|Green Roof|Rainwater Harvesting|Steel Frame|Public Art|Contemporary|Transparent Facade|Overhanging Roof|Urban Park|Recycled Materials|Natural Lighting|Thermal Mass|Passive Design|Community Engagement|Environmental Stewardship|Environmentally Conscious Architecture,41.8967068,12.4822025,Pan Orama Pavilion Associates,Rome,,,2024.0,0.0,1.0
p_pan_orama_pavilion_associates_architectu_1035385_exteriors_p_pan_orama_pavilion_associates_architectu_1035385,Pan Orama Pavilion Associates Architectu 1035385 Exteriors P Pan Orama Pavilion Associates Architectu,unknown,unknown,unknown,unknown,unknown,"['i_p_pan_orama_pavilion_associates_architectu_1035385_exteriors_p_pan_orama_pavilion_associates_architectu_1035385_p_pan_orama_pavilion_associates_architectu_1035385_exteriors_p_pan_orama_pavilion_associates_architectu_1035385_exterior_1', 'i_p_pan_orama_pavilion_associates_architectu_1035385_exteriors_p_pan_orama_pavilion_associates_architectu_1035385_p_pan_orama_pavilion_associates_architectu_1035385_exteriors_p_pan_orama_pavilion_associates_architectu_1035385_exterior_2']",[],Pavilion|Glass|Timber|Modernist|Open Plan|Community Space|Natural Ventilation|Daylighting|Cultural Venue|High-Performance Glazing|Sustainable Design|Urban Integration|Rome Architecture|Interactive Space|Art Exhibitions|Green Roof|Rainwater Harvesting|Steel Frame|Public Art|Contemporary|Transparent Facade|Overhanging Roof|Urban Park|Recycled Materials|Natural Lighting|Thermal Mass|Passive Design|Community Engagement|Environmental Stewardship|Environmentally Conscious Architecture,41.8967068,12.4822025,Pan Orama Pavilion Associates,Rome,,,2024.0,0.0,1.0
p_pan_orama_pavilion_associates_architectu_1035385_interiors_p_pan_orama_pavilion_associates_architectu_1035385,Pan Orama Pavilion Associates Architectu 1035385 Interiors P Pan Orama Pavilion Associates Architectu,unknown,unknown,unknown,unknown,unknown,"['i_p_pan_orama_pavilion_associates_architectu_1035385_interiors_p_pan_orama_pavilion_associates_architectu_1035385_p_pan_orama_pavilion_associates_architectu_1035385_interiors_p_pan_orama_pavilion_associates_architectu_1035385_interior_1', 'i_p_pan_orama_pavilion_associates_architectu_1035385_interiors_p_pan_orama_pavilion_associates_architectu_1035385_p_pan_orama_pavilion_associates_architectu_1035385_interiors_p_pan_orama_pavilion_associates_architectu_1035385_interior_2']",[],Pavilion|Glass|Timber|Modernist|Open Plan|Community Space|Natural Ventilation|Daylighting|Cultural Venue|High-Performance Glazing|Sustainable Design|Urban Integration|Rome Architecture|Interactive Space|Art Exhibitions|Green Roof|Rainwater Harvesting|Steel Frame|Public Art|Contemporary|Transparent Facade|Overhanging Roof|Urban Park|Recycled Materials|Natural Lighting|Thermal Mass|Passive Design|Community Engagement|Environmental Stewardship|Environmentally Conscious Architecture,41.8967068,12.4822025,Pan Orama Pavilion Associates,Rome,,,2024.0,0.0,1.0
p_paris_fondation_cartier_for_contemporary_1035305_diagrams_p_paris_fondation_cartier_for_contemporary_1035305,Paris Fondation Cartier For Contemporary 1035305 Diagrams P Paris Fondation Cartier For Contemporary,unknown,unknown,unknown,unknown,unknown,"['i_p_paris_fondation_cartier_for_contemporary_1035305_diagrams_p_paris_fondation_cartier_for_contemporary_1035305_p_paris_fondation_cartier_for_contemporary_1035305_diagrams_p_paris_fondation_cartier_for_contemporary_1035305_diagram_1', 'i_p_paris_fondation_cartier_for_contemporary_1035305_diagrams_p_paris_fondation_cartier_for_contemporary_1035305_p_paris_fondation_cartier_for_contemporary_1035305_diagrams_p_paris_fondation_cartier_for_contemporary_1035305_diagram_2', 'i_p_paris_fondation_cartier_for_contemporary_1035305_diagrams_p_paris_fondation_cartier_for_contemporary_1035305_p_paris_fondation_cartier_for_contemporary_1035305_diagrams_p_paris_fondation_cartier_for_contemporary_1035305_diagram_3']",[],Glass|Steel|Modernist|Cultural|Museum|Contemporary Art|Central Courtyard|Natural Ventilation|High-Performance|Green Roof|Urban|Educational|Exhibition Space|Public Events|Research|Thermal Mass|Daylighting|Park Integration|Sustainable Design|Jean Nouvel|Fragmented Massing|Distributed Circulation|Art Installations|Interactive Spaces|Transparency|Community Engagement|Social Space|Natural Light|Ecological Design|Artistic Expression,48.8575475,2.3513765,Jean Nouvel,Paris,,,2024.0,0.0,3.0
p_paris_fondation_cartier_for_contemporary_1035305_exteriors_p_paris_fondation_cartier_for_contemporary_1035305,Paris Fondation Cartier For Contemporary 1035305 Exteriors P Paris Fondation Cartier For Contemporary,unknown,unknown,unknown,unknown,unknown,"['i_p_paris_fondation_cartier_for_contemporary_1035305_exteriors_p_paris_fondation_cartier_for_contemporary_1035305_p_paris_fondation_cartier_for_contemporary_1035305_exteriors_p_paris_fondation_cartier_for_contemporary_1035305_exterior_1', 'i_p_paris_fondation_cartier_for_contemporary_1035305_exteriors_p_paris_fondation_cartier_for_contemporary_1035305_p_paris_fondation_cartier_for_contemporary_1035305_exteriors_p_paris_fondation_cartier_for_contemporary_1035305_exterior_2', 'i_p_paris_fondation_cartier_for_contemporary_1035305_exteriors_p_paris_fondation_cartier_for_contemporary_1035305_p_paris_fondation_cartier_for_contemporary_1035305_exteriors_p_paris_fondation_cartier_for_contemporary_1035305_exterior_3', 'i_p_paris_fondation_cartier_for_contemporary_1035305_exteriors_p_paris_fondation_cartier_for_contemporary_1035305_p_paris_fondation_cartier_for_contemporary_1035305_exteriors_p_paris_fondation_cartier_for_contemporary_1035305_exterior_4']",[],Glass|Steel|Modernist|Cultural|Museum|Contemporary Art|Central Courtyard|Natural Ventilation|High-Performance|Green Roof|Urban|Educational|Exhibition Space|Public Events|Research|Thermal Mass|Daylighting|Park Integration|Sustainable Design|Jean Nouvel|Fragmented Massing|Distributed Circulation|Art Installations|Interactive Spaces|Transparency|Community Engagement|Social Space|Natural Light|Ecological Design|Artistic Expression,48.8575475,2.3513765,Jean Nouvel,Paris,,,2024.0,0.0,3.0
p_paris_fondation_cartier_for_contemporary_1035305_interiors_p_paris_fondation_cartier_for_contemporary_1035305,Paris Fondation Cartier For Contemporary 1035305 Interiors P Paris Fondation Cartier For Contemporary,unknown,unknown,unknown,unknown,unknown,"['i_p_paris_fondation_cartier_for_contemporary_1035305_interiors_p_paris_fondation_cartier_for_contemporary_1035305_p_paris_fondation_cartier_for_contemporary_1035305_interiors_p_paris_fondation_cartier_for_contemporary_1035305_interior_1', 'i_p_paris_fondation_cartier_for_contemporary_1035305_interiors_p_paris_fondation_cartier_for_contemporary_1035305_p_paris_fondation_cartier_for_contemporary_1035305_interiors_p_paris_fondation_cartier_for_contemporary_1035305_interior_2', 'i_p_paris_fondation_cartier_for_contemporary_1035305_interiors_p_paris_fondation_cartier_for_contemporary_1035305_p_paris_fondation_cartier_for_contemporary_1035305_interiors_p_paris_fondation_cartier_for_contemporary_1035305_interior_3', 'i_p_paris_fondation_cartier_for_contemporary_1035305_interiors_p_paris_fondation_cartier_for_contemporary_1035305_p_paris_fondation_cartier_for_contemporary_1035305_interiors_p_paris_fondation_cartier_for_contemporary_1035305_interior_4', 'i_p_paris_fondation_cartier_for_contemporary_1035305_interiors_p_paris_fondation_cartier_for_contemporary_1035305_p_paris_fondation_cartier_for_contemporary_1035305_interiors_p_paris_fondation_cartier_for_contemporary_1035305_interior_5']",[],Glass|Steel|Modernist|Cultural|Museum|Contemporary Art|Central Courtyard|Natural Ventilation|High-Performance|Green Roof|Urban|Educational|Exhibition Space|Public Events|Research|Thermal Mass|Daylighting|Park Integration|Sustainable Design|Jean Nouvel|Fragmented Massing|Distributed Circulation|Art Installations|Interactive Spaces|Transparency|Community Engagement|Social Space|Natural Light|Ecological Design|Artistic Expression,48.8575475,2.3513765,Jean Nouvel,Paris,,,2024.0,0.0,3.0
p_pietro_maria_bardi_masp_building_metro_a_1026123_diagrams_p_pietro_maria_bardi_masp_building_metro_a_1026123,Pietro Maria Bardi Masp Building Metro A 1026123 Diagrams P Pietro Maria Bardi Masp Building Metro A,unknown,unknown,unknown,unknown,unknown,"['i_p_pietro_maria_bardi_masp_building_metro_a_1026123_diagrams_p_pietro_maria_bardi_masp_building_metro_a_1026123_p_pietro_maria_bardi_masp_building_metro_a_1026123_diagrams_p_pietro_maria_bardi_masp_building_metro_a_1026123_diagram_1', 'i_p_pietro_maria_bardi_masp_building_metro_a_1026123_diagrams_p_pietro_maria_bardi_masp_building_metro_a_1026123_p_pietro_maria_bardi_masp_building_metro_a_1026123_diagrams_p_pietro_maria_bardi_masp_building_metro_a_1026123_diagram_2', 'i_p_pietro_maria_bardi_masp_building_metro_a_1026123_diagrams_p_pietro_maria_bardi_masp_building_metro_a_1026123_p_pietro_maria_bardi_masp_building_metro_a_1026123_diagrams_p_pietro_maria_bardi_masp_building_metro_a_1026123_diagram_3']",[],Museum|Art Gallery|Modern Architecture|Glass Facade|Steel Structure|Tropical Climate|Natural Ventilation|Daylighting|Concrete|Sustainable Design|Urban Integration|Cultural Center|Pavilion|Double-Height Spaces|Open Plan|Art Exhibition|Landscape Architecture|Energy-Efficient|Rainwater Harvesting|Horizontal Louvers|São Paulo|Brazil|Contemporary Design|Architectural Icon|Pedestrian-Friendly|Flexible Spaces|Urban Development|Community Space|Sculptural Form|Cultural Heritage,-23.5619069,-46.6555134,Pietro Maria Bardi,São Paulo,,,2024.0,20000.0,3.0
p_pietro_maria_bardi_masp_building_metro_a_1026123_exteriors_p_pietro_maria_bardi_masp_building_metro_a_1026123,Pietro Maria Bardi Masp Building Metro A 1026123 Exteriors P Pietro Maria Bardi Masp Building Metro A,unknown,unknown,unknown,unknown,unknown,"['i_p_pietro_maria_bardi_masp_building_metro_a_1026123_exteriors_p_pietro_maria_bardi_masp_building_metro_a_1026123_p_pietro_maria_bardi_masp_building_metro_a_1026123_exteriors_p_pietro_maria_bardi_masp_building_metro_a_1026123_exterior_1', 'i_p_pietro_maria_bardi_masp_building_metro_a_1026123_exteriors_p_pietro_maria_bardi_masp_building_metro_a_1026123_p_pietro_maria_bardi_masp_building_metro_a_1026123_exteriors_p_pietro_maria_bardi_masp_building_metro_a_1026123_exterior_2', 'i_p_pietro_maria_bardi_masp_building_metro_a_1026123_exteriors_p_pietro_maria_bardi_masp_building_metro_a_1026123_p_pietro_maria_bardi_masp_building_metro_a_1026123_exteriors_p_pietro_maria_bardi_masp_building_metro_a_1026123_exterior_3', 'i_p_pietro_maria_bardi_masp_building_metro_a_1026123_exteriors_p_pietro_maria_bardi_masp_building_metro_a_1026123_p_pietro_maria_bardi_masp_building_metro_a_1026123_exteriors_p_pietro_maria_bardi_masp_building_metro_a_1026123_exterior_4', 'i_p_pietro_maria_bardi_masp_building_metro_a_1026123_exteriors_p_pietro_maria_bardi_masp_building_metro_a_1026123_p_pietro_maria_bardi_masp_building_metro_a_1026123_exteriors_p_pietro_maria_bardi_masp_building_metro_a_1026123_exterior_5']",[],Museum|Art Gallery|Modern Architecture|Glass Facade|Steel Structure|Tropical Climate|Natural Ventilation|Daylighting|Concrete|Sustainable Design|Urban Integration|Cultural Center|Pavilion|Double-Height Spaces|Open Plan|Art Exhibition|Landscape Architecture|Energy-Efficient|Rainwater Harvesting|Horizontal Louvers|São Paulo|Brazil|Contemporary Design|Architectural Icon|Pedestrian-Friendly|Flexible Spaces|Urban Development|Community Space|Sculptural Form|Cultural Heritage,-23.5619069,-46.6555134,Pietro Maria Bardi,São Paulo,,,2024.0,20000.0,3.0
p_pietro_maria_bardi_masp_building_metro_a_1026123_interiors_p_pietro_maria_bardi_masp_building_metro_a_1026123,Pietro Maria Bardi Masp Building Metro A 1026123 Interiors P Pietro Maria Bardi Masp Building Metro A,unknown,unknown,unknown,unknown,unknown,"['i_p_pietro_maria_bardi_masp_building_metro_a_1026123_interiors_p_pietro_maria_bardi_masp_building_metro_a_1026123_p_pietro_maria_bardi_masp_building_metro_a_1026123_interiors_p_pietro_maria_bardi_masp_building_metro_a_1026123_interior_1', 'i_p_pietro_maria_bardi_masp_building_metro_a_1026123_interiors_p_pietro_maria_bardi_masp_building_metro_a_1026123_p_pietro_maria_bardi_masp_building_metro_a_1026123_interiors_p_pietro_maria_bardi_masp_building_metro_a_1026123_interior_2', 'i_p_pietro_maria_bardi_masp_building_metro_a_1026123_interiors_p_pietro_maria_bardi_masp_building_metro_a_1026123_p_pietro_maria_bardi_masp_building_metro_a_1026123_interiors_p_pietro_maria_bardi_masp_building_metro_a_1026123_interior_3', 'i_p_pietro_maria_bardi_masp_building_metro_a_1026123_interiors_p_pietro_maria_bardi_masp_building_metro_a_1026123_p_pietro_maria_bardi_masp_building_metro_a_1026123_interiors_p_pietro_maria_bardi_masp_building_metro_a_1026123_interior_4', 'i_p_pietro_maria_bardi_masp_building_metro_a_1026123_interiors_p_pietro_maria_bardi_masp_building_metro_a_1026123_p_pietro_maria_bardi_masp_building_metro_a_1026123_interiors_p_pietro_maria_bardi_masp_building_metro_a_1026123_interior_5']",[],Museum|Art Gallery|Modern Architecture|Glass Facade|Steel Structure|Tropical Climate|Natural Ventilation|Daylighting|Concrete|Sustainable Design|Urban Integration|Cultural Center|Pavilion|Double-Height Spaces|Open Plan|Art Exhibition|Landscape Architecture|Energy-Efficient|Rainwater Harvesting|Horizontal Louvers|São Paulo|Brazil|Contemporary Design|Architectural Icon|Pedestrian-Friendly|Flexible Spaces|Urban Development|Community Space|Sculptural Form|Cultural Heritage,-23.5619069,-46.6555134,Pietro Maria Bardi,São Paulo,,,2024.0,20000.0,3.0
p_pina_contempor_nea_museum_arquitetos_ass_1014137_diagrams_p_pina_contempor_nea_museum_arquitetos_ass_1014137,Pina Contempor Nea Museum Arquitetos Ass 1014137 Diagrams P Pina Contempor Nea Museum Arquitetos Ass,unknown,unknown,unknown,unknown,unknown,"['i_p_pina_contempor_nea_museum_arquitetos_ass_1014137_diagrams_p_pina_contempor_nea_museum_arquitetos_ass_1014137_p_pina_contempor_nea_museum_arquitetos_ass_1014137_diagrams_p_pina_contempor_nea_museum_arquitetos_ass_1014137_diagram_1', 'i_p_pina_contempor_nea_museum_arquitetos_ass_1014137_diagrams_p_pina_contempor_nea_museum_arquitetos_ass_1014137_p_pina_contempor_nea_museum_arquitetos_ass_1014137_diagrams_p_pina_contempor_nea_museum_arquitetos_ass_1014137_diagram_2', 'i_p_pina_contempor_nea_museum_arquitetos_ass_1014137_diagrams_p_pina_contempor_nea_museum_arquitetos_ass_1014137_p_pina_contempor_nea_museum_arquitetos_ass_1014137_diagrams_p_pina_contempor_nea_museum_arquitetos_ass_1014137_diagram_3']",[],Concrete|Glass|Museum|Modernist|Fragmented|Open Plan|Gallery|Solar Panels|Natural Ventilation|Educational Spaces|Urban|Sustainable|Cultural|Community Spaces|Polished Concrete|Wood|Steel|Exhibition|Landscaping|High Performance Glass|Deep Eaves|Rainwater Harvesting|São Paulo|Tropical Climate|2018|Exterior Gardens|Art Engagement|Circular Spaces|Entrance Plaza|Public Access|Interior Design,-23.5557714,-46.6395571,Arquitetos Ass,São Paulo,,,2024.0,0.0,2.0
p_pina_contempor_nea_museum_arquitetos_ass_1014137_exteriors_p_pina_contempor_nea_museum_arquitetos_ass_1014137,Pina Contempor Nea Museum Arquitetos Ass 1014137 Exteriors P Pina Contempor Nea Museum Arquitetos Ass,unknown,unknown,unknown,unknown,unknown,"['i_p_pina_contempor_nea_museum_arquitetos_ass_1014137_exteriors_p_pina_contempor_nea_museum_arquitetos_ass_1014137_p_pina_contempor_nea_museum_arquitetos_ass_1014137_exteriors_p_pina_contempor_nea_museum_arquitetos_ass_1014137_exterior_1', 'i_p_pina_contempor_nea_museum_arquitetos_ass_1014137_exteriors_p_pina_contempor_nea_museum_arquitetos_ass_1014137_p_pina_contempor_nea_museum_arquitetos_ass_1014137_exteriors_p_pina_contempor_nea_museum_arquitetos_ass_1014137_exterior_2', 'i_p_pina_contempor_nea_museum_arquitetos_ass_1014137_exteriors_p_pina_contempor_nea_museum_arquitetos_ass_1014137_p_pina_contempor_nea_museum_arquitetos_ass_1014137_exteriors_p_pina_contempor_nea_museum_arquitetos_ass_1014137_exterior_3', 'i_p_pina_contempor_nea_museum_arquitetos_ass_1014137_exteriors_p_pina_contempor_nea_museum_arquitetos_ass_1014137_p_pina_contempor_nea_museum_arquitetos_ass_1014137_exteriors_p_pina_contempor_nea_museum_arquitetos_ass_1014137_exterior_4', 'i_p_pina_contempor_nea_museum_arquitetos_ass_1014137_exteriors_p_pina_contempor_nea_museum_arquitetos_ass_1014137_p_pina_contempor_nea_museum_arquitetos_ass_1014137_exteriors_p_pina_contempor_nea_museum_arquitetos_ass_1014137_exterior_5']",[],Concrete|Glass|Museum|Modernist|Fragmented|Open Plan|Gallery|Solar Panels|Natural Ventilation|Educational Spaces|Urban|Sustainable|Cultural|Community Spaces|Polished Concrete|Wood|Steel|Exhibition|Landscaping|High Performance Glass|Deep Eaves|Rainwater Harvesting|São Paulo|Tropical Climate|2018|Exterior Gardens|Art Engagement|Circular Spaces|Entrance Plaza|Public Access|Interior Design,-23.5557714,-46.6395571,Arquitetos Ass,São Paulo,,,2024.0,0.0,2.0
p_pina_contempor_nea_museum_arquitetos_ass_1014137_interiors_p_pina_contempor_nea_museum_arquitetos_ass_1014137,Pina Contempor Nea Museum Arquitetos Ass 1014137 Interiors P Pina Contempor Nea Museum Arquitetos Ass,unknown,unknown,unknown,unknown,unknown,"['i_p_pina_contempor_nea_museum_arquitetos_ass_1014137_interiors_p_pina_contempor_nea_museum_arquitetos_ass_1014137_p_pina_contempor_nea_museum_arquitetos_ass_1014137_interiors_p_pina_contempor_nea_museum_arquitetos_ass_1014137_interior_1', 'i_p_pina_contempor_nea_museum_arquitetos_ass_1014137_interiors_p_pina_contempor_nea_museum_arquitetos_ass_1014137_p_pina_contempor_nea_museum_arquitetos_ass_1014137_interiors_p_pina_contempor_nea_museum_arquitetos_ass_1014137_interior_2', 'i_p_pina_contempor_nea_museum_arquitetos_ass_1014137_interiors_p_pina_contempor_nea_museum_arquitetos_ass_1014137_p_pina_contempor_nea_museum_arquitetos_ass_1014137_interiors_p_pina_contempor_nea_museum_arquitetos_ass_1014137_interior_3', 'i_p_pina_contempor_nea_museum_arquitetos_ass_1014137_interiors_p_pina_contempor_nea_museum_arquitetos_ass_1014137_p_pina_contempor_nea_museum_arquitetos_ass_1014137_interiors_p_pina_contempor_nea_museum_arquitetos_ass_1014137_interior_4', 'i_p_pina_contempor_nea_museum_arquitetos_ass_1014137_interiors_p_pina_contempor_nea_museum_arquitetos_ass_1014137_p_pina_contempor_nea_museum_arquitetos_ass_1014137_interiors_p_pina_contempor_nea_museum_arquitetos_ass_1014137_interior_5']",[],Concrete|Glass|Museum|Modernist|Fragmented|Open Plan|Gallery|Solar Panels|Natural Ventilation|Educational Spaces|Urban|Sustainable|Cultural|Community Spaces|Polished Concrete|Wood|Steel|Exhibition|Landscaping|High Performance Glass|Deep Eaves|Rainwater Harvesting|São Paulo|Tropical Climate|2018|Exterior Gardens|Art Engagement|Circular Spaces|Entrance Plaza|Public Access|Interior Design,-23.5557714,-46.6395571,Arquitetos Ass,São Paulo,,,2024.0,0.0,2.0
p_powerhouse_castle_hill_lahznimmo_archite_1014130_diagrams_p_powerhouse_castle_hill_lahznimmo_archite_1014130,Powerhouse Castle Hill Lahznimmo Archite 1014130 Diagrams P Powerhouse Castle Hill Lahznimmo Archite,unknown,unknown,unknown,unknown,unknown,"['i_p_powerhouse_castle_hill_lahznimmo_archite_1014130_diagrams_p_powerhouse_castle_hill_lahznimmo_archite_1014130_p_powerhouse_castle_hill_lahznimmo_archite_1014130_diagrams_p_powerhouse_castle_hill_lahznimmo_archite_1014130_diagram_1', 'i_p_powerhouse_castle_hill_lahznimmo_archite_1014130_diagrams_p_powerhouse_castle_hill_lahznimmo_archite_1014130_p_powerhouse_castle_hill_lahznimmo_archite_1014130_diagrams_p_powerhouse_castle_hill_lahznimmo_archite_1014130_diagram_2', 'i_p_powerhouse_castle_hill_lahznimmo_archite_1014130_diagrams_p_powerhouse_castle_hill_lahznimmo_archite_1014130_p_powerhouse_castle_hill_lahznimmo_archite_1014130_diagrams_p_powerhouse_castle_hill_lahznimmo_archite_1014130_diagram_3']",[],Museum|Cultural Center|Lahznimmo Architects|Sustainable Design|Green Architecture|Natural Ventilation|Open Plan|Exhibition Space|Community Hub|High-Performance Glass|Timber Interiors|Urban Landscape|Solar Energy|Rainwater Harvesting|Fragmented Massing|New South Wales|Australia|Modernist|Concrete Façade|Natural Light|High Ceilings|Educational Facilities|Flexible Spaces|Green Roof Technology|Interior Gardens|Environmental Design|Cultural Heritage|Art Installations|Public Engagement|Multi-Use Spaces|Social Sustainability,-33.7348232,151.0030714,Lahznimmo Architects,Castle Hill,,,2024.0,0.0,3.0
p_powerhouse_castle_hill_lahznimmo_archite_1014130_exteriors_p_powerhouse_castle_hill_lahznimmo_archite_1014130,Powerhouse Castle Hill Lahznimmo Archite 1014130 Exteriors P Powerhouse Castle Hill Lahznimmo Archite,unknown,unknown,unknown,unknown,unknown,"['i_p_powerhouse_castle_hill_lahznimmo_archite_1014130_exteriors_p_powerhouse_castle_hill_lahznimmo_archite_1014130_p_powerhouse_castle_hill_lahznimmo_archite_1014130_exteriors_p_powerhouse_castle_hill_lahznimmo_archite_1014130_exterior_1', 'i_p_powerhouse_castle_hill_lahznimmo_archite_1014130_exteriors_p_powerhouse_castle_hill_lahznimmo_archite_1014130_p_powerhouse_castle_hill_lahznimmo_archite_1014130_exteriors_p_powerhouse_castle_hill_lahznimmo_archite_1014130_exterior_2']",[],Museum|Cultural Center|Lahznimmo Architects|Sustainable Design|Green Architecture|Natural Ventilation|Open Plan|Exhibition Space|Community Hub|High-Performance Glass|Timber Interiors|Urban Landscape|Solar Energy|Rainwater Harvesting|Fragmented Massing|New South Wales|Australia|Modernist|Concrete Façade|Natural Light|High Ceilings|Educational Facilities|Flexible Spaces|Green Roof Technology|Interior Gardens|Environmental Design|Cultural Heritage|Art Installations|Public Engagement|Multi-Use Spaces|Social Sustainability,-33.7348232,151.0030714,Lahznimmo Architects,Castle Hill,,,2024.0,0.0,3.0
p_powerhouse_castle_hill_lahznimmo_archite_1014130_interiors_p_powerhouse_castle_hill_lahznimmo_archite_1014130,Powerhouse Castle Hill Lahznimmo Archite 1014130 Interiors P Powerhouse Castle Hill Lahznimmo Archite,unknown,unknown,unknown,unknown,unknown,"['i_p_powerhouse_castle_hill_lahznimmo_archite_1014130_interiors_p_powerhouse_castle_hill_lahznimmo_archite_1014130_p_powerhouse_castle_hill_lahznimmo_archite_1014130_interiors_p_powerhouse_castle_hill_lahznimmo_archite_1014130_interior_1', 'i_p_powerhouse_castle_hill_lahznimmo_archite_1014130_interiors_p_powerhouse_castle_hill_lahznimmo_archite_1014130_p_powerhouse_castle_hill_lahznimmo_archite_1014130_interiors_p_powerhouse_castle_hill_lahznimmo_archite_1014130_interior_2', 'i_p_powerhouse_castle_hill_lahznimmo_archite_1014130_interiors_p_powerhouse_castle_hill_lahznimmo_archite_1014130_p_powerhouse_castle_hill_lahznimmo_archite_1014130_interiors_p_powerhouse_castle_hill_lahznimmo_archite_1014130_interior_3', 'i_p_powerhouse_castle_hill_lahznimmo_archite_1014130_interiors_p_powerhouse_castle_hill_lahznimmo_archite_1014130_p_powerhouse_castle_hill_lahznimmo_archite_1014130_interiors_p_powerhouse_castle_hill_lahznimmo_archite_1014130_interior_4', 'i_p_powerhouse_castle_hill_lahznimmo_archite_1014130_interiors_p_powerhouse_castle_hill_lahznimmo_archite_1014130_p_powerhouse_castle_hill_lahznimmo_archite_1014130_interiors_p_powerhouse_castle_hill_lahznimmo_archite_1014130_interior_5']",[],Museum|Cultural Center|Lahznimmo Architects|Sustainable Design|Green Architecture|Natural Ventilation|Open Plan|Exhibition Space|Community Hub|High-Performance Glass|Timber Interiors|Urban Landscape|Solar Energy|Rainwater Harvesting|Fragmented Massing|New South Wales|Australia|Modernist|Concrete Façade|Natural Light|High Ceilings|Educational Facilities|Flexible Spaces|Green Roof Technology|Interior Gardens|Environmental Design|Cultural Heritage|Art Installations|Public Engagement|Multi-Use Spaces|Social Sustainability,-33.7348232,151.0030714,Lahznimmo Architects,Castle Hill,,,2024.0,0.0,3.0
p_quilombo_da_gamboa_library_pavilion_mora_1034622_diagrams_p_quilombo_da_gamboa_library_pavilion_mora_1034622,Quilombo Da Gamboa Library Pavilion Mora 1034622 Diagrams P Quilombo Da Gamboa Library Pavilion Mora,unknown,unknown,unknown,unknown,unknown,"['i_p_quilombo_da_gamboa_library_pavilion_mora_1034622_diagrams_p_quilombo_da_gamboa_library_pavilion_mora_1034622_p_quilombo_da_gamboa_library_pavilion_mora_1034622_diagrams_p_quilombo_da_gamboa_library_pavilion_mora_1034622_diagram_1', 'i_p_quilombo_da_gamboa_library_pavilion_mora_1034622_diagrams_p_quilombo_da_gamboa_library_pavilion_mora_1034622_p_quilombo_da_gamboa_library_pavilion_mora_1034622_diagrams_p_quilombo_da_gamboa_library_pavilion_mora_1034622_diagram_2']",[],Timber|Glass|Modernist|Open Plan|Central Atrium|Natural Ventilation|Sustainable Design|Library|Community Space|Energy Efficiency|Brazilian Architecture|Cultural Hub|Daylighting|Urban Context|Landscape Integration|Cross Functional Space|Wooden Facade|Modern Architecture|Public Building|Adaptive Reuse|Passive Design|Environmentally Friendly|Natural Materials|Local Context|Educational Space|Natural Light|Green Architecture|Public Library|Social Space|Integrated Design|Community Engagement,-22.8953739,-43.1998616,Mora,Rio de Janeiro,,,2024.0,0.0,1.0
p_quilombo_da_gamboa_library_pavilion_mora_1034622_exteriors_p_quilombo_da_gamboa_library_pavilion_mora_1034622,Quilombo Da Gamboa Library Pavilion Mora 1034622 Exteriors P Quilombo Da Gamboa Library Pavilion Mora,unknown,unknown,unknown,unknown,unknown,"['i_p_quilombo_da_gamboa_library_pavilion_mora_1034622_exteriors_p_quilombo_da_gamboa_library_pavilion_mora_1034622_p_quilombo_da_gamboa_library_pavilion_mora_1034622_exteriors_p_quilombo_da_gamboa_library_pavilion_mora_1034622_exterior_1', 'i_p_quilombo_da_gamboa_library_pavilion_mora_1034622_exteriors_p_quilombo_da_gamboa_library_pavilion_mora_1034622_p_quilombo_da_gamboa_library_pavilion_mora_1034622_exteriors_p_quilombo_da_gamboa_library_pavilion_mora_1034622_exterior_2']",[],Timber|Glass|Modernist|Open Plan|Central Atrium|Natural Ventilation|Sustainable Design|Library|Community Space|Energy Efficiency|Brazilian Architecture|Cultural Hub|Daylighting|Urban Context|Landscape Integration|Cross Functional Space|Wooden Facade|Modern Architecture|Public Building|Adaptive Reuse|Passive Design|Environmentally Friendly|Natural Materials|Local Context|Educational Space|Natural Light|Green Architecture|Public Library|Social Space|Integrated Design|Community Engagement,-22.8953739,-43.1998616,Mora,Rio de Janeiro,,,2024.0,0.0,1.0
p_quilombo_da_gamboa_library_pavilion_mora_1034622_interiors_p_quilombo_da_gamboa_library_pavilion_mora_1034622,Quilombo Da Gamboa Library Pavilion Mora 1034622 Interiors P Quilombo Da Gamboa Library Pavilion Mora,unknown,unknown,unknown,unknown,unknown,"['i_p_quilombo_da_gamboa_library_pavilion_mora_1034622_interiors_p_quilombo_da_gamboa_library_pavilion_mora_1034622_p_quilombo_da_gamboa_library_pavilion_mora_1034622_interiors_p_quilombo_da_gamboa_library_pavilion_mora_1034622_interior_1', 'i_p_quilombo_da_gamboa_library_pavilion_mora_1034622_interiors_p_quilombo_da_gamboa_library_pavilion_mora_1034622_p_quilombo_da_gamboa_library_pavilion_mora_1034622_interiors_p_quilombo_da_gamboa_library_pavilion_mora_1034622_interior_2']",[],Timber|Glass|Modernist|Open Plan|Central Atrium|Natural Ventilation|Sustainable Design|Library|Community Space|Energy Efficiency|Brazilian Architecture|Cultural Hub|Daylighting|Urban Context|Landscape Integration|Cross Functional Space|Wooden Facade|Modern Architecture|Public Building|Adaptive Reuse|Passive Design|Environmentally Friendly|Natural Materials|Local Context|Educational Space|Natural Light|Green Architecture|Public Library|Social Space|Integrated Design|Community Engagement,-22.8953739,-43.1998616,Mora,Rio de Janeiro,,,2024.0,0.0,1.0
p_rahmah_library_the_maak_1033750_diagrams_p_rahmah_library_the_maak_1033750,Rahmah Library The Maak 1033750 Diagrams P Rahmah Library The Maak,unknown,unknown,unknown,unknown,unknown,"['i_p_rahmah_library_the_maak_1033750_diagrams_p_rahmah_library_the_maak_1033750_p_rahmah_library_the_maak_1033750_diagrams_p_rahmah_library_the_maak_1033750_diagram_1', 'i_p_rahmah_library_the_maak_1033750_diagrams_p_rahmah_library_the_maak_1033750_p_rahmah_library_the_maak_1033750_diagrams_p_rahmah_library_the_maak_1033750_diagram_2', 'i_p_rahmah_library_the_maak_1033750_diagrams_p_rahmah_library_the_maak_1033750_p_rahmah_library_the_maak_1033750_diagrams_p_rahmah_library_the_maak_1033750_diagram_3']",[],Library|Public Space|Sustainable Architecture|Community Hub|Open Plan|Natural Ventilation|Solar Panels|Green Roof|Cape Town|Urban Design|Fiber Cement|Glass|Concrete Frame|Flexible Spaces|Interior Courtyard|Reading Room|Cultural Facility|Low-E Glazing|Overhangs|Natural Light|Community Engagement|Educational Resource|Landscape Integration|Modern Architecture|Accessible Design|Environmentally Friendly|Social Space|Interactive Design|Multipurpose|Urban Context|Mediterranean Climate,-33.922087,18.4231418,The Maak,Cape Town,,,2024.0,1500.0,2.0
p_rahmah_library_the_maak_1033750_exteriors_p_rahmah_library_the_maak_1033750,Rahmah Library The Maak 1033750 Exteriors P Rahmah Library The Maak,unknown,unknown,unknown,unknown,unknown,"['i_p_rahmah_library_the_maak_1033750_exteriors_p_rahmah_library_the_maak_1033750_p_rahmah_library_the_maak_1033750_exteriors_p_rahmah_library_the_maak_1033750_exterior_1', 'i_p_rahmah_library_the_maak_1033750_exteriors_p_rahmah_library_the_maak_1033750_p_rahmah_library_the_maak_1033750_exteriors_p_rahmah_library_the_maak_1033750_exterior_2', 'i_p_rahmah_library_the_maak_1033750_exteriors_p_rahmah_library_the_maak_1033750_p_rahmah_library_the_maak_1033750_exteriors_p_rahmah_library_the_maak_1033750_exterior_3', 'i_p_rahmah_library_the_maak_1033750_exteriors_p_rahmah_library_the_maak_1033750_p_rahmah_library_the_maak_1033750_exteriors_p_rahmah_library_the_maak_1033750_exterior_4', 'i_p_rahmah_library_the_maak_1033750_exteriors_p_rahmah_library_the_maak_1033750_p_rahmah_library_the_maak_1033750_exteriors_p_rahmah_library_the_maak_1033750_exterior_5']",[],Library|Public Space|Sustainable Architecture|Community Hub|Open Plan|Natural Ventilation|Solar Panels|Green Roof|Cape Town|Urban Design|Fiber Cement|Glass|Concrete Frame|Flexible Spaces|Interior Courtyard|Reading Room|Cultural Facility|Low-E Glazing|Overhangs|Natural Light|Community Engagement|Educational Resource|Landscape Integration|Modern Architecture|Accessible Design|Environmentally Friendly|Social Space|Interactive Design|Multipurpose|Urban Context|Mediterranean Climate,-33.922087,18.4231418,The Maak,Cape Town,,,2024.0,1500.0,2.0
p_rahmah_library_the_maak_1033750_interiors_p_rahmah_library_the_maak_1033750,Rahmah Library The Maak 1033750 Interiors P Rahmah Library The Maak,unknown,unknown,unknown,unknown,unknown,"['i_p_rahmah_library_the_maak_1033750_interiors_p_rahmah_library_the_maak_1033750_p_rahmah_library_the_maak_1033750_interiors_p_rahmah_library_the_maak_1033750_interior_1', 'i_p_rahmah_library_the_maak_1033750_interiors_p_rahmah_library_the_maak_1033750_p_rahmah_library_the_maak_1033750_interiors_p_rahmah_library_the_maak_1033750_interior_2', 'i_p_rahmah_library_the_maak_1033750_interiors_p_rahmah_library_the_maak_1033750_p_rahmah_library_the_maak_1033750_interiors_p_rahmah_library_the_maak_1033750_interior_3', 'i_p_rahmah_library_the_maak_1033750_interiors_p_rahmah_library_the_maak_1033750_p_rahmah_library_the_maak_1033750_interiors_p_rahmah_library_the_maak_1033750_interior_4', 'i_p_rahmah_library_the_maak_1033750_interiors_p_rahmah_library_the_maak_1033750_p_rahmah_library_the_maak_1033750_interiors_p_rahmah_library_the_maak_1033750_interior_5']",[],Library|Public Space|Sustainable Architecture|Community Hub|Open Plan|Natural Ventilation|Solar Panels|Green Roof|Cape Town|Urban Design|Fiber Cement|Glass|Concrete Frame|Flexible Spaces|Interior Courtyard|Reading Room|Cultural Facility|Low-E Glazing|Overhangs|Natural Light|Community Engagement|Educational Resource|Landscape Integration|Modern Architecture|Accessible Design|Environmentally Friendly|Social Space|Interactive Design|Multipurpose|Urban Context|Mediterranean Climate,-33.922087,18.4231418,The Maak,Cape Town,,,2024.0,1500.0,2.0
p_raj_sabhagruh_discourse_hall_serie_archi_1026005_diagrams_p_raj_sabhagruh_discourse_hall_serie_archi_1026005,Raj Sabhagruh Discourse Hall Serie Archi 1026005 Diagrams P Raj Sabhagruh Discourse Hall Serie Archi,unknown,unknown,unknown,unknown,unknown,"['i_p_raj_sabhagruh_discourse_hall_serie_archi_1026005_diagrams_p_raj_sabhagruh_discourse_hall_serie_archi_1026005_p_raj_sabhagruh_discourse_hall_serie_archi_1026005_diagrams_p_raj_sabhagruh_discourse_hall_serie_archi_1026005_diagram_1', 'i_p_raj_sabhagruh_discourse_hall_serie_archi_1026005_diagrams_p_raj_sabhagruh_discourse_hall_serie_archi_1026005_p_raj_sabhagruh_discourse_hall_serie_archi_1026005_diagrams_p_raj_sabhagruh_discourse_hall_serie_archi_1026005_diagram_2', 'i_p_raj_sabhagruh_discourse_hall_serie_archi_1026005_diagrams_p_raj_sabhagruh_discourse_hall_serie_archi_1026005_p_raj_sabhagruh_discourse_hall_serie_archi_1026005_diagrams_p_raj_sabhagruh_discourse_hall_serie_archi_1026005_diagram_3']",[],Community|Cultural|Discourse Hall|Modern Architecture|Concrete|Glass|Sustainability|Linear Massing|Natural Light|Ventilation|Urban|India|Gathering Space|Passive Design|Green Roof|Ventilation|Event Space|Community Space|Outdoor Integration|Flexibility|Sustainable Architecture|Circular Economy|Lectures|Performances|Workshops|Public Space|Local Materials|Landscape Architecture|Public Engagement|Environmental Design,0.0,0.0,P,Unknown,,,2024.0,0.0,1.0
p_raj_sabhagruh_discourse_hall_serie_archi_1026005_exteriors_p_raj_sabhagruh_discourse_hall_serie_archi_1026005,Raj Sabhagruh Discourse Hall Serie Archi 1026005 Exteriors P Raj Sabhagruh Discourse Hall Serie Archi,unknown,unknown,unknown,unknown,unknown,"['i_p_raj_sabhagruh_discourse_hall_serie_archi_1026005_exteriors_p_raj_sabhagruh_discourse_hall_serie_archi_1026005_p_raj_sabhagruh_discourse_hall_serie_archi_1026005_exteriors_p_raj_sabhagruh_discourse_hall_serie_archi_1026005_exterior_1', 'i_p_raj_sabhagruh_discourse_hall_serie_archi_1026005_exteriors_p_raj_sabhagruh_discourse_hall_serie_archi_1026005_p_raj_sabhagruh_discourse_hall_serie_archi_1026005_exteriors_p_raj_sabhagruh_discourse_hall_serie_archi_1026005_exterior_2']",[],Community|Cultural|Discourse Hall|Modern Architecture|Concrete|Glass|Sustainability|Linear Massing|Natural Light|Ventilation|Urban|India|Gathering Space|Passive Design|Green Roof|Ventilation|Event Space|Community Space|Outdoor Integration|Flexibility|Sustainable Architecture|Circular Economy|Lectures|Performances|Workshops|Public Space|Local Materials|Landscape Architecture|Public Engagement|Environmental Design,0.0,0.0,P,Unknown,,,2024.0,0.0,1.0
p_raj_sabhagruh_discourse_hall_serie_archi_1026005_interiors_p_raj_sabhagruh_discourse_hall_serie_archi_1026005,Raj Sabhagruh Discourse Hall Serie Archi 1026005 Interiors P Raj Sabhagruh Discourse Hall Serie Archi,unknown,unknown,unknown,unknown,unknown,"['i_p_raj_sabhagruh_discourse_hall_serie_archi_1026005_interiors_p_raj_sabhagruh_discourse_hall_serie_archi_1026005_p_raj_sabhagruh_discourse_hall_serie_archi_1026005_interiors_p_raj_sabhagruh_discourse_hall_serie_archi_1026005_interior_1', 'i_p_raj_sabhagruh_discourse_hall_serie_archi_1026005_interiors_p_raj_sabhagruh_discourse_hall_serie_archi_1026005_p_raj_sabhagruh_discourse_hall_serie_archi_1026005_interiors_p_raj_sabhagruh_discourse_hall_serie_archi_1026005_interior_2', 'i_p_raj_sabhagruh_discourse_hall_serie_archi_1026005_interiors_p_raj_sabhagruh_discourse_hall_serie_archi_1026005_p_raj_sabhagruh_discourse_hall_serie_archi_1026005_interiors_p_raj_sabhagruh_discourse_hall_serie_archi_1026005_interior_3', 'i_p_raj_sabhagruh_discourse_hall_serie_archi_1026005_interiors_p_raj_sabhagruh_discourse_hall_serie_archi_1026005_p_raj_sabhagruh_discourse_hall_serie_archi_1026005_interiors_p_raj_sabhagruh_discourse_hall_serie_archi_1026005_interior_4', 'i_p_raj_sabhagruh_discourse_hall_serie_archi_1026005_interiors_p_raj_sabhagruh_discourse_hall_serie_archi_1026005_p_raj_sabhagruh_discourse_hall_serie_archi_1026005_interiors_p_raj_sabhagruh_discourse_hall_serie_archi_1026005_interior_5']",[],Community|Cultural|Discourse Hall|Modern Architecture|Concrete|Glass|Sustainability|Linear Massing|Natural Light|Ventilation|Urban|India|Gathering Space|Passive Design|Green Roof|Ventilation|Event Space|Community Space|Outdoor Integration|Flexibility|Sustainable Architecture|Circular Economy|Lectures|Performances|Workshops|Public Space|Local Materials|Landscape Architecture|Public Engagement|Environmental Design,0.0,0.0,P,Unknown,,,2024.0,0.0,1.0
p_recreation_center_morel_de_vind_sch_maa_956856_diagrams_p_recreation_center_morel_de_vind_sch_maa_956856,Recreation Center Morel De Vind Sch Maa 956856 Diagrams P Recreation Center Morel De Vind Sch Maa,unknown,unknown,unknown,unknown,unknown,"['i_p_recreation_center_morel_de_vind_sch_maa_956856_diagrams_p_recreation_center_morel_de_vind_sch_maa_956856_p_recreation_center_morel_de_vind_sch_maa_956856_diagrams_p_recreation_center_morel_de_vind_sch_maa_956856_diagram_1', 'i_p_recreation_center_morel_de_vind_sch_maa_956856_diagrams_p_recreation_center_morel_de_vind_sch_maa_956856_p_recreation_center_morel_de_vind_sch_maa_956856_diagrams_p_recreation_center_morel_de_vind_sch_maa_956856_diagram_2']",[],Recreation Center|Community Facility|Modern Architecture|Sustainable Design|Steel Frame|Glass Facade|Natural Lighting|Central Atrium|Green Roof|Urban Context|Sports Facility|Multipurpose Space|Passive Design|Solar Energy|Urban Integration|Landscape Architecture|High-Performance Glazing|Ventilation|Environmentally Friendly|Inclusive Design|Flexible Spaces|Modernist|Natural Materials|Cultural Engagement|Open Plan|Community Interaction|Activity Space|Social Integration|Architectural Innovation|Climate-Responsive Design,48.849766,2.132504,Unknown,Paris,,,2024.0,3000.0,2.0
p_recreation_center_morel_de_vind_sch_maa_956856_exteriors_p_recreation_center_morel_de_vind_sch_maa_956856,Recreation Center Morel De Vind Sch Maa 956856 Exteriors P Recreation Center Morel De Vind Sch Maa,unknown,unknown,unknown,unknown,unknown,"['i_p_recreation_center_morel_de_vind_sch_maa_956856_exteriors_p_recreation_center_morel_de_vind_sch_maa_956856_p_recreation_center_morel_de_vind_sch_maa_956856_exteriors_p_recreation_center_morel_de_vind_sch_maa_956856_exterior_1', 'i_p_recreation_center_morel_de_vind_sch_maa_956856_exteriors_p_recreation_center_morel_de_vind_sch_maa_956856_p_recreation_center_morel_de_vind_sch_maa_956856_exteriors_p_recreation_center_morel_de_vind_sch_maa_956856_exterior_2', 'i_p_recreation_center_morel_de_vind_sch_maa_956856_exteriors_p_recreation_center_morel_de_vind_sch_maa_956856_p_recreation_center_morel_de_vind_sch_maa_956856_exteriors_p_recreation_center_morel_de_vind_sch_maa_956856_exterior_3', 'i_p_recreation_center_morel_de_vind_sch_maa_956856_exteriors_p_recreation_center_morel_de_vind_sch_maa_956856_p_recreation_center_morel_de_vind_sch_maa_956856_exteriors_p_recreation_center_morel_de_vind_sch_maa_956856_exterior_4', 'i_p_recreation_center_morel_de_vind_sch_maa_956856_exteriors_p_recreation_center_morel_de_vind_sch_maa_956856_p_recreation_center_morel_de_vind_sch_maa_956856_exteriors_p_recreation_center_morel_de_vind_sch_maa_956856_exterior_5']",[],Recreation Center|Community Facility|Modern Architecture|Sustainable Design|Steel Frame|Glass Facade|Natural Lighting|Central Atrium|Green Roof|Urban Context|Sports Facility|Multipurpose Space|Passive Design|Solar Energy|Urban Integration|Landscape Architecture|High-Performance Glazing|Ventilation|Environmentally Friendly|Inclusive Design|Flexible Spaces|Modernist|Natural Materials|Cultural Engagement|Open Plan|Community Interaction|Activity Space|Social Integration|Architectural Innovation|Climate-Responsive Design,48.849766,2.132504,Unknown,Paris,,,2024.0,3000.0,2.0
p_recreation_center_morel_de_vind_sch_maa_956856_interiors_p_recreation_center_morel_de_vind_sch_maa_956856,Recreation Center Morel De Vind Sch Maa 956856 Interiors P Recreation Center Morel De Vind Sch Maa,unknown,unknown,unknown,unknown,unknown,"['i_p_recreation_center_morel_de_vind_sch_maa_956856_interiors_p_recreation_center_morel_de_vind_sch_maa_956856_p_recreation_center_morel_de_vind_sch_maa_956856_interiors_p_recreation_center_morel_de_vind_sch_maa_956856_interior_1', 'i_p_recreation_center_morel_de_vind_sch_maa_956856_interiors_p_recreation_center_morel_de_vind_sch_maa_956856_p_recreation_center_morel_de_vind_sch_maa_956856_interiors_p_recreation_center_morel_de_vind_sch_maa_956856_interior_2', 'i_p_recreation_center_morel_de_vind_sch_maa_956856_interiors_p_recreation_center_morel_de_vind_sch_maa_956856_p_recreation_center_morel_de_vind_sch_maa_956856_interiors_p_recreation_center_morel_de_vind_sch_maa_956856_interior_3', 'i_p_recreation_center_morel_de_vind_sch_maa_956856_interiors_p_recreation_center_morel_de_vind_sch_maa_956856_p_recreation_center_morel_de_vind_sch_maa_956856_interiors_p_recreation_center_morel_de_vind_sch_maa_956856_interior_4', 'i_p_recreation_center_morel_de_vind_sch_maa_956856_interiors_p_recreation_center_morel_de_vind_sch_maa_956856_p_recreation_center_morel_de_vind_sch_maa_956856_interiors_p_recreation_center_morel_de_vind_sch_maa_956856_interior_5']",[],Recreation Center|Community Facility|Modern Architecture|Sustainable Design|Steel Frame|Glass Facade|Natural Lighting|Central Atrium|Green Roof|Urban Context|Sports Facility|Multipurpose Space|Passive Design|Solar Energy|Urban Integration|Landscape Architecture|High-Performance Glazing|Ventilation|Environmentally Friendly|Inclusive Design|Flexible Spaces|Modernist|Natural Materials|Cultural Engagement|Open Plan|Community Interaction|Activity Space|Social Integration|Architectural Innovation|Climate-Responsive Design,48.849766,2.132504,Unknown,Paris,,,2024.0,3000.0,2.0
p_refectory_lounge_library_at_king_s_colle_1026726_diagrams_p_refectory_lounge_library_at_king_s_colle_1026726,Refectory Lounge Library At King S Colle 1026726 Diagrams P Refectory Lounge Library At King S Colle,unknown,unknown,unknown,unknown,unknown,"['i_p_refectory_lounge_library_at_king_s_colle_1026726_diagrams_p_refectory_lounge_library_at_king_s_colle_1026726_p_refectory_lounge_library_at_king_s_colle_1026726_diagrams_p_refectory_lounge_library_at_king_s_colle_1026726_diagram_1', 'i_p_refectory_lounge_library_at_king_s_colle_1026726_diagrams_p_refectory_lounge_library_at_king_s_colle_1026726_p_refectory_lounge_library_at_king_s_colle_1026726_diagrams_p_refectory_lounge_library_at_king_s_colle_1026726_diagram_2']",[],Library|Cambridge|Modern Architecture|Sustainability|Glass|Steel|Concrete|Open Plan|Collaborative Spaces|Natural Ventilation|Daylighting|Urban Design|Interaction|Educational Spaces|Study Areas|Social Lounge|Passive Design|Interior Landscape|Community Hub|Flexible Use|Contemporary Style|Reading Room|Green Building|Public Architecture|Cfb Climate|High-Performance Windows|Energy Efficiency|Innovative Design|Natural Materials|Urban Integration|Learning Environment,52.2043356,0.117285,Unknown,Cambridge,,,2024.0,0.0,2.0
p_refectory_lounge_library_at_king_s_colle_1026726_exteriors_p_refectory_lounge_library_at_king_s_colle_1026726,Refectory Lounge Library At King S Colle 1026726 Exteriors P Refectory Lounge Library At King S Colle,unknown,unknown,unknown,unknown,unknown,"['i_p_refectory_lounge_library_at_king_s_colle_1026726_exteriors_p_refectory_lounge_library_at_king_s_colle_1026726_p_refectory_lounge_library_at_king_s_colle_1026726_exteriors_p_refectory_lounge_library_at_king_s_colle_1026726_exterior_1', 'i_p_refectory_lounge_library_at_king_s_colle_1026726_exteriors_p_refectory_lounge_library_at_king_s_colle_1026726_p_refectory_lounge_library_at_king_s_colle_1026726_exteriors_p_refectory_lounge_library_at_king_s_colle_1026726_exterior_2']",[],Library|Cambridge|Modern Architecture|Sustainability|Glass|Steel|Concrete|Open Plan|Collaborative Spaces|Natural Ventilation|Daylighting|Urban Design|Interaction|Educational Spaces|Study Areas|Social Lounge|Passive Design|Interior Landscape|Community Hub|Flexible Use|Contemporary Style|Reading Room|Green Building|Public Architecture|Cfb Climate|High-Performance Windows|Energy Efficiency|Innovative Design|Natural Materials|Urban Integration|Learning Environment,52.2043356,0.117285,Unknown,Cambridge,,,2024.0,0.0,2.0
p_refectory_lounge_library_at_king_s_colle_1026726_interiors_p_refectory_lounge_library_at_king_s_colle_1026726,Refectory Lounge Library At King S Colle 1026726 Interiors P Refectory Lounge Library At King S Colle,unknown,unknown,unknown,unknown,unknown,"['i_p_refectory_lounge_library_at_king_s_colle_1026726_interiors_p_refectory_lounge_library_at_king_s_colle_1026726_p_refectory_lounge_library_at_king_s_colle_1026726_interiors_p_refectory_lounge_library_at_king_s_colle_1026726_interior_1', 'i_p_refectory_lounge_library_at_king_s_colle_1026726_interiors_p_refectory_lounge_library_at_king_s_colle_1026726_p_refectory_lounge_library_at_king_s_colle_1026726_interiors_p_refectory_lounge_library_at_king_s_colle_1026726_interior_2', 'i_p_refectory_lounge_library_at_king_s_colle_1026726_interiors_p_refectory_lounge_library_at_king_s_colle_1026726_p_refectory_lounge_library_at_king_s_colle_1026726_interiors_p_refectory_lounge_library_at_king_s_colle_1026726_interior_3', 'i_p_refectory_lounge_library_at_king_s_colle_1026726_interiors_p_refectory_lounge_library_at_king_s_colle_1026726_p_refectory_lounge_library_at_king_s_colle_1026726_interiors_p_refectory_lounge_library_at_king_s_colle_1026726_interior_4', 'i_p_refectory_lounge_library_at_king_s_colle_1026726_interiors_p_refectory_lounge_library_at_king_s_colle_1026726_p_refectory_lounge_library_at_king_s_colle_1026726_interiors_p_refectory_lounge_library_at_king_s_colle_1026726_interior_5']",[],Library|Cambridge|Modern Architecture|Sustainability|Glass|Steel|Concrete|Open Plan|Collaborative Spaces|Natural Ventilation|Daylighting|Urban Design|Interaction|Educational Spaces|Study Areas|Social Lounge|Passive Design|Interior Landscape|Community Hub|Flexible Use|Contemporary Style|Reading Room|Green Building|Public Architecture|Cfb Climate|High-Performance Windows|Energy Efficiency|Innovative Design|Natural Materials|Urban Integration|Learning Environment,52.2043356,0.117285,Unknown,Cambridge,,,2024.0,0.0,2.0
p_reinterpretation_of_national_museum_of_p_1032587_diagrams_p_reinterpretation_of_national_museum_of_p_1032587,Reinterpretation Of National Museum Of P 1032587 Diagrams P Reinterpretation Of National Museum Of P,unknown,unknown,unknown,unknown,unknown,['i_p_reinterpretation_of_national_museum_of_p_1032587_diagrams_p_reinterpretation_of_national_museum_of_p_1032587_p_reinterpretation_of_national_museum_of_p_1032587_diagrams_p_reinterpretation_of_national_museum_of_p_1032587_diagram_1'],[],Museum|Cultural|Contemporary|Sustainability|Glass|Concrete|Fragmented|Lean Construction|Exhibition Space|Natural Ventilation|Daylight|Urban Context|Adaptive Reuse|Low-Energy Design|Public Space|Landscape Architecture|Art Installation|Large Openings|Community Engagement|Design Innovation|Green Building|Structural Integrity|Museum Design|Environmentally Friendly|Urban Renewal|Artistic Expression|Modern Heritage|Civic Architecture|Visitor Experience|Interactive Design,0.0,0.0,Unknown Architect,Unknown City,,,2024.0,0.0,0.0
p_reinterpretation_of_national_museum_of_p_1032587_exteriors_p_reinterpretation_of_national_museum_of_p_1032587,Reinterpretation Of National Museum Of P 1032587 Exteriors P Reinterpretation Of National Museum Of P,unknown,unknown,unknown,unknown,unknown,"['i_p_reinterpretation_of_national_museum_of_p_1032587_exteriors_p_reinterpretation_of_national_museum_of_p_1032587_p_reinterpretation_of_national_museum_of_p_1032587_exteriors_p_reinterpretation_of_national_museum_of_p_1032587_exterior_1', 'i_p_reinterpretation_of_national_museum_of_p_1032587_exteriors_p_reinterpretation_of_national_museum_of_p_1032587_p_reinterpretation_of_national_museum_of_p_1032587_exteriors_p_reinterpretation_of_national_museum_of_p_1032587_exterior_2']",[],Museum|Cultural|Contemporary|Sustainability|Glass|Concrete|Fragmented|Lean Construction|Exhibition Space|Natural Ventilation|Daylight|Urban Context|Adaptive Reuse|Low-Energy Design|Public Space|Landscape Architecture|Art Installation|Large Openings|Community Engagement|Design Innovation|Green Building|Structural Integrity|Museum Design|Environmentally Friendly|Urban Renewal|Artistic Expression|Modern Heritage|Civic Architecture|Visitor Experience|Interactive Design,0.0,0.0,Unknown Architect,Unknown City,,,2024.0,0.0,0.0
p_reinterpretation_of_national_museum_of_p_1032587_interiors_p_reinterpretation_of_national_museum_of_p_1032587,Reinterpretation Of National Museum Of P 1032587 Interiors P Reinterpretation Of National Museum Of P,unknown,unknown,unknown,unknown,unknown,"['i_p_reinterpretation_of_national_museum_of_p_1032587_interiors_p_reinterpretation_of_national_museum_of_p_1032587_p_reinterpretation_of_national_museum_of_p_1032587_interiors_p_reinterpretation_of_national_museum_of_p_1032587_interior_1', 'i_p_reinterpretation_of_national_museum_of_p_1032587_interiors_p_reinterpretation_of_national_museum_of_p_1032587_p_reinterpretation_of_national_museum_of_p_1032587_interiors_p_reinterpretation_of_national_museum_of_p_1032587_interior_2', 'i_p_reinterpretation_of_national_museum_of_p_1032587_interiors_p_reinterpretation_of_national_museum_of_p_1032587_p_reinterpretation_of_national_museum_of_p_1032587_interiors_p_reinterpretation_of_national_museum_of_p_1032587_interior_3', 'i_p_reinterpretation_of_national_museum_of_p_1032587_interiors_p_reinterpretation_of_national_museum_of_p_1032587_p_reinterpretation_of_national_museum_of_p_1032587_interiors_p_reinterpretation_of_national_museum_of_p_1032587_interior_4', 'i_p_reinterpretation_of_national_museum_of_p_1032587_interiors_p_reinterpretation_of_national_museum_of_p_1032587_p_reinterpretation_of_national_museum_of_p_1032587_interiors_p_reinterpretation_of_national_museum_of_p_1032587_interior_5']",[],Museum|Cultural|Contemporary|Sustainability|Glass|Concrete|Fragmented|Lean Construction|Exhibition Space|Natural Ventilation|Daylight|Urban Context|Adaptive Reuse|Low-Energy Design|Public Space|Landscape Architecture|Art Installation|Large Openings|Community Engagement|Design Innovation|Green Building|Structural Integrity|Museum Design|Environmentally Friendly|Urban Renewal|Artistic Expression|Modern Heritage|Civic Architecture|Visitor Experience|Interactive Design,0.0,0.0,Unknown Architect,Unknown City,,,2024.0,0.0,0.0
p_renovation_and_expansion_of_shenzhen_lon_1027926_exteriors_p_renovation_and_expansion_of_shenzhen_lon_1027926,Renovation And Expansion Of Shenzhen Lon 1027926 Exteriors P Renovation And Expansion Of Shenzhen Lon,unknown,unknown,unknown,unknown,unknown,"['i_p_renovation_and_expansion_of_shenzhen_lon_1027926_exteriors_p_renovation_and_expansion_of_shenzhen_lon_1027926_p_renovation_and_expansion_of_shenzhen_lon_1027926_exteriors_p_renovation_and_expansion_of_shenzhen_lon_1027926_exterior_1', 'i_p_renovation_and_expansion_of_shenzhen_lon_1027926_exteriors_p_renovation_and_expansion_of_shenzhen_lon_1027926_p_renovation_and_expansion_of_shenzhen_lon_1027926_exteriors_p_renovation_and_expansion_of_shenzhen_lon_1027926_exterior_2', 'i_p_renovation_and_expansion_of_shenzhen_lon_1027926_exteriors_p_renovation_and_expansion_of_shenzhen_lon_1027926_p_renovation_and_expansion_of_shenzhen_lon_1027926_exteriors_p_renovation_and_expansion_of_shenzhen_lon_1027926_exterior_3', 'i_p_renovation_and_expansion_of_shenzhen_lon_1027926_exteriors_p_renovation_and_expansion_of_shenzhen_lon_1027926_p_renovation_and_expansion_of_shenzhen_lon_1027926_exteriors_p_renovation_and_expansion_of_shenzhen_lon_1027926_exterior_4', 'i_p_renovation_and_expansion_of_shenzhen_lon_1027926_exteriors_p_renovation_and_expansion_of_shenzhen_lon_1027926_p_renovation_and_expansion_of_shenzhen_lon_1027926_exteriors_p_renovation_and_expansion_of_shenzhen_lon_1027926_exterior_5']",[],China|Shenzhen|Cultural Architecture|Urban Design|Renovation|Expansion|Hybrid Structure|Glass Facade|Sustainable Design|Landscape Integration|Community Space|Tropical Climate|Modern Architecture|Mixed-Use|Natural Ventilation|Daylighting|Rainwater Harvesting|Solar Energy|Timber Interiors|Concrete Structure|High-Performance Buildings|Public Engagement|Interactive Spaces|Outdoor Spaces|Urban Planning|Architectural Renovation|Community Interaction,22.5428599,114.05956,Unknown,Shenzhen,,,2024.0,0.0,0.0
p_renovation_and_expansion_of_shenzhen_lon_1027926_interiors_p_renovation_and_expansion_of_shenzhen_lon_1027926,Renovation And Expansion Of Shenzhen Lon 1027926 Interiors P Renovation And Expansion Of Shenzhen Lon,unknown,unknown,unknown,unknown,unknown,"['i_p_renovation_and_expansion_of_shenzhen_lon_1027926_interiors_p_renovation_and_expansion_of_shenzhen_lon_1027926_p_renovation_and_expansion_of_shenzhen_lon_1027926_interiors_p_renovation_and_expansion_of_shenzhen_lon_1027926_interior_1', 'i_p_renovation_and_expansion_of_shenzhen_lon_1027926_interiors_p_renovation_and_expansion_of_shenzhen_lon_1027926_p_renovation_and_expansion_of_shenzhen_lon_1027926_interiors_p_renovation_and_expansion_of_shenzhen_lon_1027926_interior_2', 'i_p_renovation_and_expansion_of_shenzhen_lon_1027926_interiors_p_renovation_and_expansion_of_shenzhen_lon_1027926_p_renovation_and_expansion_of_shenzhen_lon_1027926_interiors_p_renovation_and_expansion_of_shenzhen_lon_1027926_interior_3', 'i_p_renovation_and_expansion_of_shenzhen_lon_1027926_interiors_p_renovation_and_expansion_of_shenzhen_lon_1027926_p_renovation_and_expansion_of_shenzhen_lon_1027926_interiors_p_renovation_and_expansion_of_shenzhen_lon_1027926_interior_4', 'i_p_renovation_and_expansion_of_shenzhen_lon_1027926_interiors_p_renovation_and_expansion_of_shenzhen_lon_1027926_p_renovation_and_expansion_of_shenzhen_lon_1027926_interiors_p_renovation_and_expansion_of_shenzhen_lon_1027926_interior_5']",[],China|Shenzhen|Cultural Architecture|Urban Design|Renovation|Expansion|Hybrid Structure|Glass Facade|Sustainable Design|Landscape Integration|Community Space|Tropical Climate|Modern Architecture|Mixed-Use|Natural Ventilation|Daylighting|Rainwater Harvesting|Solar Energy|Timber Interiors|Concrete Structure|High-Performance Buildings|Public Engagement|Interactive Spaces|Outdoor Spaces|Urban Planning|Architectural Renovation|Community Interaction,22.5428599,114.05956,Unknown,Shenzhen,,,2024.0,0.0,0.0
p_renovation_expansion_of_sichuan_universi_1031606_exteriors_p_renovation_expansion_of_sichuan_universi_1031606,Renovation Expansion Of Sichuan Universi 1031606 Exteriors P Renovation Expansion Of Sichuan Universi,unknown,unknown,unknown,unknown,unknown,"['i_p_renovation_expansion_of_sichuan_universi_1031606_exteriors_p_renovation_expansion_of_sichuan_universi_1031606_p_renovation_expansion_of_sichuan_universi_1031606_exteriors_p_renovation_expansion_of_sichuan_universi_1031606_exterior_1', 'i_p_renovation_expansion_of_sichuan_universi_1031606_exteriors_p_renovation_expansion_of_sichuan_universi_1031606_p_renovation_expansion_of_sichuan_universi_1031606_exteriors_p_renovation_expansion_of_sichuan_universi_1031606_exterior_2', 'i_p_renovation_expansion_of_sichuan_universi_1031606_exteriors_p_renovation_expansion_of_sichuan_universi_1031606_p_renovation_expansion_of_sichuan_universi_1031606_exteriors_p_renovation_expansion_of_sichuan_universi_1031606_exterior_3', 'i_p_renovation_expansion_of_sichuan_universi_1031606_exteriors_p_renovation_expansion_of_sichuan_universi_1031606_p_renovation_expansion_of_sichuan_universi_1031606_exteriors_p_renovation_expansion_of_sichuan_universi_1031606_exterior_4', 'i_p_renovation_expansion_of_sichuan_universi_1031606_exteriors_p_renovation_expansion_of_sichuan_universi_1031606_p_renovation_expansion_of_sichuan_universi_1031606_exteriors_p_renovation_expansion_of_sichuan_universi_1031606_exterior_5']",[],Sichuan University|Renovation|Education|Sustainability|Modern Architecture|Glass Facade|Concrete|Urban Context|Collaborative Spaces|Natural Ventilation|Green Roof|Daylight Harvesting|Open Plan|High-Performance Materials|Institutional Building|Central Circulation,30.5722599,104.0665099,Unknown,Chengdu,,,2024.0,0.0,0.0
p_renovation_expansion_of_sichuan_universi_1031606_interiors_p_renovation_expansion_of_sichuan_universi_1031606,Renovation Expansion Of Sichuan Universi 1031606 Interiors P Renovation Expansion Of Sichuan Universi,unknown,unknown,unknown,unknown,unknown,"['i_p_renovation_expansion_of_sichuan_universi_1031606_interiors_p_renovation_expansion_of_sichuan_universi_1031606_p_renovation_expansion_of_sichuan_universi_1031606_interiors_p_renovation_expansion_of_sichuan_universi_1031606_interior_1', 'i_p_renovation_expansion_of_sichuan_universi_1031606_interiors_p_renovation_expansion_of_sichuan_universi_1031606_p_renovation_expansion_of_sichuan_universi_1031606_interiors_p_renovation_expansion_of_sichuan_universi_1031606_interior_2']",[],Sichuan University|Renovation|Education|Sustainability|Modern Architecture|Glass Facade|Concrete|Urban Context|Collaborative Spaces|Natural Ventilation|Green Roof|Daylight Harvesting|Open Plan|High-Performance Materials|Institutional Building|Central Circulation,30.5722599,104.0665099,Unknown,Chengdu,,,2024.0,0.0,0.0
p_renovation_of_nju_kindergarten_atelier_j_1034367_exteriors_p_renovation_of_nju_kindergarten_atelier_j_1034367,Renovation Of Nju Kindergarten Atelier J 1034367 Exteriors P Renovation Of Nju Kindergarten Atelier J,unknown,unknown,unknown,unknown,unknown,"['i_p_renovation_of_nju_kindergarten_atelier_j_1034367_exteriors_p_renovation_of_nju_kindergarten_atelier_j_1034367_p_renovation_of_nju_kindergarten_atelier_j_1034367_exteriors_p_renovation_of_nju_kindergarten_atelier_j_1034367_exterior_1', 'i_p_renovation_of_nju_kindergarten_atelier_j_1034367_exteriors_p_renovation_of_nju_kindergarten_atelier_j_1034367_p_renovation_of_nju_kindergarten_atelier_j_1034367_exteriors_p_renovation_of_nju_kindergarten_atelier_j_1034367_exterior_2', 'i_p_renovation_of_nju_kindergarten_atelier_j_1034367_exteriors_p_renovation_of_nju_kindergarten_atelier_j_1034367_p_renovation_of_nju_kindergarten_atelier_j_1034367_exteriors_p_renovation_of_nju_kindergarten_atelier_j_1034367_exterior_3', 'i_p_renovation_of_nju_kindergarten_atelier_j_1034367_exteriors_p_renovation_of_nju_kindergarten_atelier_j_1034367_p_renovation_of_nju_kindergarten_atelier_j_1034367_exteriors_p_renovation_of_nju_kindergarten_atelier_j_1034367_exterior_4', 'i_p_renovation_of_nju_kindergarten_atelier_j_1034367_exteriors_p_renovation_of_nju_kindergarten_atelier_j_1034367_p_renovation_of_nju_kindergarten_atelier_j_1034367_exteriors_p_renovation_of_nju_kindergarten_atelier_j_1034367_exterior_5']",[],Kindergarten|Educational|Renovation|Sustainable Architecture|Brick|Wood|Daylighting|Natural Ventilation|Courtyard|Modernist|Natural Materials|Community Space|Engaging Learning Environments|Urban Design|Child-Friendly Spaces|Green Roof|Rainwater Harvesting|Play Area|Interactive Design|Acoustic Panels|Landscape Architecture|Outdoor Education|Low-Emissivity Glass|Eco-Friendly|School|Small-Scale Architecture|Pedagogy|Comfort|Affordability|Biophilic Design|Local Materials,0.0,0.0,Nju Architects,Unknown City,,,2024.0,0.0,1.0
p_renovation_of_nju_kindergarten_atelier_j_1034367_interiors_p_renovation_of_nju_kindergarten_atelier_j_1034367,Renovation Of Nju Kindergarten Atelier J 1034367 Interiors P Renovation Of Nju Kindergarten Atelier J,unknown,unknown,unknown,unknown,unknown,"['i_p_renovation_of_nju_kindergarten_atelier_j_1034367_interiors_p_renovation_of_nju_kindergarten_atelier_j_1034367_p_renovation_of_nju_kindergarten_atelier_j_1034367_interiors_p_renovation_of_nju_kindergarten_atelier_j_1034367_interior_1', 'i_p_renovation_of_nju_kindergarten_atelier_j_1034367_interiors_p_renovation_of_nju_kindergarten_atelier_j_1034367_p_renovation_of_nju_kindergarten_atelier_j_1034367_interiors_p_renovation_of_nju_kindergarten_atelier_j_1034367_interior_2', 'i_p_renovation_of_nju_kindergarten_atelier_j_1034367_interiors_p_renovation_of_nju_kindergarten_atelier_j_1034367_p_renovation_of_nju_kindergarten_atelier_j_1034367_interiors_p_renovation_of_nju_kindergarten_atelier_j_1034367_interior_3']",[],Kindergarten|Educational|Renovation|Sustainable Architecture|Brick|Wood|Daylighting|Natural Ventilation|Courtyard|Modernist|Natural Materials|Community Space|Engaging Learning Environments|Urban Design|Child-Friendly Spaces|Green Roof|Rainwater Harvesting|Play Area|Interactive Design|Acoustic Panels|Landscape Architecture|Outdoor Education|Low-Emissivity Glass|Eco-Friendly|School|Small-Scale Architecture|Pedagogy|Comfort|Affordability|Biophilic Design|Local Materials,0.0,0.0,Nju Architects,Unknown City,,,2024.0,0.0,1.0
p_resting_chapel_jung_architekti_1025027_diagrams_p_resting_chapel_jung_architekti_1025027,Resting Chapel Jung Architekti 1025027 Diagrams P Resting Chapel Jung Architekti,unknown,unknown,unknown,unknown,unknown,"['i_p_resting_chapel_jung_architekti_1025027_diagrams_p_resting_chapel_jung_architekti_1025027_p_resting_chapel_jung_architekti_1025027_diagrams_p_resting_chapel_jung_architekti_1025027_diagram_1', 'i_p_resting_chapel_jung_architekti_1025027_diagrams_p_resting_chapel_jung_architekti_1025027_p_resting_chapel_jung_architekti_1025027_diagrams_p_resting_chapel_jung_architekti_1025027_diagram_2', 'i_p_resting_chapel_jung_architekti_1025027_diagrams_p_resting_chapel_jung_architekti_1025027_p_resting_chapel_jung_architekti_1025027_diagrams_p_resting_chapel_jung_architekti_1025027_diagram_3']",[],Timber|Concrete|Religious Architecture|Modernist|Contemplative Space|Sustainable Design|Natural Ventilation|Passive Design|Tranquility|Cross-Ventilation|Natural Lighting|Serenity|Wood|Rural Context|Sacred Space|Lightweight Structure|Connected To Nature|Sustainability|Open Interiors|Minimalist|Green Building|Organic Architecture|Serene Colors|Environmentally Friendly|Community Space|Timber Frame|Harmonious Design|Play Of Light And Shadow|Landscape Integration|Human-Scale Architecture,48.8614192,17.0265351,Jung Architekti,,,,2024.0,0.0,1.0
p_resting_chapel_jung_architekti_1025027_exteriors_p_resting_chapel_jung_architekti_1025027,Resting Chapel Jung Architekti 1025027 Exteriors P Resting Chapel Jung Architekti,unknown,unknown,unknown,unknown,unknown,"['i_p_resting_chapel_jung_architekti_1025027_exteriors_p_resting_chapel_jung_architekti_1025027_p_resting_chapel_jung_architekti_1025027_exteriors_p_resting_chapel_jung_architekti_1025027_exterior_1', 'i_p_resting_chapel_jung_architekti_1025027_exteriors_p_resting_chapel_jung_architekti_1025027_p_resting_chapel_jung_architekti_1025027_exteriors_p_resting_chapel_jung_architekti_1025027_exterior_2', 'i_p_resting_chapel_jung_architekti_1025027_exteriors_p_resting_chapel_jung_architekti_1025027_p_resting_chapel_jung_architekti_1025027_exteriors_p_resting_chapel_jung_architekti_1025027_exterior_3', 'i_p_resting_chapel_jung_architekti_1025027_exteriors_p_resting_chapel_jung_architekti_1025027_p_resting_chapel_jung_architekti_1025027_exteriors_p_resting_chapel_jung_architekti_1025027_exterior_4']",[],Timber|Concrete|Religious Architecture|Modernist|Contemplative Space|Sustainable Design|Natural Ventilation|Passive Design|Tranquility|Cross-Ventilation|Natural Lighting|Serenity|Wood|Rural Context|Sacred Space|Lightweight Structure|Connected To Nature|Sustainability|Open Interiors|Minimalist|Green Building|Organic Architecture|Serene Colors|Environmentally Friendly|Community Space|Timber Frame|Harmonious Design|Play Of Light And Shadow|Landscape Integration|Human-Scale Architecture,48.8614192,17.0265351,Jung Architekti,,,,2024.0,0.0,1.0
p_resting_chapel_jung_architekti_1025027_interiors_p_resting_chapel_jung_architekti_1025027,Resting Chapel Jung Architekti 1025027 Interiors P Resting Chapel Jung Architekti,unknown,unknown,unknown,unknown,unknown,"['i_p_resting_chapel_jung_architekti_1025027_interiors_p_resting_chapel_jung_architekti_1025027_p_resting_chapel_jung_architekti_1025027_interiors_p_resting_chapel_jung_architekti_1025027_interior_1', 'i_p_resting_chapel_jung_architekti_1025027_interiors_p_resting_chapel_jung_architekti_1025027_p_resting_chapel_jung_architekti_1025027_interiors_p_resting_chapel_jung_architekti_1025027_interior_2']",[],Timber|Concrete|Religious Architecture|Modernist|Contemplative Space|Sustainable Design|Natural Ventilation|Passive Design|Tranquility|Cross-Ventilation|Natural Lighting|Serenity|Wood|Rural Context|Sacred Space|Lightweight Structure|Connected To Nature|Sustainability|Open Interiors|Minimalist|Green Building|Organic Architecture|Serene Colors|Environmentally Friendly|Community Space|Timber Frame|Harmonious Design|Play Of Light And Shadow|Landscape Integration|Human-Scale Architecture,48.8614192,17.0265351,Jung Architekti,,,,2024.0,0.0,1.0
p_restoration_and_enhancement_of_the_patri_1034427_diagrams_p_restoration_and_enhancement_of_the_patri_1034427,Restoration And Enhancement Of The Patri 1034427 Diagrams P Restoration And Enhancement Of The Patri,unknown,unknown,unknown,unknown,unknown,"['i_p_restoration_and_enhancement_of_the_patri_1034427_diagrams_p_restoration_and_enhancement_of_the_patri_1034427_p_restoration_and_enhancement_of_the_patri_1034427_diagrams_p_restoration_and_enhancement_of_the_patri_1034427_diagram_1', 'i_p_restoration_and_enhancement_of_the_patri_1034427_diagrams_p_restoration_and_enhancement_of_the_patri_1034427_p_restoration_and_enhancement_of_the_patri_1034427_diagrams_p_restoration_and_enhancement_of_the_patri_1034427_diagram_2', 'i_p_restoration_and_enhancement_of_the_patri_1034427_diagrams_p_restoration_and_enhancement_of_the_patri_1034427_p_restoration_and_enhancement_of_the_patri_1034427_diagrams_p_restoration_and_enhancement_of_the_patri_1034427_diagram_3']",[],Restoration|Cultural|Lisbon|Sustianability|Modernization|Courtyard|High-Performance Glazing|Historic Preservation|Public Engagement|Patio|Urban Integration|Community Space|Natural Ventilation|Solar Panels|Rainwater Harvesting|Exhibition Area|Neutral Color Palette|Concrete|Brick|Landscape Architecture|Passive Design|Natural Lighting|High Ceilings|Open Plan|Central Circulation|Modern Amenities|Mixed-Use Potential|Cultural Heritage|Urban Context|Temperate Climate|Architectural Enhancement|Fragmented Massing,38.7222524,-9.1393366,N/A,Lisbon,,,2024.0,0.0,2.0
p_restoration_and_enhancement_of_the_patri_1034427_exteriors_p_restoration_and_enhancement_of_the_patri_1034427,Restoration And Enhancement Of The Patri 1034427 Exteriors P Restoration And Enhancement Of The Patri,unknown,unknown,unknown,unknown,unknown,"['i_p_restoration_and_enhancement_of_the_patri_1034427_exteriors_p_restoration_and_enhancement_of_the_patri_1034427_p_restoration_and_enhancement_of_the_patri_1034427_exteriors_p_restoration_and_enhancement_of_the_patri_1034427_exterior_1', 'i_p_restoration_and_enhancement_of_the_patri_1034427_exteriors_p_restoration_and_enhancement_of_the_patri_1034427_p_restoration_and_enhancement_of_the_patri_1034427_exteriors_p_restoration_and_enhancement_of_the_patri_1034427_exterior_2']",[],Restoration|Cultural|Lisbon|Sustianability|Modernization|Courtyard|High-Performance Glazing|Historic Preservation|Public Engagement|Patio|Urban Integration|Community Space|Natural Ventilation|Solar Panels|Rainwater Harvesting|Exhibition Area|Neutral Color Palette|Concrete|Brick|Landscape Architecture|Passive Design|Natural Lighting|High Ceilings|Open Plan|Central Circulation|Modern Amenities|Mixed-Use Potential|Cultural Heritage|Urban Context|Temperate Climate|Architectural Enhancement|Fragmented Massing,38.7222524,-9.1393366,N/A,Lisbon,,,2024.0,0.0,2.0
p_restoration_and_enhancement_of_the_patri_1034427_interiors_p_restoration_and_enhancement_of_the_patri_1034427,Restoration And Enhancement Of The Patri 1034427 Interiors P Restoration And Enhancement Of The Patri,unknown,unknown,unknown,unknown,unknown,"['i_p_restoration_and_enhancement_of_the_patri_1034427_interiors_p_restoration_and_enhancement_of_the_patri_1034427_p_restoration_and_enhancement_of_the_patri_1034427_interiors_p_restoration_and_enhancement_of_the_patri_1034427_interior_1', 'i_p_restoration_and_enhancement_of_the_patri_1034427_interiors_p_restoration_and_enhancement_of_the_patri_1034427_p_restoration_and_enhancement_of_the_patri_1034427_interiors_p_restoration_and_enhancement_of_the_patri_1034427_interior_2', 'i_p_restoration_and_enhancement_of_the_patri_1034427_interiors_p_restoration_and_enhancement_of_the_patri_1034427_p_restoration_and_enhancement_of_the_patri_1034427_interiors_p_restoration_and_enhancement_of_the_patri_1034427_interior_3', 'i_p_restoration_and_enhancement_of_the_patri_1034427_interiors_p_restoration_and_enhancement_of_the_patri_1034427_p_restoration_and_enhancement_of_the_patri_1034427_interiors_p_restoration_and_enhancement_of_the_patri_1034427_interior_4', 'i_p_restoration_and_enhancement_of_the_patri_1034427_interiors_p_restoration_and_enhancement_of_the_patri_1034427_p_restoration_and_enhancement_of_the_patri_1034427_interiors_p_restoration_and_enhancement_of_the_patri_1034427_interior_5']",[],Restoration|Cultural|Lisbon|Sustianability|Modernization|Courtyard|High-Performance Glazing|Historic Preservation|Public Engagement|Patio|Urban Integration|Community Space|Natural Ventilation|Solar Panels|Rainwater Harvesting|Exhibition Area|Neutral Color Palette|Concrete|Brick|Landscape Architecture|Passive Design|Natural Lighting|High Ceilings|Open Plan|Central Circulation|Modern Amenities|Mixed-Use Potential|Cultural Heritage|Urban Context|Temperate Climate|Architectural Enhancement|Fragmented Massing,38.7222524,-9.1393366,N/A,Lisbon,,,2024.0,0.0,2.0
p_restoration_of_sant_esteve_church_santam_1032564_exteriors_p_restoration_of_sant_esteve_church_santam_1032564,Restoration Of Sant Esteve Church Santam 1032564 Exteriors P Restoration Of Sant Esteve Church Santam,unknown,unknown,unknown,unknown,unknown,"['i_p_restoration_of_sant_esteve_church_santam_1032564_exteriors_p_restoration_of_sant_esteve_church_santam_1032564_p_restoration_of_sant_esteve_church_santam_1032564_exteriors_p_restoration_of_sant_esteve_church_santam_1032564_exterior_1', 'i_p_restoration_of_sant_esteve_church_santam_1032564_exteriors_p_restoration_of_sant_esteve_church_santam_1032564_p_restoration_of_sant_esteve_church_santam_1032564_exteriors_p_restoration_of_sant_esteve_church_santam_1032564_exterior_2']",[],"Restoration|Historical Architecture|Religious|Masonry|Stone|Brick|Stained Glass|Urban|Energy Efficiency|Natural Ventilation|Csb Climate|Landscape Integration|Light Beige Facade|Linear Circulation|Fragmented Massing|Cultural Heritage|Architectural Preservation|Passive Design|Temporal”, | | | | |  , |  , |  , |  , |  , |  , |  , |  , |  , |  , |  , |  , |  , |  , |  , |  , |  , |  , |  , |  , |  , |  , |  , |  , |  , |  , |  , |  , |  , |  , |  , |  , |  , |  , |  , |  , |  , |  , ",41.640497,1.7903143,,Santam,,,2024.0,0.0,0.0
p_restoration_of_sant_esteve_church_santam_1032564_interiors_p_restoration_of_sant_esteve_church_santam_1032564,Restoration Of Sant Esteve Church Santam 1032564 Interiors P Restoration Of Sant Esteve Church Santam,unknown,unknown,unknown,unknown,unknown,"['i_p_restoration_of_sant_esteve_church_santam_1032564_interiors_p_restoration_of_sant_esteve_church_santam_1032564_p_restoration_of_sant_esteve_church_santam_1032564_interiors_p_restoration_of_sant_esteve_church_santam_1032564_interior_1', 'i_p_restoration_of_sant_esteve_church_santam_1032564_interiors_p_restoration_of_sant_esteve_church_santam_1032564_p_restoration_of_sant_esteve_church_santam_1032564_interiors_p_restoration_of_sant_esteve_church_santam_1032564_interior_2']",[],"Restoration|Historical Architecture|Religious|Masonry|Stone|Brick|Stained Glass|Urban|Energy Efficiency|Natural Ventilation|Csb Climate|Landscape Integration|Light Beige Facade|Linear Circulation|Fragmented Massing|Cultural Heritage|Architectural Preservation|Passive Design|Temporal”, | | | | |  , |  , |  , |  , |  , |  , |  , |  , |  , |  , |  , |  , |  , |  , |  , |  , |  , |  , |  , |  , |  , |  , |  , |  , |  , |  , |  , |  , |  , |  , |  , |  , |  , |  , |  , |  , |  , |  , ",41.640497,1.7903143,,Santam,,,2024.0,0.0,0.0
p_retrofit_of_santa_maria_school_carvalho_1034261_diagrams_p_retrofit_of_santa_maria_school_carvalho_1034261,Retrofit Of Santa Maria School Carvalho 1034261 Diagrams P Retrofit Of Santa Maria School Carvalho,unknown,unknown,unknown,unknown,unknown,"['i_p_retrofit_of_santa_maria_school_carvalho_1034261_diagrams_p_retrofit_of_santa_maria_school_carvalho_1034261_p_retrofit_of_santa_maria_school_carvalho_1034261_diagrams_p_retrofit_of_santa_maria_school_carvalho_1034261_diagram_1', 'i_p_retrofit_of_santa_maria_school_carvalho_1034261_diagrams_p_retrofit_of_santa_maria_school_carvalho_1034261_p_retrofit_of_santa_maria_school_carvalho_1034261_diagrams_p_retrofit_of_santa_maria_school_carvalho_1034261_diagram_2']",[],Concrete|Glass|School|Institutional|Modernist|Sustainable|Adaptive Reuse|Educational|Classroom|Natural Light|Urban|Environmentally Friendly|Passive Design|Central Circulation|Cross Ventilation|Green Roof|Community Space|Brazilian Architecture|Contemporary|Thermal Mass|Rainwater Harvesting|Led Lighting|Outdoor Space|Pedagogical|Interaction Space|Modular|Climate Responsive|Flat Site|Recreational Areas|Educational Gardens,-23.5557714,-46.6395571,Carvalho,São Paulo,,,2024.0,0.0,2.0
p_retrofit_of_santa_maria_school_carvalho_1034261_exteriors_p_retrofit_of_santa_maria_school_carvalho_1034261,Retrofit Of Santa Maria School Carvalho 1034261 Exteriors P Retrofit Of Santa Maria School Carvalho,unknown,unknown,unknown,unknown,unknown,"['i_p_retrofit_of_santa_maria_school_carvalho_1034261_exteriors_p_retrofit_of_santa_maria_school_carvalho_1034261_p_retrofit_of_santa_maria_school_carvalho_1034261_exteriors_p_retrofit_of_santa_maria_school_carvalho_1034261_exterior_1', 'i_p_retrofit_of_santa_maria_school_carvalho_1034261_exteriors_p_retrofit_of_santa_maria_school_carvalho_1034261_p_retrofit_of_santa_maria_school_carvalho_1034261_exteriors_p_retrofit_of_santa_maria_school_carvalho_1034261_exterior_2', 'i_p_retrofit_of_santa_maria_school_carvalho_1034261_exteriors_p_retrofit_of_santa_maria_school_carvalho_1034261_p_retrofit_of_santa_maria_school_carvalho_1034261_exteriors_p_retrofit_of_santa_maria_school_carvalho_1034261_exterior_3', 'i_p_retrofit_of_santa_maria_school_carvalho_1034261_exteriors_p_retrofit_of_santa_maria_school_carvalho_1034261_p_retrofit_of_santa_maria_school_carvalho_1034261_exteriors_p_retrofit_of_santa_maria_school_carvalho_1034261_exterior_4']",[],Concrete|Glass|School|Institutional|Modernist|Sustainable|Adaptive Reuse|Educational|Classroom|Natural Light|Urban|Environmentally Friendly|Passive Design|Central Circulation|Cross Ventilation|Green Roof|Community Space|Brazilian Architecture|Contemporary|Thermal Mass|Rainwater Harvesting|Led Lighting|Outdoor Space|Pedagogical|Interaction Space|Modular|Climate Responsive|Flat Site|Recreational Areas|Educational Gardens,-23.5557714,-46.6395571,Carvalho,São Paulo,,,2024.0,0.0,2.0
p_retrofit_of_santa_maria_school_carvalho_1034261_interiors_p_retrofit_of_santa_maria_school_carvalho_1034261,Retrofit Of Santa Maria School Carvalho 1034261 Interiors P Retrofit Of Santa Maria School Carvalho,unknown,unknown,unknown,unknown,unknown,"['i_p_retrofit_of_santa_maria_school_carvalho_1034261_interiors_p_retrofit_of_santa_maria_school_carvalho_1034261_p_retrofit_of_santa_maria_school_carvalho_1034261_interiors_p_retrofit_of_santa_maria_school_carvalho_1034261_interior_1', 'i_p_retrofit_of_santa_maria_school_carvalho_1034261_interiors_p_retrofit_of_santa_maria_school_carvalho_1034261_p_retrofit_of_santa_maria_school_carvalho_1034261_interiors_p_retrofit_of_santa_maria_school_carvalho_1034261_interior_2', 'i_p_retrofit_of_santa_maria_school_carvalho_1034261_interiors_p_retrofit_of_santa_maria_school_carvalho_1034261_p_retrofit_of_santa_maria_school_carvalho_1034261_interiors_p_retrofit_of_santa_maria_school_carvalho_1034261_interior_3', 'i_p_retrofit_of_santa_maria_school_carvalho_1034261_interiors_p_retrofit_of_santa_maria_school_carvalho_1034261_p_retrofit_of_santa_maria_school_carvalho_1034261_interiors_p_retrofit_of_santa_maria_school_carvalho_1034261_interior_4', 'i_p_retrofit_of_santa_maria_school_carvalho_1034261_interiors_p_retrofit_of_santa_maria_school_carvalho_1034261_p_retrofit_of_santa_maria_school_carvalho_1034261_interiors_p_retrofit_of_santa_maria_school_carvalho_1034261_interior_5']",[],Concrete|Glass|School|Institutional|Modernist|Sustainable|Adaptive Reuse|Educational|Classroom|Natural Light|Urban|Environmentally Friendly|Passive Design|Central Circulation|Cross Ventilation|Green Roof|Community Space|Brazilian Architecture|Contemporary|Thermal Mass|Rainwater Harvesting|Led Lighting|Outdoor Space|Pedagogical|Interaction Space|Modular|Climate Responsive|Flat Site|Recreational Areas|Educational Gardens,-23.5557714,-46.6395571,Carvalho,São Paulo,,,2024.0,0.0,2.0
p_sailing_castle_ren_ai_cheng_tsung_feng_d_1035634_exteriors_p_sailing_castle_ren_ai_cheng_tsung_feng_d_1035634,Sailing Castle Ren Ai Cheng Tsung Feng D 1035634 Exteriors P Sailing Castle Ren Ai Cheng Tsung Feng D,unknown,unknown,unknown,unknown,unknown,"['i_p_sailing_castle_ren_ai_cheng_tsung_feng_d_1035634_exteriors_p_sailing_castle_ren_ai_cheng_tsung_feng_d_1035634_p_sailing_castle_ren_ai_cheng_tsung_feng_d_1035634_exteriors_p_sailing_castle_ren_ai_cheng_tsung_feng_d_1035634_exterior_1', 'i_p_sailing_castle_ren_ai_cheng_tsung_feng_d_1035634_exteriors_p_sailing_castle_ren_ai_cheng_tsung_feng_d_1035634_p_sailing_castle_ren_ai_cheng_tsung_feng_d_1035634_exteriors_p_sailing_castle_ren_ai_cheng_tsung_feng_d_1035634_exterior_2', 'i_p_sailing_castle_ren_ai_cheng_tsung_feng_d_1035634_exteriors_p_sailing_castle_ren_ai_cheng_tsung_feng_d_1035634_p_sailing_castle_ren_ai_cheng_tsung_feng_d_1035634_exteriors_p_sailing_castle_ren_ai_cheng_tsung_feng_d_1035634_exterior_3', 'i_p_sailing_castle_ren_ai_cheng_tsung_feng_d_1035634_exteriors_p_sailing_castle_ren_ai_cheng_tsung_feng_d_1035634_p_sailing_castle_ren_ai_cheng_tsung_feng_d_1035634_exteriors_p_sailing_castle_ren_ai_cheng_tsung_feng_d_1035634_exterior_4', 'i_p_sailing_castle_ren_ai_cheng_tsung_feng_d_1035634_exteriors_p_sailing_castle_ren_ai_cheng_tsung_feng_d_1035634_p_sailing_castle_ren_ai_cheng_tsung_feng_d_1035634_exteriors_p_sailing_castle_ren_ai_cheng_tsung_feng_d_1035634_exterior_5']",[],Glass|Concrete|Modernist|Fragmented|Residential|Mixed-Use|Community Spaces|Sustainable Design|Urban Context|Green Roof|Open Floor Plan|Natural Ventilation|Large Glazing|Solar Shading|Integration With Landscape|Taiwan Architecture|Luxury Housing|Innovative Design|Urban Living|Passive Design|Contemporary|Thermal Mass|Urban Density|Community Interaction|Environmentally Friendly|Efficiency|Modern Architecture|Scenic Views|Vertical Gardens|Current Trends,25.0329636,121.5654268,Tsung Feng D,Taipei,,,2024.0,0.0,5.0
p_sailing_castle_ren_ai_cheng_tsung_feng_d_1035634_interiors_p_sailing_castle_ren_ai_cheng_tsung_feng_d_1035634,Sailing Castle Ren Ai Cheng Tsung Feng D 1035634 Interiors P Sailing Castle Ren Ai Cheng Tsung Feng D,unknown,unknown,unknown,unknown,unknown,"['i_p_sailing_castle_ren_ai_cheng_tsung_feng_d_1035634_interiors_p_sailing_castle_ren_ai_cheng_tsung_feng_d_1035634_p_sailing_castle_ren_ai_cheng_tsung_feng_d_1035634_interiors_p_sailing_castle_ren_ai_cheng_tsung_feng_d_1035634_interior_1', 'i_p_sailing_castle_ren_ai_cheng_tsung_feng_d_1035634_interiors_p_sailing_castle_ren_ai_cheng_tsung_feng_d_1035634_p_sailing_castle_ren_ai_cheng_tsung_feng_d_1035634_interiors_p_sailing_castle_ren_ai_cheng_tsung_feng_d_1035634_interior_2']",[],Glass|Concrete|Modernist|Fragmented|Residential|Mixed-Use|Community Spaces|Sustainable Design|Urban Context|Green Roof|Open Floor Plan|Natural Ventilation|Large Glazing|Solar Shading|Integration With Landscape|Taiwan Architecture|Luxury Housing|Innovative Design|Urban Living|Passive Design|Contemporary|Thermal Mass|Urban Density|Community Interaction|Environmentally Friendly|Efficiency|Modern Architecture|Scenic Views|Vertical Gardens|Current Trends,25.0329636,121.5654268,Tsung Feng D,Taipei,,,2024.0,0.0,5.0
p_salem_public_library_renovation_hacker_a_1024470_exteriors_p_salem_public_library_renovation_hacker_a_1024470,Salem Public Library Renovation Hacker A 1024470 Exteriors P Salem Public Library Renovation Hacker A,unknown,unknown,unknown,unknown,unknown,"['i_p_salem_public_library_renovation_hacker_a_1024470_exteriors_p_salem_public_library_renovation_hacker_a_1024470_p_salem_public_library_renovation_hacker_a_1024470_exteriors_p_salem_public_library_renovation_hacker_a_1024470_exterior_1', 'i_p_salem_public_library_renovation_hacker_a_1024470_exteriors_p_salem_public_library_renovation_hacker_a_1024470_p_salem_public_library_renovation_hacker_a_1024470_exteriors_p_salem_public_library_renovation_hacker_a_1024470_exterior_2', 'i_p_salem_public_library_renovation_hacker_a_1024470_exteriors_p_salem_public_library_renovation_hacker_a_1024470_p_salem_public_library_renovation_hacker_a_1024470_exteriors_p_salem_public_library_renovation_hacker_a_1024470_exterior_3', 'i_p_salem_public_library_renovation_hacker_a_1024470_exteriors_p_salem_public_library_renovation_hacker_a_1024470_p_salem_public_library_renovation_hacker_a_1024470_exteriors_p_salem_public_library_renovation_hacker_a_1024470_exterior_4', 'i_p_salem_public_library_renovation_hacker_a_1024470_exteriors_p_salem_public_library_renovation_hacker_a_1024470_p_salem_public_library_renovation_hacker_a_1024470_exteriors_p_salem_public_library_renovation_hacker_a_1024470_exterior_5']",[],Library|Renovation|Community Space|Hacker|Steel Frame|Brick|Glass|Sustainability|Green Roof|Natural Ventilation|Reading Areas|Public Space|Energy-Efficient|Urban Design|Natural Lighting|Accessibility|Modern Architecture|Flexible Spaces|Historic Preservation|Open Plan|Social Engagement|Public Institution|Environmentally Friendly|Landscaping|Community-Oriented|Reader-Focused|Technology Integration|Civic Architecture|Collaborative Spaces|Passive Design|Cultural Center,42.5197473,-70.8954626,Hacker,Salem,,,2024.0,0.0,2.0
p_salem_public_library_renovation_hacker_a_1024470_interiors_p_salem_public_library_renovation_hacker_a_1024470,Salem Public Library Renovation Hacker A 1024470 Interiors P Salem Public Library Renovation Hacker A,unknown,unknown,unknown,unknown,unknown,"['i_p_salem_public_library_renovation_hacker_a_1024470_interiors_p_salem_public_library_renovation_hacker_a_1024470_p_salem_public_library_renovation_hacker_a_1024470_interiors_p_salem_public_library_renovation_hacker_a_1024470_interior_1', 'i_p_salem_public_library_renovation_hacker_a_1024470_interiors_p_salem_public_library_renovation_hacker_a_1024470_p_salem_public_library_renovation_hacker_a_1024470_interiors_p_salem_public_library_renovation_hacker_a_1024470_interior_2', 'i_p_salem_public_library_renovation_hacker_a_1024470_interiors_p_salem_public_library_renovation_hacker_a_1024470_p_salem_public_library_renovation_hacker_a_1024470_interiors_p_salem_public_library_renovation_hacker_a_1024470_interior_3', 'i_p_salem_public_library_renovation_hacker_a_1024470_interiors_p_salem_public_library_renovation_hacker_a_1024470_p_salem_public_library_renovation_hacker_a_1024470_interiors_p_salem_public_library_renovation_hacker_a_1024470_interior_4', 'i_p_salem_public_library_renovation_hacker_a_1024470_interiors_p_salem_public_library_renovation_hacker_a_1024470_p_salem_public_library_renovation_hacker_a_1024470_interiors_p_salem_public_library_renovation_hacker_a_1024470_interior_5']",[],Library|Renovation|Community Space|Hacker|Steel Frame|Brick|Glass|Sustainability|Green Roof|Natural Ventilation|Reading Areas|Public Space|Energy-Efficient|Urban Design|Natural Lighting|Accessibility|Modern Architecture|Flexible Spaces|Historic Preservation|Open Plan|Social Engagement|Public Institution|Environmentally Friendly|Landscaping|Community-Oriented|Reader-Focused|Technology Integration|Civic Architecture|Collaborative Spaces|Passive Design|Cultural Center,42.5197473,-70.8954626,Hacker,Salem,,,2024.0,0.0,2.0
p_san_rocco_s_oratory_architettura_tommasi_1033428_exteriors_p_san_rocco_s_oratory_architettura_tommasi_1033428,San Rocco S Oratory Architettura Tommasi 1033428 Exteriors P San Rocco S Oratory Architettura Tommasi,unknown,unknown,unknown,unknown,unknown,"['i_p_san_rocco_s_oratory_architettura_tommasi_1033428_exteriors_p_san_rocco_s_oratory_architettura_tommasi_1033428_p_san_rocco_s_oratory_architettura_tommasi_1033428_exteriors_p_san_rocco_s_oratory_architettura_tommasi_1033428_exterior_1', 'i_p_san_rocco_s_oratory_architettura_tommasi_1033428_exteriors_p_san_rocco_s_oratory_architettura_tommasi_1033428_p_san_rocco_s_oratory_architettura_tommasi_1033428_exteriors_p_san_rocco_s_oratory_architettura_tommasi_1033428_exterior_2']",[],Architecture|Modernist|Religious|Community|Concrete|Glass|Urban|Sustainability|Natural Ventilation|Daylighting|Open Plan|Central Hall|Natural Materials|Energy-Efficient|Reflective Spaces|Padova|Italy|Cultural|Contemporary|Artistic Expression|Building Design|Public Gathering Space|Interior Design|Landscape Architecture|Passive Design|Glazing|Facade|Construction|Spatial Organization|Urban Integration,45.411513,11.7292587,Architettura Tommasi,Padova,,,2024.0,0.0,1.0
p_san_rocco_s_oratory_architettura_tommasi_1033428_interiors_p_san_rocco_s_oratory_architettura_tommasi_1033428,San Rocco S Oratory Architettura Tommasi 1033428 Interiors P San Rocco S Oratory Architettura Tommasi,unknown,unknown,unknown,unknown,unknown,"['i_p_san_rocco_s_oratory_architettura_tommasi_1033428_interiors_p_san_rocco_s_oratory_architettura_tommasi_1033428_p_san_rocco_s_oratory_architettura_tommasi_1033428_interiors_p_san_rocco_s_oratory_architettura_tommasi_1033428_interior_1', 'i_p_san_rocco_s_oratory_architettura_tommasi_1033428_interiors_p_san_rocco_s_oratory_architettura_tommasi_1033428_p_san_rocco_s_oratory_architettura_tommasi_1033428_interiors_p_san_rocco_s_oratory_architettura_tommasi_1033428_interior_2', 'i_p_san_rocco_s_oratory_architettura_tommasi_1033428_interiors_p_san_rocco_s_oratory_architettura_tommasi_1033428_p_san_rocco_s_oratory_architettura_tommasi_1033428_interiors_p_san_rocco_s_oratory_architettura_tommasi_1033428_interior_3', 'i_p_san_rocco_s_oratory_architettura_tommasi_1033428_interiors_p_san_rocco_s_oratory_architettura_tommasi_1033428_p_san_rocco_s_oratory_architettura_tommasi_1033428_interiors_p_san_rocco_s_oratory_architettura_tommasi_1033428_interior_4', 'i_p_san_rocco_s_oratory_architettura_tommasi_1033428_interiors_p_san_rocco_s_oratory_architettura_tommasi_1033428_p_san_rocco_s_oratory_architettura_tommasi_1033428_interiors_p_san_rocco_s_oratory_architettura_tommasi_1033428_interior_5']",[],Architecture|Modernist|Religious|Community|Concrete|Glass|Urban|Sustainability|Natural Ventilation|Daylighting|Open Plan|Central Hall|Natural Materials|Energy-Efficient|Reflective Spaces|Padova|Italy|Cultural|Contemporary|Artistic Expression|Building Design|Public Gathering Space|Interior Design|Landscape Architecture|Passive Design|Glazing|Facade|Construction|Spatial Organization|Urban Integration,45.411513,11.7292587,Architettura Tommasi,Padova,,,2024.0,0.0,1.0
p_sanctuary_tunnel_garden_rad_ar_research_1027508_diagrams_p_sanctuary_tunnel_garden_rad_ar_research_1027508,Sanctuary Tunnel Garden Rad Ar Research 1027508 Diagrams P Sanctuary Tunnel Garden Rad Ar Research,unknown,unknown,unknown,unknown,unknown,"['i_p_sanctuary_tunnel_garden_rad_ar_research_1027508_diagrams_p_sanctuary_tunnel_garden_rad_ar_research_1027508_p_sanctuary_tunnel_garden_rad_ar_research_1027508_diagrams_p_sanctuary_tunnel_garden_rad_ar_research_1027508_diagram_1', 'i_p_sanctuary_tunnel_garden_rad_ar_research_1027508_diagrams_p_sanctuary_tunnel_garden_rad_ar_research_1027508_p_sanctuary_tunnel_garden_rad_ar_research_1027508_diagrams_p_sanctuary_tunnel_garden_rad_ar_research_1027508_diagram_2', 'i_p_sanctuary_tunnel_garden_rad_ar_research_1027508_diagrams_p_sanctuary_tunnel_garden_rad_ar_research_1027508_p_sanctuary_tunnel_garden_rad_ar_research_1027508_diagrams_p_sanctuary_tunnel_garden_rad_ar_research_1027508_diagram_3']",[],Landscape Design|Tropical|Sustainable Architecture|Garden|Tunnel|Native Plants|Natural Materials|Earth Construction|Integrated Landscape|Tranquility|Exploration|Environmental Design|Hilly Site|Low-Impact Development|Community Engagement|Wellness|Green Design|Natural Ventilation|Thermal Mass|Passive Strategies|Natural Lighting|Eco-Friendly|Permaculture|Biophilic Design|Cultural Space|Urban Retreat|Temporal Experience|Ecological Restoration|Earthworks|Vegetative Cover,-0.789275,113.921327,Rad Ar Research,Unknown City,,,2024.0,0.0,0.0
p_sanctuary_tunnel_garden_rad_ar_research_1027508_exteriors_p_sanctuary_tunnel_garden_rad_ar_research_1027508,Sanctuary Tunnel Garden Rad Ar Research 1027508 Exteriors P Sanctuary Tunnel Garden Rad Ar Research,unknown,unknown,unknown,unknown,unknown,"['i_p_sanctuary_tunnel_garden_rad_ar_research_1027508_exteriors_p_sanctuary_tunnel_garden_rad_ar_research_1027508_p_sanctuary_tunnel_garden_rad_ar_research_1027508_exteriors_p_sanctuary_tunnel_garden_rad_ar_research_1027508_exterior_1', 'i_p_sanctuary_tunnel_garden_rad_ar_research_1027508_exteriors_p_sanctuary_tunnel_garden_rad_ar_research_1027508_p_sanctuary_tunnel_garden_rad_ar_research_1027508_exteriors_p_sanctuary_tunnel_garden_rad_ar_research_1027508_exterior_2', 'i_p_sanctuary_tunnel_garden_rad_ar_research_1027508_exteriors_p_sanctuary_tunnel_garden_rad_ar_research_1027508_p_sanctuary_tunnel_garden_rad_ar_research_1027508_exteriors_p_sanctuary_tunnel_garden_rad_ar_research_1027508_exterior_3', 'i_p_sanctuary_tunnel_garden_rad_ar_research_1027508_exteriors_p_sanctuary_tunnel_garden_rad_ar_research_1027508_p_sanctuary_tunnel_garden_rad_ar_research_1027508_exteriors_p_sanctuary_tunnel_garden_rad_ar_research_1027508_exterior_4', 'i_p_sanctuary_tunnel_garden_rad_ar_research_1027508_exteriors_p_sanctuary_tunnel_garden_rad_ar_research_1027508_p_sanctuary_tunnel_garden_rad_ar_research_1027508_exteriors_p_sanctuary_tunnel_garden_rad_ar_research_1027508_exterior_5']",[],Landscape Design|Tropical|Sustainable Architecture|Garden|Tunnel|Native Plants|Natural Materials|Earth Construction|Integrated Landscape|Tranquility|Exploration|Environmental Design|Hilly Site|Low-Impact Development|Community Engagement|Wellness|Green Design|Natural Ventilation|Thermal Mass|Passive Strategies|Natural Lighting|Eco-Friendly|Permaculture|Biophilic Design|Cultural Space|Urban Retreat|Temporal Experience|Ecological Restoration|Earthworks|Vegetative Cover,-0.789275,113.921327,Rad Ar Research,Unknown City,,,2024.0,0.0,0.0
p_sanctuary_tunnel_garden_rad_ar_research_1027508_interiors_p_sanctuary_tunnel_garden_rad_ar_research_1027508,Sanctuary Tunnel Garden Rad Ar Research 1027508 Interiors P Sanctuary Tunnel Garden Rad Ar Research,unknown,unknown,unknown,unknown,unknown,"['i_p_sanctuary_tunnel_garden_rad_ar_research_1027508_interiors_p_sanctuary_tunnel_garden_rad_ar_research_1027508_p_sanctuary_tunnel_garden_rad_ar_research_1027508_interiors_p_sanctuary_tunnel_garden_rad_ar_research_1027508_interior_1', 'i_p_sanctuary_tunnel_garden_rad_ar_research_1027508_interiors_p_sanctuary_tunnel_garden_rad_ar_research_1027508_p_sanctuary_tunnel_garden_rad_ar_research_1027508_interiors_p_sanctuary_tunnel_garden_rad_ar_research_1027508_interior_2', 'i_p_sanctuary_tunnel_garden_rad_ar_research_1027508_interiors_p_sanctuary_tunnel_garden_rad_ar_research_1027508_p_sanctuary_tunnel_garden_rad_ar_research_1027508_interiors_p_sanctuary_tunnel_garden_rad_ar_research_1027508_interior_3', 'i_p_sanctuary_tunnel_garden_rad_ar_research_1027508_interiors_p_sanctuary_tunnel_garden_rad_ar_research_1027508_p_sanctuary_tunnel_garden_rad_ar_research_1027508_interiors_p_sanctuary_tunnel_garden_rad_ar_research_1027508_interior_4', 'i_p_sanctuary_tunnel_garden_rad_ar_research_1027508_interiors_p_sanctuary_tunnel_garden_rad_ar_research_1027508_p_sanctuary_tunnel_garden_rad_ar_research_1027508_interiors_p_sanctuary_tunnel_garden_rad_ar_research_1027508_interior_5']",[],Landscape Design|Tropical|Sustainable Architecture|Garden|Tunnel|Native Plants|Natural Materials|Earth Construction|Integrated Landscape|Tranquility|Exploration|Environmental Design|Hilly Site|Low-Impact Development|Community Engagement|Wellness|Green Design|Natural Ventilation|Thermal Mass|Passive Strategies|Natural Lighting|Eco-Friendly|Permaculture|Biophilic Design|Cultural Space|Urban Retreat|Temporal Experience|Ecological Restoration|Earthworks|Vegetative Cover,-0.789275,113.921327,Rad Ar Research,Unknown City,,,2024.0,0.0,0.0
p_school_of_the_art_institute_of_chicago_f_1026597_exteriors_p_school_of_the_art_institute_of_chicago_f_1026597,School Of The Art Institute Of Chicago F 1026597 Exteriors P School Of The Art Institute Of Chicago F,unknown,unknown,unknown,unknown,unknown,"['i_p_school_of_the_art_institute_of_chicago_f_1026597_exteriors_p_school_of_the_art_institute_of_chicago_f_1026597_p_school_of_the_art_institute_of_chicago_f_1026597_exteriors_p_school_of_the_art_institute_of_chicago_f_1026597_exterior_1', 'i_p_school_of_the_art_institute_of_chicago_f_1026597_exteriors_p_school_of_the_art_institute_of_chicago_f_1026597_p_school_of_the_art_institute_of_chicago_f_1026597_exteriors_p_school_of_the_art_institute_of_chicago_f_1026597_exterior_2']",[],Educational|Concrete|Glass|Steel|Modernist|Open Plan|Natural Ventilation|Art Studio|Classroom|Sustainable Design|High Performance|Urban Context|Collaborative Spaces|Interior Courtyard|Green Roof|Daylighting|Central Hall|Energy Efficiency|Assembly Area|Exhibition Space|Natural Materials,41.8789149,-87.62124109999999,Unknown Architect,Chicago,,,2024.0,0.0,0.0
p_school_of_the_art_institute_of_chicago_f_1026597_interiors_p_school_of_the_art_institute_of_chicago_f_1026597,School Of The Art Institute Of Chicago F 1026597 Interiors P School Of The Art Institute Of Chicago F,unknown,unknown,unknown,unknown,unknown,"['i_p_school_of_the_art_institute_of_chicago_f_1026597_interiors_p_school_of_the_art_institute_of_chicago_f_1026597_p_school_of_the_art_institute_of_chicago_f_1026597_interiors_p_school_of_the_art_institute_of_chicago_f_1026597_interior_1', 'i_p_school_of_the_art_institute_of_chicago_f_1026597_interiors_p_school_of_the_art_institute_of_chicago_f_1026597_p_school_of_the_art_institute_of_chicago_f_1026597_interiors_p_school_of_the_art_institute_of_chicago_f_1026597_interior_2', 'i_p_school_of_the_art_institute_of_chicago_f_1026597_interiors_p_school_of_the_art_institute_of_chicago_f_1026597_p_school_of_the_art_institute_of_chicago_f_1026597_interiors_p_school_of_the_art_institute_of_chicago_f_1026597_interior_3', 'i_p_school_of_the_art_institute_of_chicago_f_1026597_interiors_p_school_of_the_art_institute_of_chicago_f_1026597_p_school_of_the_art_institute_of_chicago_f_1026597_interiors_p_school_of_the_art_institute_of_chicago_f_1026597_interior_4', 'i_p_school_of_the_art_institute_of_chicago_f_1026597_interiors_p_school_of_the_art_institute_of_chicago_f_1026597_p_school_of_the_art_institute_of_chicago_f_1026597_interiors_p_school_of_the_art_institute_of_chicago_f_1026597_interior_5']",[],Educational|Concrete|Glass|Steel|Modernist|Open Plan|Natural Ventilation|Art Studio|Classroom|Sustainable Design|High Performance|Urban Context|Collaborative Spaces|Interior Courtyard|Green Roof|Daylighting|Central Hall|Energy Efficiency|Assembly Area|Exhibition Space|Natural Materials,41.8789149,-87.62124109999999,Unknown Architect,Chicago,,,2024.0,0.0,0.0
p_seoul_robot_ai_museum_melike_alt_n_k_arc_1022554_diagrams_p_seoul_robot_ai_museum_melike_alt_n_k_arc_1022554,Seoul Robot Ai Museum Melike Alt N K Arc 1022554 Diagrams P Seoul Robot Ai Museum Melike Alt N K Arc,unknown,unknown,unknown,unknown,unknown,"['i_p_seoul_robot_ai_museum_melike_alt_n_k_arc_1022554_diagrams_p_seoul_robot_ai_museum_melike_alt_n_k_arc_1022554_p_seoul_robot_ai_museum_melike_alt_n_k_arc_1022554_diagrams_p_seoul_robot_ai_museum_melike_alt_n_k_arc_1022554_diagram_1', 'i_p_seoul_robot_ai_museum_melike_alt_n_k_arc_1022554_diagrams_p_seoul_robot_ai_museum_melike_alt_n_k_arc_1022554_p_seoul_robot_ai_museum_melike_alt_n_k_arc_1022554_diagrams_p_seoul_robot_ai_museum_melike_alt_n_k_arc_1022554_diagram_2', 'i_p_seoul_robot_ai_museum_melike_alt_n_k_arc_1022554_diagrams_p_seoul_robot_ai_museum_melike_alt_n_k_arc_1022554_p_seoul_robot_ai_museum_melike_alt_n_k_arc_1022554_diagrams_p_seoul_robot_ai_museum_melike_alt_n_k_arc_1022554_diagram_3']",[],Museum|Robotics|Ai|Modernist|Fragmented|Interactive|Cultural|Glass|Steel|Sustainability|Daylighting|Atrium|South Orientation|Urban|Environmental Design|Future Technology|Exhibition Space|Cross Ventilation|Smart Building|High-Performance Glazing|Community Space|Solar Panels|Rainwater Harvesting|Green Roof|Educational|Multi-Use|Exhibit Design|Innovation|Design Concept|Natural Lighting|Contemporary Architecture,37.550263,126.9970831,Melike Alt N,Seoul,,,2024.0,0.0,0.0
p_seoul_robot_ai_museum_melike_alt_n_k_arc_1022554_exteriors_p_seoul_robot_ai_museum_melike_alt_n_k_arc_1022554,Seoul Robot Ai Museum Melike Alt N K Arc 1022554 Exteriors P Seoul Robot Ai Museum Melike Alt N K Arc,unknown,unknown,unknown,unknown,unknown,"['i_p_seoul_robot_ai_museum_melike_alt_n_k_arc_1022554_exteriors_p_seoul_robot_ai_museum_melike_alt_n_k_arc_1022554_p_seoul_robot_ai_museum_melike_alt_n_k_arc_1022554_exteriors_p_seoul_robot_ai_museum_melike_alt_n_k_arc_1022554_exterior_1', 'i_p_seoul_robot_ai_museum_melike_alt_n_k_arc_1022554_exteriors_p_seoul_robot_ai_museum_melike_alt_n_k_arc_1022554_p_seoul_robot_ai_museum_melike_alt_n_k_arc_1022554_exteriors_p_seoul_robot_ai_museum_melike_alt_n_k_arc_1022554_exterior_2']",[],Museum|Robotics|Ai|Modernist|Fragmented|Interactive|Cultural|Glass|Steel|Sustainability|Daylighting|Atrium|South Orientation|Urban|Environmental Design|Future Technology|Exhibition Space|Cross Ventilation|Smart Building|High-Performance Glazing|Community Space|Solar Panels|Rainwater Harvesting|Green Roof|Educational|Multi-Use|Exhibit Design|Innovation|Design Concept|Natural Lighting|Contemporary Architecture,37.550263,126.9970831,Melike Alt N,Seoul,,,2024.0,0.0,0.0
p_seoul_robot_ai_museum_melike_alt_n_k_arc_1022554_interiors_p_seoul_robot_ai_museum_melike_alt_n_k_arc_1022554,Seoul Robot Ai Museum Melike Alt N K Arc 1022554 Interiors P Seoul Robot Ai Museum Melike Alt N K Arc,unknown,unknown,unknown,unknown,unknown,"['i_p_seoul_robot_ai_museum_melike_alt_n_k_arc_1022554_interiors_p_seoul_robot_ai_museum_melike_alt_n_k_arc_1022554_p_seoul_robot_ai_museum_melike_alt_n_k_arc_1022554_interiors_p_seoul_robot_ai_museum_melike_alt_n_k_arc_1022554_interior_1', 'i_p_seoul_robot_ai_museum_melike_alt_n_k_arc_1022554_interiors_p_seoul_robot_ai_museum_melike_alt_n_k_arc_1022554_p_seoul_robot_ai_museum_melike_alt_n_k_arc_1022554_interiors_p_seoul_robot_ai_museum_melike_alt_n_k_arc_1022554_interior_2']",[],Museum|Robotics|Ai|Modernist|Fragmented|Interactive|Cultural|Glass|Steel|Sustainability|Daylighting|Atrium|South Orientation|Urban|Environmental Design|Future Technology|Exhibition Space|Cross Ventilation|Smart Building|High-Performance Glazing|Community Space|Solar Panels|Rainwater Harvesting|Green Roof|Educational|Multi-Use|Exhibit Design|Innovation|Design Concept|Natural Lighting|Contemporary Architecture,37.550263,126.9970831,Melike Alt N,Seoul,,,2024.0,0.0,0.0
p_shafagh_tomb_35_51_architecture_office_1029019_diagrams_p_shafagh_tomb_35_51_architecture_office_1029019,Shafagh Tomb 35 51 Architecture Office 1029019 Diagrams P Shafagh Tomb 35 51 Architecture Office,unknown,unknown,unknown,unknown,unknown,"['i_p_shafagh_tomb_35_51_architecture_office_1029019_diagrams_p_shafagh_tomb_35_51_architecture_office_1029019_p_shafagh_tomb_35_51_architecture_office_1029019_diagrams_p_shafagh_tomb_35_51_architecture_office_1029019_diagram_1', 'i_p_shafagh_tomb_35_51_architecture_office_1029019_diagrams_p_shafagh_tomb_35_51_architecture_office_1029019_p_shafagh_tomb_35_51_architecture_office_1029019_diagrams_p_shafagh_tomb_35_51_architecture_office_1029019_diagram_2', 'i_p_shafagh_tomb_35_51_architecture_office_1029019_diagrams_p_shafagh_tomb_35_51_architecture_office_1029019_p_shafagh_tomb_35_51_architecture_office_1029019_diagrams_p_shafagh_tomb_35_51_architecture_office_1029019_diagram_3']",[],Stone|Glass|Cultural|Religious|Fragmented Massing|Central Circulation|Local Materials|Natural Ventilation|Thermal Mass|Architectural Tomb|Iranian Architecture|Modernist|Sustainable Design|Contemporary|Natural Lighting|Concrete|Earth Tones|Arid Climate|Cultural Significance|Community Space|Landscape Integration|Site-Responsive|Horizontal Orientation|Open Interior|Calm Atmosphere|Spiritual Space|Natural Cooling|Contemplative Design|Community Engagement|Heritage Mosaic|Integrated Architecture,32.3082212,54.0085616,35 51 Architecture Office,,,,2024.0,0.0,1.0
p_shafagh_tomb_35_51_architecture_office_1029019_exteriors_p_shafagh_tomb_35_51_architecture_office_1029019,Shafagh Tomb 35 51 Architecture Office 1029019 Exteriors P Shafagh Tomb 35 51 Architecture Office,unknown,unknown,unknown,unknown,unknown,"['i_p_shafagh_tomb_35_51_architecture_office_1029019_exteriors_p_shafagh_tomb_35_51_architecture_office_1029019_p_shafagh_tomb_35_51_architecture_office_1029019_exteriors_p_shafagh_tomb_35_51_architecture_office_1029019_exterior_1', 'i_p_shafagh_tomb_35_51_architecture_office_1029019_exteriors_p_shafagh_tomb_35_51_architecture_office_1029019_p_shafagh_tomb_35_51_architecture_office_1029019_exteriors_p_shafagh_tomb_35_51_architecture_office_1029019_exterior_2', 'i_p_shafagh_tomb_35_51_architecture_office_1029019_exteriors_p_shafagh_tomb_35_51_architecture_office_1029019_p_shafagh_tomb_35_51_architecture_office_1029019_exteriors_p_shafagh_tomb_35_51_architecture_office_1029019_exterior_3', 'i_p_shafagh_tomb_35_51_architecture_office_1029019_exteriors_p_shafagh_tomb_35_51_architecture_office_1029019_p_shafagh_tomb_35_51_architecture_office_1029019_exteriors_p_shafagh_tomb_35_51_architecture_office_1029019_exterior_4', 'i_p_shafagh_tomb_35_51_architecture_office_1029019_exteriors_p_shafagh_tomb_35_51_architecture_office_1029019_p_shafagh_tomb_35_51_architecture_office_1029019_exteriors_p_shafagh_tomb_35_51_architecture_office_1029019_exterior_5']",[],Stone|Glass|Cultural|Religious|Fragmented Massing|Central Circulation|Local Materials|Natural Ventilation|Thermal Mass|Architectural Tomb|Iranian Architecture|Modernist|Sustainable Design|Contemporary|Natural Lighting|Concrete|Earth Tones|Arid Climate|Cultural Significance|Community Space|Landscape Integration|Site-Responsive|Horizontal Orientation|Open Interior|Calm Atmosphere|Spiritual Space|Natural Cooling|Contemplative Design|Community Engagement|Heritage Mosaic|Integrated Architecture,32.3082212,54.0085616,35 51 Architecture Office,,,,2024.0,0.0,1.0
p_shafagh_tomb_35_51_architecture_office_1029019_interiors_p_shafagh_tomb_35_51_architecture_office_1029019,Shafagh Tomb 35 51 Architecture Office 1029019 Interiors P Shafagh Tomb 35 51 Architecture Office,unknown,unknown,unknown,unknown,unknown,"['i_p_shafagh_tomb_35_51_architecture_office_1029019_interiors_p_shafagh_tomb_35_51_architecture_office_1029019_p_shafagh_tomb_35_51_architecture_office_1029019_interiors_p_shafagh_tomb_35_51_architecture_office_1029019_interior_1', 'i_p_shafagh_tomb_35_51_architecture_office_1029019_interiors_p_shafagh_tomb_35_51_architecture_office_1029019_p_shafagh_tomb_35_51_architecture_office_1029019_interiors_p_shafagh_tomb_35_51_architecture_office_1029019_interior_2', 'i_p_shafagh_tomb_35_51_architecture_office_1029019_interiors_p_shafagh_tomb_35_51_architecture_office_1029019_p_shafagh_tomb_35_51_architecture_office_1029019_interiors_p_shafagh_tomb_35_51_architecture_office_1029019_interior_3']",[],Stone|Glass|Cultural|Religious|Fragmented Massing|Central Circulation|Local Materials|Natural Ventilation|Thermal Mass|Architectural Tomb|Iranian Architecture|Modernist|Sustainable Design|Contemporary|Natural Lighting|Concrete|Earth Tones|Arid Climate|Cultural Significance|Community Space|Landscape Integration|Site-Responsive|Horizontal Orientation|Open Interior|Calm Atmosphere|Spiritual Space|Natural Cooling|Contemplative Design|Community Engagement|Heritage Mosaic|Integrated Architecture,32.3082212,54.0085616,35 51 Architecture Office,,,,2024.0,0.0,1.0
p_shenzhen_science_and_technology_museum_z_1029762_diagrams_p_shenzhen_science_and_technology_museum_z_1029762,Shenzhen Science And Technology Museum Z 1029762 Diagrams P Shenzhen Science And Technology Museum Z,unknown,unknown,unknown,unknown,unknown,"['i_p_shenzhen_science_and_technology_museum_z_1029762_diagrams_p_shenzhen_science_and_technology_museum_z_1029762_p_shenzhen_science_and_technology_museum_z_1029762_diagrams_p_shenzhen_science_and_technology_museum_z_1029762_diagram_1', 'i_p_shenzhen_science_and_technology_museum_z_1029762_diagrams_p_shenzhen_science_and_technology_museum_z_1029762_p_shenzhen_science_and_technology_museum_z_1029762_diagrams_p_shenzhen_science_and_technology_museum_z_1029762_diagram_2', 'i_p_shenzhen_science_and_technology_museum_z_1029762_diagrams_p_shenzhen_science_and_technology_museum_z_1029762_p_shenzhen_science_and_technology_museum_z_1029762_diagrams_p_shenzhen_science_and_technology_museum_z_1029762_diagram_3']",[],Museum|Shenzhen|Science|Technology|Cultural|Sustainable Design|Fragmented Massing|Green Roof|Solar Energy|Urban Integration|High-Performance Glass|Interactive Spaces|Exhibition|Educational|Public Engagement|Concrete|Metal|Natural Ventilation|Thermal Mass|Floral Landscape|High Wwr|Central Circulation|Community Landmark|Environmentally Responsible|Urban Context|Design Concept|Non-Linear Forms|Exhibit Halls|Multifunctional Spaces|Architecture|Contemporary Design,22.5428599,114.05956,Unknown,Shenzhen,,,2024.0,0.0,0.0
p_shenzhen_science_and_technology_museum_z_1029762_exteriors_p_shenzhen_science_and_technology_museum_z_1029762,Shenzhen Science And Technology Museum Z 1029762 Exteriors P Shenzhen Science And Technology Museum Z,unknown,unknown,unknown,unknown,unknown,"['i_p_shenzhen_science_and_technology_museum_z_1029762_exteriors_p_shenzhen_science_and_technology_museum_z_1029762_p_shenzhen_science_and_technology_museum_z_1029762_exteriors_p_shenzhen_science_and_technology_museum_z_1029762_exterior_1', 'i_p_shenzhen_science_and_technology_museum_z_1029762_exteriors_p_shenzhen_science_and_technology_museum_z_1029762_p_shenzhen_science_and_technology_museum_z_1029762_exteriors_p_shenzhen_science_and_technology_museum_z_1029762_exterior_2', 'i_p_shenzhen_science_and_technology_museum_z_1029762_exteriors_p_shenzhen_science_and_technology_museum_z_1029762_p_shenzhen_science_and_technology_museum_z_1029762_exteriors_p_shenzhen_science_and_technology_museum_z_1029762_exterior_3', 'i_p_shenzhen_science_and_technology_museum_z_1029762_exteriors_p_shenzhen_science_and_technology_museum_z_1029762_p_shenzhen_science_and_technology_museum_z_1029762_exteriors_p_shenzhen_science_and_technology_museum_z_1029762_exterior_4', 'i_p_shenzhen_science_and_technology_museum_z_1029762_exteriors_p_shenzhen_science_and_technology_museum_z_1029762_p_shenzhen_science_and_technology_museum_z_1029762_exteriors_p_shenzhen_science_and_technology_museum_z_1029762_exterior_5']",[],Museum|Shenzhen|Science|Technology|Cultural|Sustainable Design|Fragmented Massing|Green Roof|Solar Energy|Urban Integration|High-Performance Glass|Interactive Spaces|Exhibition|Educational|Public Engagement|Concrete|Metal|Natural Ventilation|Thermal Mass|Floral Landscape|High Wwr|Central Circulation|Community Landmark|Environmentally Responsible|Urban Context|Design Concept|Non-Linear Forms|Exhibit Halls|Multifunctional Spaces|Architecture|Contemporary Design,22.5428599,114.05956,Unknown,Shenzhen,,,2024.0,0.0,0.0
p_shenzhen_science_and_technology_museum_z_1029762_interiors_p_shenzhen_science_and_technology_museum_z_1029762,Shenzhen Science And Technology Museum Z 1029762 Interiors P Shenzhen Science And Technology Museum Z,unknown,unknown,unknown,unknown,unknown,"['i_p_shenzhen_science_and_technology_museum_z_1029762_interiors_p_shenzhen_science_and_technology_museum_z_1029762_p_shenzhen_science_and_technology_museum_z_1029762_interiors_p_shenzhen_science_and_technology_museum_z_1029762_interior_1', 'i_p_shenzhen_science_and_technology_museum_z_1029762_interiors_p_shenzhen_science_and_technology_museum_z_1029762_p_shenzhen_science_and_technology_museum_z_1029762_interiors_p_shenzhen_science_and_technology_museum_z_1029762_interior_2']",[],Museum|Shenzhen|Science|Technology|Cultural|Sustainable Design|Fragmented Massing|Green Roof|Solar Energy|Urban Integration|High-Performance Glass|Interactive Spaces|Exhibition|Educational|Public Engagement|Concrete|Metal|Natural Ventilation|Thermal Mass|Floral Landscape|High Wwr|Central Circulation|Community Landmark|Environmentally Responsible|Urban Context|Design Concept|Non-Linear Forms|Exhibit Halls|Multifunctional Spaces|Architecture|Contemporary Design,22.5428599,114.05956,Unknown,Shenzhen,,,2024.0,0.0,0.0
p_shonan_institute_of_technology_high_scho_1024901_diagrams_p_shonan_institute_of_technology_high_scho_1024901,Shonan Institute Of Technology High Scho 1024901 Diagrams P Shonan Institute Of Technology High Scho,unknown,unknown,unknown,unknown,unknown,['i_p_shonan_institute_of_technology_high_scho_1024901_diagrams_p_shonan_institute_of_technology_high_scho_1024901_p_shonan_institute_of_technology_high_scho_1024901_diagrams_p_shonan_institute_of_technology_high_scho_1024901_diagram_1'],[],Education|High School|Concrete|Glass|Modern|Linear|Natural Light|Natural Ventilation|Sustainable Design|Community|Classrooms|Laboratories|Central Corridor|Facade Design|Urban|Suburban|Passive Design|Thermal Mass|Cross-Ventilation|Landscape Integration,35.4913535,139.284143,Unknown,Shonan,,,2024.0,0.0,2.0
p_shonan_institute_of_technology_high_scho_1024901_exteriors_p_shonan_institute_of_technology_high_scho_1024901,Shonan Institute Of Technology High Scho 1024901 Exteriors P Shonan Institute Of Technology High Scho,unknown,unknown,unknown,unknown,unknown,"['i_p_shonan_institute_of_technology_high_scho_1024901_exteriors_p_shonan_institute_of_technology_high_scho_1024901_p_shonan_institute_of_technology_high_scho_1024901_exteriors_p_shonan_institute_of_technology_high_scho_1024901_exterior_1', 'i_p_shonan_institute_of_technology_high_scho_1024901_exteriors_p_shonan_institute_of_technology_high_scho_1024901_p_shonan_institute_of_technology_high_scho_1024901_exteriors_p_shonan_institute_of_technology_high_scho_1024901_exterior_2', 'i_p_shonan_institute_of_technology_high_scho_1024901_exteriors_p_shonan_institute_of_technology_high_scho_1024901_p_shonan_institute_of_technology_high_scho_1024901_exteriors_p_shonan_institute_of_technology_high_scho_1024901_exterior_3', 'i_p_shonan_institute_of_technology_high_scho_1024901_exteriors_p_shonan_institute_of_technology_high_scho_1024901_p_shonan_institute_of_technology_high_scho_1024901_exteriors_p_shonan_institute_of_technology_high_scho_1024901_exterior_4', 'i_p_shonan_institute_of_technology_high_scho_1024901_exteriors_p_shonan_institute_of_technology_high_scho_1024901_p_shonan_institute_of_technology_high_scho_1024901_exteriors_p_shonan_institute_of_technology_high_scho_1024901_exterior_5']",[],Education|High School|Concrete|Glass|Modern|Linear|Natural Light|Natural Ventilation|Sustainable Design|Community|Classrooms|Laboratories|Central Corridor|Facade Design|Urban|Suburban|Passive Design|Thermal Mass|Cross-Ventilation|Landscape Integration,35.4913535,139.284143,Unknown,Shonan,,,2024.0,0.0,2.0
p_shonan_institute_of_technology_high_scho_1024901_interiors_p_shonan_institute_of_technology_high_scho_1024901,Shonan Institute Of Technology High Scho 1024901 Interiors P Shonan Institute Of Technology High Scho,unknown,unknown,unknown,unknown,unknown,"['i_p_shonan_institute_of_technology_high_scho_1024901_interiors_p_shonan_institute_of_technology_high_scho_1024901_p_shonan_institute_of_technology_high_scho_1024901_interiors_p_shonan_institute_of_technology_high_scho_1024901_interior_1', 'i_p_shonan_institute_of_technology_high_scho_1024901_interiors_p_shonan_institute_of_technology_high_scho_1024901_p_shonan_institute_of_technology_high_scho_1024901_interiors_p_shonan_institute_of_technology_high_scho_1024901_interior_2', 'i_p_shonan_institute_of_technology_high_scho_1024901_interiors_p_shonan_institute_of_technology_high_scho_1024901_p_shonan_institute_of_technology_high_scho_1024901_interiors_p_shonan_institute_of_technology_high_scho_1024901_interior_3', 'i_p_shonan_institute_of_technology_high_scho_1024901_interiors_p_shonan_institute_of_technology_high_scho_1024901_p_shonan_institute_of_technology_high_scho_1024901_interiors_p_shonan_institute_of_technology_high_scho_1024901_interior_4', 'i_p_shonan_institute_of_technology_high_scho_1024901_interiors_p_shonan_institute_of_technology_high_scho_1024901_p_shonan_institute_of_technology_high_scho_1024901_interiors_p_shonan_institute_of_technology_high_scho_1024901_interior_5']",[],Education|High School|Concrete|Glass|Modern|Linear|Natural Light|Natural Ventilation|Sustainable Design|Community|Classrooms|Laboratories|Central Corridor|Facade Design|Urban|Suburban|Passive Design|Thermal Mass|Cross-Ventilation|Landscape Integration,35.4913535,139.284143,Unknown,Shonan,,,2024.0,0.0,2.0
p_simple_art_museum_has_design_and_researc_1022166_diagrams_p_simple_art_museum_has_design_and_researc_1022166,Simple Art Museum Has Design And Researc 1022166 Diagrams P Simple Art Museum Has Design And Researc,unknown,unknown,unknown,unknown,unknown,"['i_p_simple_art_museum_has_design_and_researc_1022166_diagrams_p_simple_art_museum_has_design_and_researc_1022166_p_simple_art_museum_has_design_and_researc_1022166_diagrams_p_simple_art_museum_has_design_and_researc_1022166_diagram_1', 'i_p_simple_art_museum_has_design_and_researc_1022166_diagrams_p_simple_art_museum_has_design_and_researc_1022166_p_simple_art_museum_has_design_and_researc_1022166_diagrams_p_simple_art_museum_has_design_and_researc_1022166_diagram_2', 'i_p_simple_art_museum_has_design_and_researc_1022166_diagrams_p_simple_art_museum_has_design_and_researc_1022166_p_simple_art_museum_has_design_and_researc_1022166_diagrams_p_simple_art_museum_has_design_and_researc_1022166_diagram_3']",[],Museum|Bangkok|Concrete|Glass|Modernist|Cultural|Urban|Brise-Soleil|Natural Ventilation|Daylighting|Sustainability|Art Exhibition|Community Space|Educational Facilities|Contemporary Design|High-Performance Facade|Central Atrium|Open Galleries|Public Engagement|Green Roof,13.7109695,100.3953311,Unknown,Bangkok,,,2024.0,0.0,2.0
p_simple_art_museum_has_design_and_researc_1022166_exteriors_p_simple_art_museum_has_design_and_researc_1022166,Simple Art Museum Has Design And Researc 1022166 Exteriors P Simple Art Museum Has Design And Researc,unknown,unknown,unknown,unknown,unknown,"['i_p_simple_art_museum_has_design_and_researc_1022166_exteriors_p_simple_art_museum_has_design_and_researc_1022166_p_simple_art_museum_has_design_and_researc_1022166_exteriors_p_simple_art_museum_has_design_and_researc_1022166_exterior_1', 'i_p_simple_art_museum_has_design_and_researc_1022166_exteriors_p_simple_art_museum_has_design_and_researc_1022166_p_simple_art_museum_has_design_and_researc_1022166_exteriors_p_simple_art_museum_has_design_and_researc_1022166_exterior_2']",[],Museum|Bangkok|Concrete|Glass|Modernist|Cultural|Urban|Brise-Soleil|Natural Ventilation|Daylighting|Sustainability|Art Exhibition|Community Space|Educational Facilities|Contemporary Design|High-Performance Facade|Central Atrium|Open Galleries|Public Engagement|Green Roof,13.7109695,100.3953311,Unknown,Bangkok,,,2024.0,0.0,2.0
p_simple_art_museum_has_design_and_researc_1022166_interiors_p_simple_art_museum_has_design_and_researc_1022166,Simple Art Museum Has Design And Researc 1022166 Interiors P Simple Art Museum Has Design And Researc,unknown,unknown,unknown,unknown,unknown,"['i_p_simple_art_museum_has_design_and_researc_1022166_interiors_p_simple_art_museum_has_design_and_researc_1022166_p_simple_art_museum_has_design_and_researc_1022166_interiors_p_simple_art_museum_has_design_and_researc_1022166_interior_1', 'i_p_simple_art_museum_has_design_and_researc_1022166_interiors_p_simple_art_museum_has_design_and_researc_1022166_p_simple_art_museum_has_design_and_researc_1022166_interiors_p_simple_art_museum_has_design_and_researc_1022166_interior_2', 'i_p_simple_art_museum_has_design_and_researc_1022166_interiors_p_simple_art_museum_has_design_and_researc_1022166_p_simple_art_museum_has_design_and_researc_1022166_interiors_p_simple_art_museum_has_design_and_researc_1022166_interior_3', 'i_p_simple_art_museum_has_design_and_researc_1022166_interiors_p_simple_art_museum_has_design_and_researc_1022166_p_simple_art_museum_has_design_and_researc_1022166_interiors_p_simple_art_museum_has_design_and_researc_1022166_interior_4', 'i_p_simple_art_museum_has_design_and_researc_1022166_interiors_p_simple_art_museum_has_design_and_researc_1022166_p_simple_art_museum_has_design_and_researc_1022166_interiors_p_simple_art_museum_has_design_and_researc_1022166_interior_5']",[],Museum|Bangkok|Concrete|Glass|Modernist|Cultural|Urban|Brise-Soleil|Natural Ventilation|Daylighting|Sustainability|Art Exhibition|Community Space|Educational Facilities|Contemporary Design|High-Performance Facade|Central Atrium|Open Galleries|Public Engagement|Green Roof,13.7109695,100.3953311,Unknown,Bangkok,,,2024.0,0.0,2.0
p_smvit_library_cadence_architects_1034143_exteriors_p_smvit_library_cadence_architects_1034143,Smvit Library Cadence Architects 1034143 Exteriors P Smvit Library Cadence Architects,unknown,unknown,unknown,unknown,unknown,"['i_p_smvit_library_cadence_architects_1034143_exteriors_p_smvit_library_cadence_architects_1034143_p_smvit_library_cadence_architects_1034143_exteriors_p_smvit_library_cadence_architects_1034143_exterior_1', 'i_p_smvit_library_cadence_architects_1034143_exteriors_p_smvit_library_cadence_architects_1034143_p_smvit_library_cadence_architects_1034143_exteriors_p_smvit_library_cadence_architects_1034143_exterior_2', 'i_p_smvit_library_cadence_architects_1034143_exteriors_p_smvit_library_cadence_architects_1034143_p_smvit_library_cadence_architects_1034143_exteriors_p_smvit_library_cadence_architects_1034143_exterior_3', 'i_p_smvit_library_cadence_architects_1034143_exteriors_p_smvit_library_cadence_architects_1034143_p_smvit_library_cadence_architects_1034143_exteriors_p_smvit_library_cadence_architects_1034143_exterior_4', 'i_p_smvit_library_cadence_architects_1034143_exteriors_p_smvit_library_cadence_architects_1034143_p_smvit_library_cadence_architects_1034143_exteriors_p_smvit_library_cadence_architects_1034143_exterior_5']",[],Library|Cadence Architects|Concrete|Glass|Modern|Horizontal Overhangs|Natural Ventilation|Sustainable Design|Public Space|Community-Centric|Study Areas|Digital Zones|Reading Room|Atrium|Urban|Flat Site|Cross Ventilation|Solar Energy|Interior Landscape|Open Floor Plan|High Ceilings|Public Accessible|Educational Building|Environmentally Friendly|High-Performance Building|Natural Light|Modern Architecture|Passive Design|Circular Forms|Functional Spaces|Community Hub,20.593684,78.96288,Cadence Architects,,,,2024.0,0.0,0.0
p_smvit_library_cadence_architects_1034143_interiors_p_smvit_library_cadence_architects_1034143,Smvit Library Cadence Architects 1034143 Interiors P Smvit Library Cadence Architects,unknown,unknown,unknown,unknown,unknown,"['i_p_smvit_library_cadence_architects_1034143_interiors_p_smvit_library_cadence_architects_1034143_p_smvit_library_cadence_architects_1034143_interiors_p_smvit_library_cadence_architects_1034143_interior_1', 'i_p_smvit_library_cadence_architects_1034143_interiors_p_smvit_library_cadence_architects_1034143_p_smvit_library_cadence_architects_1034143_interiors_p_smvit_library_cadence_architects_1034143_interior_2', 'i_p_smvit_library_cadence_architects_1034143_interiors_p_smvit_library_cadence_architects_1034143_p_smvit_library_cadence_architects_1034143_interiors_p_smvit_library_cadence_architects_1034143_interior_3', 'i_p_smvit_library_cadence_architects_1034143_interiors_p_smvit_library_cadence_architects_1034143_p_smvit_library_cadence_architects_1034143_interiors_p_smvit_library_cadence_architects_1034143_interior_4', 'i_p_smvit_library_cadence_architects_1034143_interiors_p_smvit_library_cadence_architects_1034143_p_smvit_library_cadence_architects_1034143_interiors_p_smvit_library_cadence_architects_1034143_interior_5']",[],Library|Cadence Architects|Concrete|Glass|Modern|Horizontal Overhangs|Natural Ventilation|Sustainable Design|Public Space|Community-Centric|Study Areas|Digital Zones|Reading Room|Atrium|Urban|Flat Site|Cross Ventilation|Solar Energy|Interior Landscape|Open Floor Plan|High Ceilings|Public Accessible|Educational Building|Environmentally Friendly|High-Performance Building|Natural Light|Modern Architecture|Passive Design|Circular Forms|Functional Spaces|Community Hub,20.593684,78.96288,Cadence Architects,,,,2024.0,0.0,0.0
p_sona_university_centre_library_block_imk_1024858_diagrams_p_sona_university_centre_library_block_imk_1024858,Sona University Centre Library Block Imk 1024858 Diagrams P Sona University Centre Library Block Imk,unknown,unknown,unknown,unknown,unknown,"['i_p_sona_university_centre_library_block_imk_1024858_diagrams_p_sona_university_centre_library_block_imk_1024858_p_sona_university_centre_library_block_imk_1024858_diagrams_p_sona_university_centre_library_block_imk_1024858_diagram_1', 'i_p_sona_university_centre_library_block_imk_1024858_diagrams_p_sona_university_centre_library_block_imk_1024858_p_sona_university_centre_library_block_imk_1024858_diagrams_p_sona_university_centre_library_block_imk_1024858_diagram_2', 'i_p_sona_university_centre_library_block_imk_1024858_diagrams_p_sona_university_centre_library_block_imk_1024858_p_sona_university_centre_library_block_imk_1024858_diagrams_p_sona_university_centre_library_block_imk_1024858_diagram_3']",[],Library|Concrete|Glass|Tropical|Central Atrium|Natural Ventilation|Daylight|Green Roof|Solar Energy|Reading Room|Study Spaces|Institutional|Sustainable Design|Modern|Educational|Interaction|Contemporary|Open Plan|Thermal Mass|Energy-Efficient|Urban|Design|Building|Academic|Learning|Architectural Features|Environment-Integrated|Faceted Facade|Efficient Circulation|Scholarly Resources,11.664325,78.1460142,Unknown,Sona,,,2024.0,0.0,3.0
p_sona_university_centre_library_block_imk_1024858_exteriors_p_sona_university_centre_library_block_imk_1024858,Sona University Centre Library Block Imk 1024858 Exteriors P Sona University Centre Library Block Imk,unknown,unknown,unknown,unknown,unknown,"['i_p_sona_university_centre_library_block_imk_1024858_exteriors_p_sona_university_centre_library_block_imk_1024858_p_sona_university_centre_library_block_imk_1024858_exteriors_p_sona_university_centre_library_block_imk_1024858_exterior_1', 'i_p_sona_university_centre_library_block_imk_1024858_exteriors_p_sona_university_centre_library_block_imk_1024858_p_sona_university_centre_library_block_imk_1024858_exteriors_p_sona_university_centre_library_block_imk_1024858_exterior_2', 'i_p_sona_university_centre_library_block_imk_1024858_exteriors_p_sona_university_centre_library_block_imk_1024858_p_sona_university_centre_library_block_imk_1024858_exteriors_p_sona_university_centre_library_block_imk_1024858_exterior_3', 'i_p_sona_university_centre_library_block_imk_1024858_exteriors_p_sona_university_centre_library_block_imk_1024858_p_sona_university_centre_library_block_imk_1024858_exteriors_p_sona_university_centre_library_block_imk_1024858_exterior_4', 'i_p_sona_university_centre_library_block_imk_1024858_exteriors_p_sona_university_centre_library_block_imk_1024858_p_sona_university_centre_library_block_imk_1024858_exteriors_p_sona_university_centre_library_block_imk_1024858_exterior_5']",[],Library|Concrete|Glass|Tropical|Central Atrium|Natural Ventilation|Daylight|Green Roof|Solar Energy|Reading Room|Study Spaces|Institutional|Sustainable Design|Modern|Educational|Interaction|Contemporary|Open Plan|Thermal Mass|Energy-Efficient|Urban|Design|Building|Academic|Learning|Architectural Features|Environment-Integrated|Faceted Facade|Efficient Circulation|Scholarly Resources,11.664325,78.1460142,Unknown,Sona,,,2024.0,0.0,3.0
p_sona_university_centre_library_block_imk_1024858_interiors_p_sona_university_centre_library_block_imk_1024858,Sona University Centre Library Block Imk 1024858 Interiors P Sona University Centre Library Block Imk,unknown,unknown,unknown,unknown,unknown,"['i_p_sona_university_centre_library_block_imk_1024858_interiors_p_sona_university_centre_library_block_imk_1024858_p_sona_university_centre_library_block_imk_1024858_interiors_p_sona_university_centre_library_block_imk_1024858_interior_1', 'i_p_sona_university_centre_library_block_imk_1024858_interiors_p_sona_university_centre_library_block_imk_1024858_p_sona_university_centre_library_block_imk_1024858_interiors_p_sona_university_centre_library_block_imk_1024858_interior_2', 'i_p_sona_university_centre_library_block_imk_1024858_interiors_p_sona_university_centre_library_block_imk_1024858_p_sona_university_centre_library_block_imk_1024858_interiors_p_sona_university_centre_library_block_imk_1024858_interior_3', 'i_p_sona_university_centre_library_block_imk_1024858_interiors_p_sona_university_centre_library_block_imk_1024858_p_sona_university_centre_library_block_imk_1024858_interiors_p_sona_university_centre_library_block_imk_1024858_interior_4']",[],Library|Concrete|Glass|Tropical|Central Atrium|Natural Ventilation|Daylight|Green Roof|Solar Energy|Reading Room|Study Spaces|Institutional|Sustainable Design|Modern|Educational|Interaction|Contemporary|Open Plan|Thermal Mass|Energy-Efficient|Urban|Design|Building|Academic|Learning|Architectural Features|Environment-Integrated|Faceted Facade|Efficient Circulation|Scholarly Resources,11.664325,78.1460142,Unknown,Sona,,,2024.0,0.0,3.0
p_songzhuang_z_museum_team_bldg_1030268_diagrams_p_songzhuang_z_museum_team_bldg_1030268,Songzhuang Z Museum Team Bldg 1030268 Diagrams P Songzhuang Z Museum Team Bldg,unknown,unknown,unknown,unknown,unknown,"['i_p_songzhuang_z_museum_team_bldg_1030268_diagrams_p_songzhuang_z_museum_team_bldg_1030268_p_songzhuang_z_museum_team_bldg_1030268_diagrams_p_songzhuang_z_museum_team_bldg_1030268_diagram_1', 'i_p_songzhuang_z_museum_team_bldg_1030268_diagrams_p_songzhuang_z_museum_team_bldg_1030268_p_songzhuang_z_museum_team_bldg_1030268_diagrams_p_songzhuang_z_museum_team_bldg_1030268_diagram_2', 'i_p_songzhuang_z_museum_team_bldg_1030268_diagrams_p_songzhuang_z_museum_team_bldg_1030268_p_songzhuang_z_museum_team_bldg_1030268_diagrams_p_songzhuang_z_museum_team_bldg_1030268_diagram_3']",[],Concrete|Glass|Modernist|Fragmented|Open Plan|Gallery|Cultural Center|Natural Ventilation|Solar Energy|Green Roof|Art Space|Urban|Sustainable Design|Community Space|Exhibition Area|Daylighting|Landscape Integration|High-Performance Glass|Contemporary Architecture|Artistic Engagement|Studio Space|Cfa|Polished Concrete|Native Landscaping|Vertical Louvers|Building Renovation|Cultural Facility|Public Art|Interactive Art|Prefab|Urban Design|Art Museum,28.4671999,119.92293,Team B,Songzhuang,,,2024.0,1500.0,2.0
p_songzhuang_z_museum_team_bldg_1030268_exteriors_p_songzhuang_z_museum_team_bldg_1030268,Songzhuang Z Museum Team Bldg 1030268 Exteriors P Songzhuang Z Museum Team Bldg,unknown,unknown,unknown,unknown,unknown,"['i_p_songzhuang_z_museum_team_bldg_1030268_exteriors_p_songzhuang_z_museum_team_bldg_1030268_p_songzhuang_z_museum_team_bldg_1030268_exteriors_p_songzhuang_z_museum_team_bldg_1030268_exterior_1', 'i_p_songzhuang_z_museum_team_bldg_1030268_exteriors_p_songzhuang_z_museum_team_bldg_1030268_p_songzhuang_z_museum_team_bldg_1030268_exteriors_p_songzhuang_z_museum_team_bldg_1030268_exterior_2', 'i_p_songzhuang_z_museum_team_bldg_1030268_exteriors_p_songzhuang_z_museum_team_bldg_1030268_p_songzhuang_z_museum_team_bldg_1030268_exteriors_p_songzhuang_z_museum_team_bldg_1030268_exterior_3', 'i_p_songzhuang_z_museum_team_bldg_1030268_exteriors_p_songzhuang_z_museum_team_bldg_1030268_p_songzhuang_z_museum_team_bldg_1030268_exteriors_p_songzhuang_z_museum_team_bldg_1030268_exterior_4', 'i_p_songzhuang_z_museum_team_bldg_1030268_exteriors_p_songzhuang_z_museum_team_bldg_1030268_p_songzhuang_z_museum_team_bldg_1030268_exteriors_p_songzhuang_z_museum_team_bldg_1030268_exterior_5']",[],Concrete|Glass|Modernist|Fragmented|Open Plan|Gallery|Cultural Center|Natural Ventilation|Solar Energy|Green Roof|Art Space|Urban|Sustainable Design|Community Space|Exhibition Area|Daylighting|Landscape Integration|High-Performance Glass|Contemporary Architecture|Artistic Engagement|Studio Space|Cfa|Polished Concrete|Native Landscaping|Vertical Louvers|Building Renovation|Cultural Facility|Public Art|Interactive Art|Prefab|Urban Design|Art Museum,28.4671999,119.92293,Team B,Songzhuang,,,2024.0,1500.0,2.0
p_songzhuang_z_museum_team_bldg_1030268_interiors_p_songzhuang_z_museum_team_bldg_1030268,Songzhuang Z Museum Team Bldg 1030268 Interiors P Songzhuang Z Museum Team Bldg,unknown,unknown,unknown,unknown,unknown,"['i_p_songzhuang_z_museum_team_bldg_1030268_interiors_p_songzhuang_z_museum_team_bldg_1030268_p_songzhuang_z_museum_team_bldg_1030268_interiors_p_songzhuang_z_museum_team_bldg_1030268_interior_1', 'i_p_songzhuang_z_museum_team_bldg_1030268_interiors_p_songzhuang_z_museum_team_bldg_1030268_p_songzhuang_z_museum_team_bldg_1030268_interiors_p_songzhuang_z_museum_team_bldg_1030268_interior_2', 'i_p_songzhuang_z_museum_team_bldg_1030268_interiors_p_songzhuang_z_museum_team_bldg_1030268_p_songzhuang_z_museum_team_bldg_1030268_interiors_p_songzhuang_z_museum_team_bldg_1030268_interior_3', 'i_p_songzhuang_z_museum_team_bldg_1030268_interiors_p_songzhuang_z_museum_team_bldg_1030268_p_songzhuang_z_museum_team_bldg_1030268_interiors_p_songzhuang_z_museum_team_bldg_1030268_interior_4', 'i_p_songzhuang_z_museum_team_bldg_1030268_interiors_p_songzhuang_z_museum_team_bldg_1030268_p_songzhuang_z_museum_team_bldg_1030268_interiors_p_songzhuang_z_museum_team_bldg_1030268_interior_5']",[],Concrete|Glass|Modernist|Fragmented|Open Plan|Gallery|Cultural Center|Natural Ventilation|Solar Energy|Green Roof|Art Space|Urban|Sustainable Design|Community Space|Exhibition Area|Daylighting|Landscape Integration|High-Performance Glass|Contemporary Architecture|Artistic Engagement|Studio Space|Cfa|Polished Concrete|Native Landscaping|Vertical Louvers|Building Renovation|Cultural Facility|Public Art|Interactive Art|Prefab|Urban Design|Art Museum,28.4671999,119.92293,Team B,Songzhuang,,,2024.0,1500.0,2.0
p_soochow_university_future_campus_phase_1_1034782_diagrams_p_soochow_university_future_campus_phase_1_1034782,Soochow University Future Campus Phase 1 1034782 Diagrams P Soochow University Future Campus Phase 1,unknown,unknown,unknown,unknown,unknown,"['i_p_soochow_university_future_campus_phase_1_1034782_diagrams_p_soochow_university_future_campus_phase_1_1034782_p_soochow_university_future_campus_phase_1_1034782_diagrams_p_soochow_university_future_campus_phase_1_1034782_diagram_1', 'i_p_soochow_university_future_campus_phase_1_1034782_diagrams_p_soochow_university_future_campus_phase_1_1034782_p_soochow_university_future_campus_phase_1_1034782_diagrams_p_soochow_university_future_campus_phase_1_1034782_diagram_2']",[],Soochow University|Educational|Campus|Sustainable Design|Green Roof|Natural Ventilation|Concrete|Glass|Jiangsu|China|Urban|Collaborative Spaces|Daylighting|Low-Emissivity Glass|Shared Facilities|Outdoor Spaces|Ecological|Innovative|Modern Architecture|Architectural Design|Landscape Integration|Passive Design|Water Conservation|Solar Energy|Research Facilities|Pedestrian-Friendly|Flexible Spaces|Community Engagement|Student-Centric|Technology-Focused|Cfa Climate,31.303257,120.651928,Unknown,Suzhou,,,2024.0,0.0,0.0
p_soochow_university_future_campus_phase_1_1034782_exteriors_p_soochow_university_future_campus_phase_1_1034782,Soochow University Future Campus Phase 1 1034782 Exteriors P Soochow University Future Campus Phase 1,unknown,unknown,unknown,unknown,unknown,"['i_p_soochow_university_future_campus_phase_1_1034782_exteriors_p_soochow_university_future_campus_phase_1_1034782_p_soochow_university_future_campus_phase_1_1034782_exteriors_p_soochow_university_future_campus_phase_1_1034782_exterior_1', 'i_p_soochow_university_future_campus_phase_1_1034782_exteriors_p_soochow_university_future_campus_phase_1_1034782_p_soochow_university_future_campus_phase_1_1034782_exteriors_p_soochow_university_future_campus_phase_1_1034782_exterior_2', 'i_p_soochow_university_future_campus_phase_1_1034782_exteriors_p_soochow_university_future_campus_phase_1_1034782_p_soochow_university_future_campus_phase_1_1034782_exteriors_p_soochow_university_future_campus_phase_1_1034782_exterior_3', 'i_p_soochow_university_future_campus_phase_1_1034782_exteriors_p_soochow_university_future_campus_phase_1_1034782_p_soochow_university_future_campus_phase_1_1034782_exteriors_p_soochow_university_future_campus_phase_1_1034782_exterior_4', 'i_p_soochow_university_future_campus_phase_1_1034782_exteriors_p_soochow_university_future_campus_phase_1_1034782_p_soochow_university_future_campus_phase_1_1034782_exteriors_p_soochow_university_future_campus_phase_1_1034782_exterior_5']",[],Soochow University|Educational|Campus|Sustainable Design|Green Roof|Natural Ventilation|Concrete|Glass|Jiangsu|China|Urban|Collaborative Spaces|Daylighting|Low-Emissivity Glass|Shared Facilities|Outdoor Spaces|Ecological|Innovative|Modern Architecture|Architectural Design|Landscape Integration|Passive Design|Water Conservation|Solar Energy|Research Facilities|Pedestrian-Friendly|Flexible Spaces|Community Engagement|Student-Centric|Technology-Focused|Cfa Climate,31.303257,120.651928,Unknown,Suzhou,,,2024.0,0.0,0.0
p_soochow_university_future_campus_phase_1_1034782_interiors_p_soochow_university_future_campus_phase_1_1034782,Soochow University Future Campus Phase 1 1034782 Interiors P Soochow University Future Campus Phase 1,unknown,unknown,unknown,unknown,unknown,"['i_p_soochow_university_future_campus_phase_1_1034782_interiors_p_soochow_university_future_campus_phase_1_1034782_p_soochow_university_future_campus_phase_1_1034782_interiors_p_soochow_university_future_campus_phase_1_1034782_interior_1', 'i_p_soochow_university_future_campus_phase_1_1034782_interiors_p_soochow_university_future_campus_phase_1_1034782_p_soochow_university_future_campus_phase_1_1034782_interiors_p_soochow_university_future_campus_phase_1_1034782_interior_2']",[],Soochow University|Educational|Campus|Sustainable Design|Green Roof|Natural Ventilation|Concrete|Glass|Jiangsu|China|Urban|Collaborative Spaces|Daylighting|Low-Emissivity Glass|Shared Facilities|Outdoor Spaces|Ecological|Innovative|Modern Architecture|Architectural Design|Landscape Integration|Passive Design|Water Conservation|Solar Energy|Research Facilities|Pedestrian-Friendly|Flexible Spaces|Community Engagement|Student-Centric|Technology-Focused|Cfa Climate,31.303257,120.651928,Unknown,Suzhou,,,2024.0,0.0,0.0
p_south_east_centre_for_contemporary_art_s_1035115_exteriors_p_south_east_centre_for_contemporary_art_s_1035115,South East Centre For Contemporary Art S 1035115 Exteriors P South East Centre For Contemporary Art S,unknown,unknown,unknown,unknown,unknown,"['i_p_south_east_centre_for_contemporary_art_s_1035115_exteriors_p_south_east_centre_for_contemporary_art_s_1035115_p_south_east_centre_for_contemporary_art_s_1035115_exteriors_p_south_east_centre_for_contemporary_art_s_1035115_exterior_1', 'i_p_south_east_centre_for_contemporary_art_s_1035115_exteriors_p_south_east_centre_for_contemporary_art_s_1035115_p_south_east_centre_for_contemporary_art_s_1035115_exteriors_p_south_east_centre_for_contemporary_art_s_1035115_exterior_2', 'i_p_south_east_centre_for_contemporary_art_s_1035115_exteriors_p_south_east_centre_for_contemporary_art_s_1035115_p_south_east_centre_for_contemporary_art_s_1035115_exteriors_p_south_east_centre_for_contemporary_art_s_1035115_exterior_3', 'i_p_south_east_centre_for_contemporary_art_s_1035115_exteriors_p_south_east_centre_for_contemporary_art_s_1035115_p_south_east_centre_for_contemporary_art_s_1035115_exteriors_p_south_east_centre_for_contemporary_art_s_1035115_exterior_4', 'i_p_south_east_centre_for_contemporary_art_s_1035115_exteriors_p_south_east_centre_for_contemporary_art_s_1035115_p_south_east_centre_for_contemporary_art_s_1035115_exteriors_p_south_east_centre_for_contemporary_art_s_1035115_exterior_5']",[],Cultural|Concrete|Glass|Modernist|Gallery|Community Space|Sustainable|Natural Ventilation|Natural Lighting|Green Roof|Art Exhibitions|Open Plan|Educational Programs|Urban|Landscape Integration|Interconnected Spaces|Fragmented Massing|Linear Circulation|Thermal Mass|Solar Panels|Rainwater Harvesting|Exposed Concrete|Wood Finishes|Energy-Efficient Lighting|Art Center|Exhibition Space|Outdoor Areas|Community Engagement|Contemporary Architecture|Rural Site|Biophilic Design,-36.6742897,149.8432479,Unknown,Unknown,,,2024.0,0.0,2.0
p_south_east_centre_for_contemporary_art_s_1035115_interiors_p_south_east_centre_for_contemporary_art_s_1035115,South East Centre For Contemporary Art S 1035115 Interiors P South East Centre For Contemporary Art S,unknown,unknown,unknown,unknown,unknown,"['i_p_south_east_centre_for_contemporary_art_s_1035115_interiors_p_south_east_centre_for_contemporary_art_s_1035115_p_south_east_centre_for_contemporary_art_s_1035115_interiors_p_south_east_centre_for_contemporary_art_s_1035115_interior_1', 'i_p_south_east_centre_for_contemporary_art_s_1035115_interiors_p_south_east_centre_for_contemporary_art_s_1035115_p_south_east_centre_for_contemporary_art_s_1035115_interiors_p_south_east_centre_for_contemporary_art_s_1035115_interior_2', 'i_p_south_east_centre_for_contemporary_art_s_1035115_interiors_p_south_east_centre_for_contemporary_art_s_1035115_p_south_east_centre_for_contemporary_art_s_1035115_interiors_p_south_east_centre_for_contemporary_art_s_1035115_interior_3', 'i_p_south_east_centre_for_contemporary_art_s_1035115_interiors_p_south_east_centre_for_contemporary_art_s_1035115_p_south_east_centre_for_contemporary_art_s_1035115_interiors_p_south_east_centre_for_contemporary_art_s_1035115_interior_4', 'i_p_south_east_centre_for_contemporary_art_s_1035115_interiors_p_south_east_centre_for_contemporary_art_s_1035115_p_south_east_centre_for_contemporary_art_s_1035115_interiors_p_south_east_centre_for_contemporary_art_s_1035115_interior_5']",[],Cultural|Concrete|Glass|Modernist|Gallery|Community Space|Sustainable|Natural Ventilation|Natural Lighting|Green Roof|Art Exhibitions|Open Plan|Educational Programs|Urban|Landscape Integration|Interconnected Spaces|Fragmented Massing|Linear Circulation|Thermal Mass|Solar Panels|Rainwater Harvesting|Exposed Concrete|Wood Finishes|Energy-Efficient Lighting|Art Center|Exhibition Space|Outdoor Areas|Community Engagement|Contemporary Architecture|Rural Site|Biophilic Design,-36.6742897,149.8432479,Unknown,Unknown,,,2024.0,0.0,2.0
p_st_louis_symphony_orchestra_s_powell_hal_1034813_diagrams_p_st_louis_symphony_orchestra_s_powell_hal_1034813,St Louis Symphony Orchestra S Powell Hal 1034813 Diagrams P St Louis Symphony Orchestra S Powell Hal,unknown,unknown,unknown,unknown,unknown,"['i_p_st_louis_symphony_orchestra_s_powell_hal_1034813_diagrams_p_st_louis_symphony_orchestra_s_powell_hal_1034813_p_st_louis_symphony_orchestra_s_powell_hal_1034813_diagrams_p_st_louis_symphony_orchestra_s_powell_hal_1034813_diagram_1', 'i_p_st_louis_symphony_orchestra_s_powell_hal_1034813_diagrams_p_st_louis_symphony_orchestra_s_powell_hal_1034813_p_st_louis_symphony_orchestra_s_powell_hal_1034813_diagrams_p_st_louis_symphony_orchestra_s_powell_hal_1034813_diagram_2', 'i_p_st_louis_symphony_orchestra_s_powell_hal_1034813_diagrams_p_st_louis_symphony_orchestra_s_powell_hal_1034813_p_st_louis_symphony_orchestra_s_powell_hal_1034813_diagrams_p_st_louis_symphony_orchestra_s_powell_hal_1034813_diagram_3']",[],Concert Hall|Modern|Cultural|Urban|Sustainability|Glass|Concrete|Acoustic Design|Natural Ventilation|Daylighting|High-Performance|Solar Panels|Landscaping|Interior Wood Finishes|Performance Spaces|Rehearsal Rooms|Community Engagement|Landscape Integration|Accessible Design|Steel Elements|Urban Plaza|Integrated Technology|Environmental Responsibility|Open Plan|Focal Point|Elevated Walkways|Framed Views|Transparency|Thermal Mass|Energy Efficiency,38.62742799999999,-90.1982439,Van Dijk Westlake,St. Louis,,,2024.0,0.0,3.0
p_st_louis_symphony_orchestra_s_powell_hal_1034813_exteriors_p_st_louis_symphony_orchestra_s_powell_hal_1034813,St Louis Symphony Orchestra S Powell Hal 1034813 Exteriors P St Louis Symphony Orchestra S Powell Hal,unknown,unknown,unknown,unknown,unknown,"['i_p_st_louis_symphony_orchestra_s_powell_hal_1034813_exteriors_p_st_louis_symphony_orchestra_s_powell_hal_1034813_p_st_louis_symphony_orchestra_s_powell_hal_1034813_exteriors_p_st_louis_symphony_orchestra_s_powell_hal_1034813_exterior_1', 'i_p_st_louis_symphony_orchestra_s_powell_hal_1034813_exteriors_p_st_louis_symphony_orchestra_s_powell_hal_1034813_p_st_louis_symphony_orchestra_s_powell_hal_1034813_exteriors_p_st_louis_symphony_orchestra_s_powell_hal_1034813_exterior_2']",[],Concert Hall|Modern|Cultural|Urban|Sustainability|Glass|Concrete|Acoustic Design|Natural Ventilation|Daylighting|High-Performance|Solar Panels|Landscaping|Interior Wood Finishes|Performance Spaces|Rehearsal Rooms|Community Engagement|Landscape Integration|Accessible Design|Steel Elements|Urban Plaza|Integrated Technology|Environmental Responsibility|Open Plan|Focal Point|Elevated Walkways|Framed Views|Transparency|Thermal Mass|Energy Efficiency,38.62742799999999,-90.1982439,Van Dijk Westlake,St. Louis,,,2024.0,0.0,3.0
p_st_louis_symphony_orchestra_s_powell_hal_1034813_interiors_p_st_louis_symphony_orchestra_s_powell_hal_1034813,St Louis Symphony Orchestra S Powell Hal 1034813 Interiors P St Louis Symphony Orchestra S Powell Hal,unknown,unknown,unknown,unknown,unknown,"['i_p_st_louis_symphony_orchestra_s_powell_hal_1034813_interiors_p_st_louis_symphony_orchestra_s_powell_hal_1034813_p_st_louis_symphony_orchestra_s_powell_hal_1034813_interiors_p_st_louis_symphony_orchestra_s_powell_hal_1034813_interior_1', 'i_p_st_louis_symphony_orchestra_s_powell_hal_1034813_interiors_p_st_louis_symphony_orchestra_s_powell_hal_1034813_p_st_louis_symphony_orchestra_s_powell_hal_1034813_interiors_p_st_louis_symphony_orchestra_s_powell_hal_1034813_interior_2', 'i_p_st_louis_symphony_orchestra_s_powell_hal_1034813_interiors_p_st_louis_symphony_orchestra_s_powell_hal_1034813_p_st_louis_symphony_orchestra_s_powell_hal_1034813_interiors_p_st_louis_symphony_orchestra_s_powell_hal_1034813_interior_3', 'i_p_st_louis_symphony_orchestra_s_powell_hal_1034813_interiors_p_st_louis_symphony_orchestra_s_powell_hal_1034813_p_st_louis_symphony_orchestra_s_powell_hal_1034813_interiors_p_st_louis_symphony_orchestra_s_powell_hal_1034813_interior_4']",[],Concert Hall|Modern|Cultural|Urban|Sustainability|Glass|Concrete|Acoustic Design|Natural Ventilation|Daylighting|High-Performance|Solar Panels|Landscaping|Interior Wood Finishes|Performance Spaces|Rehearsal Rooms|Community Engagement|Landscape Integration|Accessible Design|Steel Elements|Urban Plaza|Integrated Technology|Environmental Responsibility|Open Plan|Focal Point|Elevated Walkways|Framed Views|Transparency|Thermal Mass|Energy Efficiency,38.62742799999999,-90.1982439,Van Dijk Westlake,St. Louis,,,2024.0,0.0,3.0
p_stasys_museum_implmnt_architects_1023136_diagrams_p_stasys_museum_implmnt_architects_1023136,Stasys Museum Implmnt Architects 1023136 Diagrams P Stasys Museum Implmnt Architects,unknown,unknown,unknown,unknown,unknown,"['i_p_stasys_museum_implmnt_architects_1023136_diagrams_p_stasys_museum_implmnt_architects_1023136_p_stasys_museum_implmnt_architects_1023136_diagrams_p_stasys_museum_implmnt_architects_1023136_diagram_1', 'i_p_stasys_museum_implmnt_architects_1023136_diagrams_p_stasys_museum_implmnt_architects_1023136_p_stasys_museum_implmnt_architects_1023136_diagrams_p_stasys_museum_implmnt_architects_1023136_diagram_2', 'i_p_stasys_museum_implmnt_architects_1023136_diagrams_p_stasys_museum_implmnt_architects_1023136_p_stasys_museum_implmnt_architects_1023136_diagrams_p_stasys_museum_implmnt_architects_1023136_diagram_3']",[],Museum|Implmnt Architects|Modernist|Gallery|Concrete|Glass|Cultural|Sustainable Design|Natural Ventilation|Green Roof|Vilnius|Lithuania|Urban Integration|Daylighting|Fragmented Massing|High-Performance Glazing|Landscape Architecture|Exhibition Space|Radial Circulation|Natural Lighting|Art|Thermal Mass|Rainwater Harvesting|Community Engagement|Contemporary Architecture|Eco-Friendly|Urban Design|Two-Story|Cultural Heritage|Exhibition Gallery|Interior Design,55.7347915,24.3574773,Implmnt Architects,Vilnius,,,2024.0,3000.0,2.0
p_stasys_museum_implmnt_architects_1023136_exteriors_p_stasys_museum_implmnt_architects_1023136,Stasys Museum Implmnt Architects 1023136 Exteriors P Stasys Museum Implmnt Architects,unknown,unknown,unknown,unknown,unknown,"['i_p_stasys_museum_implmnt_architects_1023136_exteriors_p_stasys_museum_implmnt_architects_1023136_p_stasys_museum_implmnt_architects_1023136_exteriors_p_stasys_museum_implmnt_architects_1023136_exterior_1', 'i_p_stasys_museum_implmnt_architects_1023136_exteriors_p_stasys_museum_implmnt_architects_1023136_p_stasys_museum_implmnt_architects_1023136_exteriors_p_stasys_museum_implmnt_architects_1023136_exterior_2', 'i_p_stasys_museum_implmnt_architects_1023136_exteriors_p_stasys_museum_implmnt_architects_1023136_p_stasys_museum_implmnt_architects_1023136_exteriors_p_stasys_museum_implmnt_architects_1023136_exterior_3']",[],Museum|Implmnt Architects|Modernist|Gallery|Concrete|Glass|Cultural|Sustainable Design|Natural Ventilation|Green Roof|Vilnius|Lithuania|Urban Integration|Daylighting|Fragmented Massing|High-Performance Glazing|Landscape Architecture|Exhibition Space|Radial Circulation|Natural Lighting|Art|Thermal Mass|Rainwater Harvesting|Community Engagement|Contemporary Architecture|Eco-Friendly|Urban Design|Two-Story|Cultural Heritage|Exhibition Gallery|Interior Design,55.7347915,24.3574773,Implmnt Architects,Vilnius,,,2024.0,3000.0,2.0
p_stasys_museum_implmnt_architects_1023136_interiors_p_stasys_museum_implmnt_architects_1023136,Stasys Museum Implmnt Architects 1023136 Interiors P Stasys Museum Implmnt Architects,unknown,unknown,unknown,unknown,unknown,"['i_p_stasys_museum_implmnt_architects_1023136_interiors_p_stasys_museum_implmnt_architects_1023136_p_stasys_museum_implmnt_architects_1023136_interiors_p_stasys_museum_implmnt_architects_1023136_interior_1', 'i_p_stasys_museum_implmnt_architects_1023136_interiors_p_stasys_museum_implmnt_architects_1023136_p_stasys_museum_implmnt_architects_1023136_interiors_p_stasys_museum_implmnt_architects_1023136_interior_2']",[],Museum|Implmnt Architects|Modernist|Gallery|Concrete|Glass|Cultural|Sustainable Design|Natural Ventilation|Green Roof|Vilnius|Lithuania|Urban Integration|Daylighting|Fragmented Massing|High-Performance Glazing|Landscape Architecture|Exhibition Space|Radial Circulation|Natural Lighting|Art|Thermal Mass|Rainwater Harvesting|Community Engagement|Contemporary Architecture|Eco-Friendly|Urban Design|Two-Story|Cultural Heritage|Exhibition Gallery|Interior Design,55.7347915,24.3574773,Implmnt Architects,Vilnius,,,2024.0,3000.0,2.0
p_suite_9_at_delft_university_of_technolog_1034579_diagrams_p_suite_9_at_delft_university_of_technolog_1034579,Suite 9 At Delft University Of Technolog 1034579 Diagrams P Suite 9 At Delft University Of Technolog,unknown,unknown,unknown,unknown,unknown,"['i_p_suite_9_at_delft_university_of_technolog_1034579_diagrams_p_suite_9_at_delft_university_of_technolog_1034579_p_suite_9_at_delft_university_of_technolog_1034579_diagrams_p_suite_9_at_delft_university_of_technolog_1034579_diagram_1', 'i_p_suite_9_at_delft_university_of_technolog_1034579_diagrams_p_suite_9_at_delft_university_of_technolog_1034579_p_suite_9_at_delft_university_of_technolog_1034579_diagrams_p_suite_9_at_delft_university_of_technolog_1034579_diagram_2']",[],Education|Glass|Modernist|Sustainable|Collaborative|Natural Ventilation|Daylighting|Central Atrium|Linear Massing|High Wwr|Energy Efficiency|Delft University|Aluminum|Wood|Cfb|Green Roof|Urban|Institutional|Concrete|Interior Courtyard|Artificial Lighting|Passive Design|Low-Emissivity Glazing,52.01157689999999,4.3570677,Unknown,Delft,,,2024.0,0.0,3.0
p_suite_9_at_delft_university_of_technolog_1034579_exteriors_p_suite_9_at_delft_university_of_technolog_1034579,Suite 9 At Delft University Of Technolog 1034579 Exteriors P Suite 9 At Delft University Of Technolog,unknown,unknown,unknown,unknown,unknown,"['i_p_suite_9_at_delft_university_of_technolog_1034579_exteriors_p_suite_9_at_delft_university_of_technolog_1034579_p_suite_9_at_delft_university_of_technolog_1034579_exteriors_p_suite_9_at_delft_university_of_technolog_1034579_exterior_1', 'i_p_suite_9_at_delft_university_of_technolog_1034579_exteriors_p_suite_9_at_delft_university_of_technolog_1034579_p_suite_9_at_delft_university_of_technolog_1034579_exteriors_p_suite_9_at_delft_university_of_technolog_1034579_exterior_2', 'i_p_suite_9_at_delft_university_of_technolog_1034579_exteriors_p_suite_9_at_delft_university_of_technolog_1034579_p_suite_9_at_delft_university_of_technolog_1034579_exteriors_p_suite_9_at_delft_university_of_technolog_1034579_exterior_3', 'i_p_suite_9_at_delft_university_of_technolog_1034579_exteriors_p_suite_9_at_delft_university_of_technolog_1034579_p_suite_9_at_delft_university_of_technolog_1034579_exteriors_p_suite_9_at_delft_university_of_technolog_1034579_exterior_4', 'i_p_suite_9_at_delft_university_of_technolog_1034579_exteriors_p_suite_9_at_delft_university_of_technolog_1034579_p_suite_9_at_delft_university_of_technolog_1034579_exteriors_p_suite_9_at_delft_university_of_technolog_1034579_exterior_5']",[],Education|Glass|Modernist|Sustainable|Collaborative|Natural Ventilation|Daylighting|Central Atrium|Linear Massing|High Wwr|Energy Efficiency|Delft University|Aluminum|Wood|Cfb|Green Roof|Urban|Institutional|Concrete|Interior Courtyard|Artificial Lighting|Passive Design|Low-Emissivity Glazing,52.01157689999999,4.3570677,Unknown,Delft,,,2024.0,0.0,3.0
p_suite_9_at_delft_university_of_technolog_1034579_interiors_p_suite_9_at_delft_university_of_technolog_1034579,Suite 9 At Delft University Of Technolog 1034579 Interiors P Suite 9 At Delft University Of Technolog,unknown,unknown,unknown,unknown,unknown,"['i_p_suite_9_at_delft_university_of_technolog_1034579_interiors_p_suite_9_at_delft_university_of_technolog_1034579_p_suite_9_at_delft_university_of_technolog_1034579_interiors_p_suite_9_at_delft_university_of_technolog_1034579_interior_1', 'i_p_suite_9_at_delft_university_of_technolog_1034579_interiors_p_suite_9_at_delft_university_of_technolog_1034579_p_suite_9_at_delft_university_of_technolog_1034579_interiors_p_suite_9_at_delft_university_of_technolog_1034579_interior_2', 'i_p_suite_9_at_delft_university_of_technolog_1034579_interiors_p_suite_9_at_delft_university_of_technolog_1034579_p_suite_9_at_delft_university_of_technolog_1034579_interiors_p_suite_9_at_delft_university_of_technolog_1034579_interior_3', 'i_p_suite_9_at_delft_university_of_technolog_1034579_interiors_p_suite_9_at_delft_university_of_technolog_1034579_p_suite_9_at_delft_university_of_technolog_1034579_interiors_p_suite_9_at_delft_university_of_technolog_1034579_interior_4']",[],Education|Glass|Modernist|Sustainable|Collaborative|Natural Ventilation|Daylighting|Central Atrium|Linear Massing|High Wwr|Energy Efficiency|Delft University|Aluminum|Wood|Cfb|Green Roof|Urban|Institutional|Concrete|Interior Courtyard|Artificial Lighting|Passive Design|Low-Emissivity Glazing,52.01157689999999,4.3570677,Unknown,Delft,,,2024.0,0.0,3.0
p_sun_tower_open_architecture_1023114_diagrams_p_sun_tower_open_architecture_1023114,Sun Tower Open Architecture 1023114 Diagrams P Sun Tower Open Architecture,unknown,unknown,unknown,unknown,unknown,"['i_p_sun_tower_open_architecture_1023114_diagrams_p_sun_tower_open_architecture_1023114_p_sun_tower_open_architecture_1023114_diagrams_p_sun_tower_open_architecture_1023114_diagram_1', 'i_p_sun_tower_open_architecture_1023114_diagrams_p_sun_tower_open_architecture_1023114_p_sun_tower_open_architecture_1023114_diagrams_p_sun_tower_open_architecture_1023114_diagram_2', 'i_p_sun_tower_open_architecture_1023114_diagrams_p_sun_tower_open_architecture_1023114_p_sun_tower_open_architecture_1023114_diagrams_p_sun_tower_open_architecture_1023114_diagram_3']",[],Tower|Mixed-Use|Glass|Metal|Modernist|Natural Ventilation|Thermal Mass|Sustainable Design|High-Rise|Urban|Green Roof|Residential|Commercial|Daylighting|Solar Panels|Reinforced Concrete|Vertical Gardens|Central Atrium|South-Facing|Transparent|Metropolitan|Community Spaces|High-Performance Glazing|Open Plan|Green Living|Eco-Friendly|Harmonious With Nature|Urban Density|Modern Architecture|Innovative Design,26.8157713,27.8600809,P,Unknown City,,,2024.0,0.0,20.0
p_sun_tower_open_architecture_1023114_exteriors_p_sun_tower_open_architecture_1023114,Sun Tower Open Architecture 1023114 Exteriors P Sun Tower Open Architecture,unknown,unknown,unknown,unknown,unknown,"['i_p_sun_tower_open_architecture_1023114_exteriors_p_sun_tower_open_architecture_1023114_p_sun_tower_open_architecture_1023114_exteriors_p_sun_tower_open_architecture_1023114_exterior_1', 'i_p_sun_tower_open_architecture_1023114_exteriors_p_sun_tower_open_architecture_1023114_p_sun_tower_open_architecture_1023114_exteriors_p_sun_tower_open_architecture_1023114_exterior_2']",[],Tower|Mixed-Use|Glass|Metal|Modernist|Natural Ventilation|Thermal Mass|Sustainable Design|High-Rise|Urban|Green Roof|Residential|Commercial|Daylighting|Solar Panels|Reinforced Concrete|Vertical Gardens|Central Atrium|South-Facing|Transparent|Metropolitan|Community Spaces|High-Performance Glazing|Open Plan|Green Living|Eco-Friendly|Harmonious With Nature|Urban Density|Modern Architecture|Innovative Design,26.8157713,27.8600809,P,Unknown City,,,2024.0,0.0,20.0
p_sun_tower_open_architecture_1023114_interiors_p_sun_tower_open_architecture_1023114,Sun Tower Open Architecture 1023114 Interiors P Sun Tower Open Architecture,unknown,unknown,unknown,unknown,unknown,"['i_p_sun_tower_open_architecture_1023114_interiors_p_sun_tower_open_architecture_1023114_p_sun_tower_open_architecture_1023114_interiors_p_sun_tower_open_architecture_1023114_interior_1', 'i_p_sun_tower_open_architecture_1023114_interiors_p_sun_tower_open_architecture_1023114_p_sun_tower_open_architecture_1023114_interiors_p_sun_tower_open_architecture_1023114_interior_2', 'i_p_sun_tower_open_architecture_1023114_interiors_p_sun_tower_open_architecture_1023114_p_sun_tower_open_architecture_1023114_interiors_p_sun_tower_open_architecture_1023114_interior_3', 'i_p_sun_tower_open_architecture_1023114_interiors_p_sun_tower_open_architecture_1023114_p_sun_tower_open_architecture_1023114_interiors_p_sun_tower_open_architecture_1023114_interior_4', 'i_p_sun_tower_open_architecture_1023114_interiors_p_sun_tower_open_architecture_1023114_p_sun_tower_open_architecture_1023114_interiors_p_sun_tower_open_architecture_1023114_interior_5']",[],Tower|Mixed-Use|Glass|Metal|Modernist|Natural Ventilation|Thermal Mass|Sustainable Design|High-Rise|Urban|Green Roof|Residential|Commercial|Daylighting|Solar Panels|Reinforced Concrete|Vertical Gardens|Central Atrium|South-Facing|Transparent|Metropolitan|Community Spaces|High-Performance Glazing|Open Plan|Green Living|Eco-Friendly|Harmonious With Nature|Urban Density|Modern Architecture|Innovative Design,26.8157713,27.8600809,P,Unknown City,,,2024.0,0.0,20.0
p_sunner_museum_atelier_alter_architects_1029586_diagrams_p_sunner_museum_atelier_alter_architects_1029586,Sunner Museum Atelier Alter Architects 1029586 Diagrams P Sunner Museum Atelier Alter Architects,unknown,unknown,unknown,unknown,unknown,"['i_p_sunner_museum_atelier_alter_architects_1029586_diagrams_p_sunner_museum_atelier_alter_architects_1029586_p_sunner_museum_atelier_alter_architects_1029586_diagrams_p_sunner_museum_atelier_alter_architects_1029586_diagram_1', 'i_p_sunner_museum_atelier_alter_architects_1029586_diagrams_p_sunner_museum_atelier_alter_architects_1029586_p_sunner_museum_atelier_alter_architects_1029586_diagrams_p_sunner_museum_atelier_alter_architects_1029586_diagram_2', 'i_p_sunner_museum_atelier_alter_architects_1029586_diagrams_p_sunner_museum_atelier_alter_architects_1029586_p_sunner_museum_atelier_alter_architects_1029586_diagrams_p_sunner_museum_atelier_alter_architects_1029586_diagram_3']",[],Museum|Cultural|Contemporary|Glass|Concrete|Architectural Design|Alter Architects|Sustainable Design|Energy Efficiency|Gallery|Community Space|Natural Lighting|Urban Architecture|High-Performance Building|Art Installation|Landscape Architecture|Fragmented Massing|Natural Ventilation|Passive Design Strategies|Exhibition Space|Educational Facilities|Pedestrian Friendly|Engagement|Open Plan|Community Engagement|Thermal Mass|Solar Energy|High Glazing Ratio|Interactive Space|Modern Design|Public Art,0.0,0.0,Alter Architects,Unknown,,,2024.0,0.0,2.0
p_sunner_museum_atelier_alter_architects_1029586_exteriors_p_sunner_museum_atelier_alter_architects_1029586,Sunner Museum Atelier Alter Architects 1029586 Exteriors P Sunner Museum Atelier Alter Architects,unknown,unknown,unknown,unknown,unknown,"['i_p_sunner_museum_atelier_alter_architects_1029586_exteriors_p_sunner_museum_atelier_alter_architects_1029586_p_sunner_museum_atelier_alter_architects_1029586_exteriors_p_sunner_museum_atelier_alter_architects_1029586_exterior_1', 'i_p_sunner_museum_atelier_alter_architects_1029586_exteriors_p_sunner_museum_atelier_alter_architects_1029586_p_sunner_museum_atelier_alter_architects_1029586_exteriors_p_sunner_museum_atelier_alter_architects_1029586_exterior_2', 'i_p_sunner_museum_atelier_alter_architects_1029586_exteriors_p_sunner_museum_atelier_alter_architects_1029586_p_sunner_museum_atelier_alter_architects_1029586_exteriors_p_sunner_museum_atelier_alter_architects_1029586_exterior_3', 'i_p_sunner_museum_atelier_alter_architects_1029586_exteriors_p_sunner_museum_atelier_alter_architects_1029586_p_sunner_museum_atelier_alter_architects_1029586_exteriors_p_sunner_museum_atelier_alter_architects_1029586_exterior_4', 'i_p_sunner_museum_atelier_alter_architects_1029586_exteriors_p_sunner_museum_atelier_alter_architects_1029586_p_sunner_museum_atelier_alter_architects_1029586_exteriors_p_sunner_museum_atelier_alter_architects_1029586_exterior_5']",[],Museum|Cultural|Contemporary|Glass|Concrete|Architectural Design|Alter Architects|Sustainable Design|Energy Efficiency|Gallery|Community Space|Natural Lighting|Urban Architecture|High-Performance Building|Art Installation|Landscape Architecture|Fragmented Massing|Natural Ventilation|Passive Design Strategies|Exhibition Space|Educational Facilities|Pedestrian Friendly|Engagement|Open Plan|Community Engagement|Thermal Mass|Solar Energy|High Glazing Ratio|Interactive Space|Modern Design|Public Art,0.0,0.0,Alter Architects,Unknown,,,2024.0,0.0,2.0
p_sunner_museum_atelier_alter_architects_1029586_interiors_p_sunner_museum_atelier_alter_architects_1029586,Sunner Museum Atelier Alter Architects 1029586 Interiors P Sunner Museum Atelier Alter Architects,unknown,unknown,unknown,unknown,unknown,"['i_p_sunner_museum_atelier_alter_architects_1029586_interiors_p_sunner_museum_atelier_alter_architects_1029586_p_sunner_museum_atelier_alter_architects_1029586_interiors_p_sunner_museum_atelier_alter_architects_1029586_interior_1', 'i_p_sunner_museum_atelier_alter_architects_1029586_interiors_p_sunner_museum_atelier_alter_architects_1029586_p_sunner_museum_atelier_alter_architects_1029586_interiors_p_sunner_museum_atelier_alter_architects_1029586_interior_2', 'i_p_sunner_museum_atelier_alter_architects_1029586_interiors_p_sunner_museum_atelier_alter_architects_1029586_p_sunner_museum_atelier_alter_architects_1029586_interiors_p_sunner_museum_atelier_alter_architects_1029586_interior_3']",[],Museum|Cultural|Contemporary|Glass|Concrete|Architectural Design|Alter Architects|Sustainable Design|Energy Efficiency|Gallery|Community Space|Natural Lighting|Urban Architecture|High-Performance Building|Art Installation|Landscape Architecture|Fragmented Massing|Natural Ventilation|Passive Design Strategies|Exhibition Space|Educational Facilities|Pedestrian Friendly|Engagement|Open Plan|Community Engagement|Thermal Mass|Solar Energy|High Glazing Ratio|Interactive Space|Modern Design|Public Art,0.0,0.0,Alter Architects,Unknown,,,2024.0,0.0,2.0
p_tcdd_temporary_offices_art_galleries_erh_1035027_exteriors_p_tcdd_temporary_offices_art_galleries_erh_1035027,Tcdd Temporary Offices Art Galleries Erh 1035027 Exteriors P Tcdd Temporary Offices Art Galleries Erh,unknown,unknown,unknown,unknown,unknown,"['i_p_tcdd_temporary_offices_art_galleries_erh_1035027_exteriors_p_tcdd_temporary_offices_art_galleries_erh_1035027_p_tcdd_temporary_offices_art_galleries_erh_1035027_exteriors_p_tcdd_temporary_offices_art_galleries_erh_1035027_exterior_1', 'i_p_tcdd_temporary_offices_art_galleries_erh_1035027_exteriors_p_tcdd_temporary_offices_art_galleries_erh_1035027_p_tcdd_temporary_offices_art_galleries_erh_1035027_exteriors_p_tcdd_temporary_offices_art_galleries_erh_1035027_exterior_2', 'i_p_tcdd_temporary_offices_art_galleries_erh_1035027_exteriors_p_tcdd_temporary_offices_art_galleries_erh_1035027_p_tcdd_temporary_offices_art_galleries_erh_1035027_exteriors_p_tcdd_temporary_offices_art_galleries_erh_1035027_exterior_3', 'i_p_tcdd_temporary_offices_art_galleries_erh_1035027_exteriors_p_tcdd_temporary_offices_art_galleries_erh_1035027_p_tcdd_temporary_offices_art_galleries_erh_1035027_exteriors_p_tcdd_temporary_offices_art_galleries_erh_1035027_exterior_4', 'i_p_tcdd_temporary_offices_art_galleries_erh_1035027_exteriors_p_tcdd_temporary_offices_art_galleries_erh_1035027_p_tcdd_temporary_offices_art_galleries_erh_1035027_exteriors_p_tcdd_temporary_offices_art_galleries_erh_1035027_exterior_5']",[],Temporary Architecture|Office|Art Gallery|Glass Facade|Sustainability|Natural Ventilation|Urban Design|Cultural Center|Open Plan|Flexible Space|Steel Structure|Passive Design|Daylighting|Community Engagement|Exhibition Space|Integrated Landscape|Contemporary|Modular Construction|Accessible Design|Urban Renewal|Civic Space|Interactive Environments|Natural Materials|Concrete Frame|Green Design|Temporary Installation|Art Space|Workspace|Ventilated Façade|Community Hub,38.963745,35.243322,Unknown Architect,Unknown City,,,2024.0,0.0,0.0
p_tcdd_temporary_offices_art_galleries_erh_1035027_interiors_p_tcdd_temporary_offices_art_galleries_erh_1035027,Tcdd Temporary Offices Art Galleries Erh 1035027 Interiors P Tcdd Temporary Offices Art Galleries Erh,unknown,unknown,unknown,unknown,unknown,"['i_p_tcdd_temporary_offices_art_galleries_erh_1035027_interiors_p_tcdd_temporary_offices_art_galleries_erh_1035027_p_tcdd_temporary_offices_art_galleries_erh_1035027_interiors_p_tcdd_temporary_offices_art_galleries_erh_1035027_interior_1', 'i_p_tcdd_temporary_offices_art_galleries_erh_1035027_interiors_p_tcdd_temporary_offices_art_galleries_erh_1035027_p_tcdd_temporary_offices_art_galleries_erh_1035027_interiors_p_tcdd_temporary_offices_art_galleries_erh_1035027_interior_2']",[],Temporary Architecture|Office|Art Gallery|Glass Facade|Sustainability|Natural Ventilation|Urban Design|Cultural Center|Open Plan|Flexible Space|Steel Structure|Passive Design|Daylighting|Community Engagement|Exhibition Space|Integrated Landscape|Contemporary|Modular Construction|Accessible Design|Urban Renewal|Civic Space|Interactive Environments|Natural Materials|Concrete Frame|Green Design|Temporary Installation|Art Space|Workspace|Ventilated Façade|Community Hub,38.963745,35.243322,Unknown Architect,Unknown City,,,2024.0,0.0,0.0
p_temple_complex_and_community_center_nard_1034500_diagrams_p_temple_complex_and_community_center_nard_1034500,Temple Complex And Community Center Nard 1034500 Diagrams P Temple Complex And Community Center Nard,unknown,unknown,unknown,unknown,unknown,"['i_p_temple_complex_and_community_center_nard_1034500_diagrams_p_temple_complex_and_community_center_nard_1034500_p_temple_complex_and_community_center_nard_1034500_diagrams_p_temple_complex_and_community_center_nard_1034500_diagram_1', 'i_p_temple_complex_and_community_center_nard_1034500_diagrams_p_temple_complex_and_community_center_nard_1034500_p_temple_complex_and_community_center_nard_1034500_diagrams_p_temple_complex_and_community_center_nard_1034500_diagram_2', 'i_p_temple_complex_and_community_center_nard_1034500_diagrams_p_temple_complex_and_community_center_nard_1034500_p_temple_complex_and_community_center_nard_1034500_diagrams_p_temple_complex_and_community_center_nard_1034500_diagram_3']",[],Temple|Community Center|Cultural Center|Sustainable Design|Modern Architecture|Reinforced Concrete|Stone Facade|Natural Ventilation|Daylighting|Urban Design|Community Engagement|Spatial Organization|Cross Ventilation|Green Roofs|Large Glass Panels|Climate Responsive|Public Space|Cultural Heritage|Temple Architecture|Mixed-Use|Institutional Building|Ecological Design|North-South Orientation|Interior Wood Finishes|Artistic Features|Open Plan Spaces|Natural Materials|Recreational Areas|Flexible Spaces|Pedestrian Pathways,23.2156354,72.63694149999999,Unknown,Nard,,,2024.0,0.0,2.0
p_temple_complex_and_community_center_nard_1034500_exteriors_p_temple_complex_and_community_center_nard_1034500,Temple Complex And Community Center Nard 1034500 Exteriors P Temple Complex And Community Center Nard,unknown,unknown,unknown,unknown,unknown,"['i_p_temple_complex_and_community_center_nard_1034500_exteriors_p_temple_complex_and_community_center_nard_1034500_p_temple_complex_and_community_center_nard_1034500_exteriors_p_temple_complex_and_community_center_nard_1034500_exterior_1', 'i_p_temple_complex_and_community_center_nard_1034500_exteriors_p_temple_complex_and_community_center_nard_1034500_p_temple_complex_and_community_center_nard_1034500_exteriors_p_temple_complex_and_community_center_nard_1034500_exterior_2']",[],Temple|Community Center|Cultural Center|Sustainable Design|Modern Architecture|Reinforced Concrete|Stone Facade|Natural Ventilation|Daylighting|Urban Design|Community Engagement|Spatial Organization|Cross Ventilation|Green Roofs|Large Glass Panels|Climate Responsive|Public Space|Cultural Heritage|Temple Architecture|Mixed-Use|Institutional Building|Ecological Design|North-South Orientation|Interior Wood Finishes|Artistic Features|Open Plan Spaces|Natural Materials|Recreational Areas|Flexible Spaces|Pedestrian Pathways,23.2156354,72.63694149999999,Unknown,Nard,,,2024.0,0.0,2.0
p_temple_complex_and_community_center_nard_1034500_interiors_p_temple_complex_and_community_center_nard_1034500,Temple Complex And Community Center Nard 1034500 Interiors P Temple Complex And Community Center Nard,unknown,unknown,unknown,unknown,unknown,"['i_p_temple_complex_and_community_center_nard_1034500_interiors_p_temple_complex_and_community_center_nard_1034500_p_temple_complex_and_community_center_nard_1034500_interiors_p_temple_complex_and_community_center_nard_1034500_interior_1', 'i_p_temple_complex_and_community_center_nard_1034500_interiors_p_temple_complex_and_community_center_nard_1034500_p_temple_complex_and_community_center_nard_1034500_interiors_p_temple_complex_and_community_center_nard_1034500_interior_2', 'i_p_temple_complex_and_community_center_nard_1034500_interiors_p_temple_complex_and_community_center_nard_1034500_p_temple_complex_and_community_center_nard_1034500_interiors_p_temple_complex_and_community_center_nard_1034500_interior_3', 'i_p_temple_complex_and_community_center_nard_1034500_interiors_p_temple_complex_and_community_center_nard_1034500_p_temple_complex_and_community_center_nard_1034500_interiors_p_temple_complex_and_community_center_nard_1034500_interior_4', 'i_p_temple_complex_and_community_center_nard_1034500_interiors_p_temple_complex_and_community_center_nard_1034500_p_temple_complex_and_community_center_nard_1034500_interiors_p_temple_complex_and_community_center_nard_1034500_interior_5']",[],Temple|Community Center|Cultural Center|Sustainable Design|Modern Architecture|Reinforced Concrete|Stone Facade|Natural Ventilation|Daylighting|Urban Design|Community Engagement|Spatial Organization|Cross Ventilation|Green Roofs|Large Glass Panels|Climate Responsive|Public Space|Cultural Heritage|Temple Architecture|Mixed-Use|Institutional Building|Ecological Design|North-South Orientation|Interior Wood Finishes|Artistic Features|Open Plan Spaces|Natural Materials|Recreational Areas|Flexible Spaces|Pedestrian Pathways,23.2156354,72.63694149999999,Unknown,Nard,,,2024.0,0.0,2.0
p_the_chapel_berger_parkkinen_architects_1034229_diagrams_p_the_chapel_berger_parkkinen_architects_1034229,The Chapel Berger Parkkinen Architects 1034229 Diagrams P The Chapel Berger Parkkinen Architects,unknown,unknown,unknown,unknown,unknown,['i_p_the_chapel_berger_parkkinen_architects_1034229_diagrams_p_the_chapel_berger_parkkinen_architects_1034229_p_the_chapel_berger_parkkinen_architects_1034229_diagrams_p_the_chapel_berger_parkkinen_architects_1034229_diagram_1'],[],Religious|Wood|Glass|Pavilion|Spiritual|Minimalist|Natural Ventilation|Sustainable Design|Landscape Integration|Cultural|Ambient Lighting|Community Use|Functionality|Tranquility|Contemporary Architecture|Exterior Shading|Cross Ventilation|High Thermal Mass|Open Plan|Austria|Tempered Glass|Modern Design|Serene Space|Eco-Friendly|Gathering Space|Landscaped Gardens|Natural Materials|Sustainable Architecture|Community Focus|Timber Structure|Passive Design,47.516231,14.550072,Berger Parkkinen Architects,Not Specified,,,2024.0,0.0,1.0
p_the_chapel_berger_parkkinen_architects_1034229_exteriors_p_the_chapel_berger_parkkinen_architects_1034229,The Chapel Berger Parkkinen Architects 1034229 Exteriors P The Chapel Berger Parkkinen Architects,unknown,unknown,unknown,unknown,unknown,"['i_p_the_chapel_berger_parkkinen_architects_1034229_exteriors_p_the_chapel_berger_parkkinen_architects_1034229_p_the_chapel_berger_parkkinen_architects_1034229_exteriors_p_the_chapel_berger_parkkinen_architects_1034229_exterior_1', 'i_p_the_chapel_berger_parkkinen_architects_1034229_exteriors_p_the_chapel_berger_parkkinen_architects_1034229_p_the_chapel_berger_parkkinen_architects_1034229_exteriors_p_the_chapel_berger_parkkinen_architects_1034229_exterior_2', 'i_p_the_chapel_berger_parkkinen_architects_1034229_exteriors_p_the_chapel_berger_parkkinen_architects_1034229_p_the_chapel_berger_parkkinen_architects_1034229_exteriors_p_the_chapel_berger_parkkinen_architects_1034229_exterior_3', 'i_p_the_chapel_berger_parkkinen_architects_1034229_exteriors_p_the_chapel_berger_parkkinen_architects_1034229_p_the_chapel_berger_parkkinen_architects_1034229_exteriors_p_the_chapel_berger_parkkinen_architects_1034229_exterior_4', 'i_p_the_chapel_berger_parkkinen_architects_1034229_exteriors_p_the_chapel_berger_parkkinen_architects_1034229_p_the_chapel_berger_parkkinen_architects_1034229_exteriors_p_the_chapel_berger_parkkinen_architects_1034229_exterior_5']",[],Religious|Wood|Glass|Pavilion|Spiritual|Minimalist|Natural Ventilation|Sustainable Design|Landscape Integration|Cultural|Ambient Lighting|Community Use|Functionality|Tranquility|Contemporary Architecture|Exterior Shading|Cross Ventilation|High Thermal Mass|Open Plan|Austria|Tempered Glass|Modern Design|Serene Space|Eco-Friendly|Gathering Space|Landscaped Gardens|Natural Materials|Sustainable Architecture|Community Focus|Timber Structure|Passive Design,47.516231,14.550072,Berger Parkkinen Architects,Not Specified,,,2024.0,0.0,1.0
p_the_chapel_berger_parkkinen_architects_1034229_interiors_p_the_chapel_berger_parkkinen_architects_1034229,The Chapel Berger Parkkinen Architects 1034229 Interiors P The Chapel Berger Parkkinen Architects,unknown,unknown,unknown,unknown,unknown,"['i_p_the_chapel_berger_parkkinen_architects_1034229_interiors_p_the_chapel_berger_parkkinen_architects_1034229_p_the_chapel_berger_parkkinen_architects_1034229_interiors_p_the_chapel_berger_parkkinen_architects_1034229_interior_1', 'i_p_the_chapel_berger_parkkinen_architects_1034229_interiors_p_the_chapel_berger_parkkinen_architects_1034229_p_the_chapel_berger_parkkinen_architects_1034229_interiors_p_the_chapel_berger_parkkinen_architects_1034229_interior_2']",[],Religious|Wood|Glass|Pavilion|Spiritual|Minimalist|Natural Ventilation|Sustainable Design|Landscape Integration|Cultural|Ambient Lighting|Community Use|Functionality|Tranquility|Contemporary Architecture|Exterior Shading|Cross Ventilation|High Thermal Mass|Open Plan|Austria|Tempered Glass|Modern Design|Serene Space|Eco-Friendly|Gathering Space|Landscaped Gardens|Natural Materials|Sustainable Architecture|Community Focus|Timber Structure|Passive Design,47.516231,14.550072,Berger Parkkinen Architects,Not Specified,,,2024.0,0.0,1.0
p_the_chapel_of_st_th_r_se_of_lisieux_bull_1034833_exteriors_p_the_chapel_of_st_th_r_se_of_lisieux_bull_1034833,The Chapel Of St Th R Se Of Lisieux Bull 1034833 Exteriors P The Chapel Of St Th R Se Of Lisieux Bull,unknown,unknown,unknown,unknown,unknown,"['i_p_the_chapel_of_st_th_r_se_of_lisieux_bull_1034833_exteriors_p_the_chapel_of_st_th_r_se_of_lisieux_bull_1034833_p_the_chapel_of_st_th_r_se_of_lisieux_bull_1034833_exteriors_p_the_chapel_of_st_th_r_se_of_lisieux_bull_1034833_exterior_1', 'i_p_the_chapel_of_st_th_r_se_of_lisieux_bull_1034833_exteriors_p_the_chapel_of_st_th_r_se_of_lisieux_bull_1034833_p_the_chapel_of_st_th_r_se_of_lisieux_bull_1034833_exteriors_p_the_chapel_of_st_th_r_se_of_lisieux_bull_1034833_exterior_2', 'i_p_the_chapel_of_st_th_r_se_of_lisieux_bull_1034833_exteriors_p_the_chapel_of_st_th_r_se_of_lisieux_bull_1034833_p_the_chapel_of_st_th_r_se_of_lisieux_bull_1034833_exteriors_p_the_chapel_of_st_th_r_se_of_lisieux_bull_1034833_exterior_3', 'i_p_the_chapel_of_st_th_r_se_of_lisieux_bull_1034833_exteriors_p_the_chapel_of_st_th_r_se_of_lisieux_bull_1034833_p_the_chapel_of_st_th_r_se_of_lisieux_bull_1034833_exteriors_p_the_chapel_of_st_th_r_se_of_lisieux_bull_1034833_exterior_4', 'i_p_the_chapel_of_st_th_r_se_of_lisieux_bull_1034833_exteriors_p_the_chapel_of_st_th_r_se_of_lisieux_bull_1034833_p_the_chapel_of_st_th_r_se_of_lisieux_bull_1034833_exteriors_p_the_chapel_of_st_th_r_se_of_lisieux_bull_1034833_exterior_5']",[],Chapel|Religious Architecture|Wood|Glass|Modernist|Sustainable|Natural Ventilation|Community Space|Concrete Frame|Landscaping|Natural Materials|Passive Design|Daylighting|Temporal Space|Spiritual|Suburban|New Zealand|Community Engagement|Ecological Design,-43.6027462,172.7169812,Not Available,Christchurch,,,2024.0,0.0,1.0
p_the_chapel_of_st_th_r_se_of_lisieux_bull_1034833_interiors_p_the_chapel_of_st_th_r_se_of_lisieux_bull_1034833,The Chapel Of St Th R Se Of Lisieux Bull 1034833 Interiors P The Chapel Of St Th R Se Of Lisieux Bull,unknown,unknown,unknown,unknown,unknown,"['i_p_the_chapel_of_st_th_r_se_of_lisieux_bull_1034833_interiors_p_the_chapel_of_st_th_r_se_of_lisieux_bull_1034833_p_the_chapel_of_st_th_r_se_of_lisieux_bull_1034833_interiors_p_the_chapel_of_st_th_r_se_of_lisieux_bull_1034833_interior_1', 'i_p_the_chapel_of_st_th_r_se_of_lisieux_bull_1034833_interiors_p_the_chapel_of_st_th_r_se_of_lisieux_bull_1034833_p_the_chapel_of_st_th_r_se_of_lisieux_bull_1034833_interiors_p_the_chapel_of_st_th_r_se_of_lisieux_bull_1034833_interior_2']",[],Chapel|Religious Architecture|Wood|Glass|Modernist|Sustainable|Natural Ventilation|Community Space|Concrete Frame|Landscaping|Natural Materials|Passive Design|Daylighting|Temporal Space|Spiritual|Suburban|New Zealand|Community Engagement|Ecological Design,-43.6027462,172.7169812,Not Available,Christchurch,,,2024.0,0.0,1.0
p_the_chapel_retold_the_danish_association_1034479_diagrams_p_the_chapel_retold_the_danish_association_1034479,The Chapel Retold The Danish Association 1034479 Diagrams P The Chapel Retold The Danish Association,unknown,unknown,unknown,unknown,unknown,"['i_p_the_chapel_retold_the_danish_association_1034479_diagrams_p_the_chapel_retold_the_danish_association_1034479_p_the_chapel_retold_the_danish_association_1034479_diagrams_p_the_chapel_retold_the_danish_association_1034479_diagram_1', 'i_p_the_chapel_retold_the_danish_association_1034479_diagrams_p_the_chapel_retold_the_danish_association_1034479_p_the_chapel_retold_the_danish_association_1034479_diagrams_p_the_chapel_retold_the_danish_association_1034479_diagram_2', 'i_p_the_chapel_retold_the_danish_association_1034479_diagrams_p_the_chapel_retold_the_danish_association_1034479_p_the_chapel_retold_the_danish_association_1034479_diagrams_p_the_chapel_retold_the_danish_association_1034479_diagram_3']",[],Timber|Glass|Cultural|Religious|Sustainability|Green Roof|Natural Ventilation|Daylighting|Concrete|Modernist|Open Plan|Community Space|Pavilion|Solar Panels|Daylight|Contemplative|Gathering Space|Spiritual|Urban|Natural Materials|Passive Design|Innovative Architecture|Landscape Integration|High Performance|Urban Context|Tempered Climate|Cfb|Community Engagement|Flexible Layout|Integration With Nature|Artisanal|Modern Architecture|Interior Design,55.6760968,12.5683371,The Danish Association,Copenhagen,,,2024.0,200.0,1.0
p_the_chapel_retold_the_danish_association_1034479_exteriors_p_the_chapel_retold_the_danish_association_1034479,The Chapel Retold The Danish Association 1034479 Exteriors P The Chapel Retold The Danish Association,unknown,unknown,unknown,unknown,unknown,"['i_p_the_chapel_retold_the_danish_association_1034479_exteriors_p_the_chapel_retold_the_danish_association_1034479_p_the_chapel_retold_the_danish_association_1034479_exteriors_p_the_chapel_retold_the_danish_association_1034479_exterior_1', 'i_p_the_chapel_retold_the_danish_association_1034479_exteriors_p_the_chapel_retold_the_danish_association_1034479_p_the_chapel_retold_the_danish_association_1034479_exteriors_p_the_chapel_retold_the_danish_association_1034479_exterior_2', 'i_p_the_chapel_retold_the_danish_association_1034479_exteriors_p_the_chapel_retold_the_danish_association_1034479_p_the_chapel_retold_the_danish_association_1034479_exteriors_p_the_chapel_retold_the_danish_association_1034479_exterior_3', 'i_p_the_chapel_retold_the_danish_association_1034479_exteriors_p_the_chapel_retold_the_danish_association_1034479_p_the_chapel_retold_the_danish_association_1034479_exteriors_p_the_chapel_retold_the_danish_association_1034479_exterior_4', 'i_p_the_chapel_retold_the_danish_association_1034479_exteriors_p_the_chapel_retold_the_danish_association_1034479_p_the_chapel_retold_the_danish_association_1034479_exteriors_p_the_chapel_retold_the_danish_association_1034479_exterior_5']",[],Timber|Glass|Cultural|Religious|Sustainability|Green Roof|Natural Ventilation|Daylighting|Concrete|Modernist|Open Plan|Community Space|Pavilion|Solar Panels|Daylight|Contemplative|Gathering Space|Spiritual|Urban|Natural Materials|Passive Design|Innovative Architecture|Landscape Integration|High Performance|Urban Context|Tempered Climate|Cfb|Community Engagement|Flexible Layout|Integration With Nature|Artisanal|Modern Architecture|Interior Design,55.6760968,12.5683371,The Danish Association,Copenhagen,,,2024.0,200.0,1.0
p_the_chapel_retold_the_danish_association_1034479_interiors_p_the_chapel_retold_the_danish_association_1034479,The Chapel Retold The Danish Association 1034479 Interiors P The Chapel Retold The Danish Association,unknown,unknown,unknown,unknown,unknown,"['i_p_the_chapel_retold_the_danish_association_1034479_interiors_p_the_chapel_retold_the_danish_association_1034479_p_the_chapel_retold_the_danish_association_1034479_interiors_p_the_chapel_retold_the_danish_association_1034479_interior_1', 'i_p_the_chapel_retold_the_danish_association_1034479_interiors_p_the_chapel_retold_the_danish_association_1034479_p_the_chapel_retold_the_danish_association_1034479_interiors_p_the_chapel_retold_the_danish_association_1034479_interior_2', 'i_p_the_chapel_retold_the_danish_association_1034479_interiors_p_the_chapel_retold_the_danish_association_1034479_p_the_chapel_retold_the_danish_association_1034479_interiors_p_the_chapel_retold_the_danish_association_1034479_interior_3', 'i_p_the_chapel_retold_the_danish_association_1034479_interiors_p_the_chapel_retold_the_danish_association_1034479_p_the_chapel_retold_the_danish_association_1034479_interiors_p_the_chapel_retold_the_danish_association_1034479_interior_4', 'i_p_the_chapel_retold_the_danish_association_1034479_interiors_p_the_chapel_retold_the_danish_association_1034479_p_the_chapel_retold_the_danish_association_1034479_interiors_p_the_chapel_retold_the_danish_association_1034479_interior_5']",[],Timber|Glass|Cultural|Religious|Sustainability|Green Roof|Natural Ventilation|Daylighting|Concrete|Modernist|Open Plan|Community Space|Pavilion|Solar Panels|Daylight|Contemplative|Gathering Space|Spiritual|Urban|Natural Materials|Passive Design|Innovative Architecture|Landscape Integration|High Performance|Urban Context|Tempered Climate|Cfb|Community Engagement|Flexible Layout|Integration With Nature|Artisanal|Modern Architecture|Interior Design,55.6760968,12.5683371,The Danish Association,Copenhagen,,,2024.0,200.0,1.0
p_the_court_theatre_haworth_tompkins_1034663_diagrams_p_the_court_theatre_haworth_tompkins_1034663,The Court Theatre Haworth Tompkins 1034663 Diagrams P The Court Theatre Haworth Tompkins,unknown,unknown,unknown,unknown,unknown,"['i_p_the_court_theatre_haworth_tompkins_1034663_diagrams_p_the_court_theatre_haworth_tompkins_1034663_p_the_court_theatre_haworth_tompkins_1034663_diagrams_p_the_court_theatre_haworth_tompkins_1034663_diagram_1', 'i_p_the_court_theatre_haworth_tompkins_1034663_diagrams_p_the_court_theatre_haworth_tompkins_1034663_p_the_court_theatre_haworth_tompkins_1034663_diagrams_p_the_court_theatre_haworth_tompkins_1034663_diagram_2', 'i_p_the_court_theatre_haworth_tompkins_1034663_diagrams_p_the_court_theatre_haworth_tompkins_1034663_p_the_court_theatre_haworth_tompkins_1034663_diagrams_p_the_court_theatre_haworth_tompkins_1034663_diagram_3']",[],Timber|Glass|Steel|Modernist|Fragmented|Cultural|Theatre|Performance Space|Sustainability|Natural Ventilation|Energy Efficiency|Green Roof|Urban|Christchurch|Natural Lighting|Flexible Spaces|Community Engagement|High-Performance Glazing|Public Plaza|Artistic|Environmental Design|Community Theatre|Open Plan|Theatrical|Auditorium|Modern Architecture|Performative Spaces|Acoustics|Interior Design|Audience Experience|Timber Facade|Heating Systems|Rainwater Collection|Landscape Architecture|Comprehensive Design,-43.5320301,172.636648,Haworth Tompkins,Christchurch,,,2024.0,0.0,2.0
p_the_court_theatre_haworth_tompkins_1034663_exteriors_p_the_court_theatre_haworth_tompkins_1034663,The Court Theatre Haworth Tompkins 1034663 Exteriors P The Court Theatre Haworth Tompkins,unknown,unknown,unknown,unknown,unknown,"['i_p_the_court_theatre_haworth_tompkins_1034663_exteriors_p_the_court_theatre_haworth_tompkins_1034663_p_the_court_theatre_haworth_tompkins_1034663_exteriors_p_the_court_theatre_haworth_tompkins_1034663_exterior_1', 'i_p_the_court_theatre_haworth_tompkins_1034663_exteriors_p_the_court_theatre_haworth_tompkins_1034663_p_the_court_theatre_haworth_tompkins_1034663_exteriors_p_the_court_theatre_haworth_tompkins_1034663_exterior_2']",[],Timber|Glass|Steel|Modernist|Fragmented|Cultural|Theatre|Performance Space|Sustainability|Natural Ventilation|Energy Efficiency|Green Roof|Urban|Christchurch|Natural Lighting|Flexible Spaces|Community Engagement|High-Performance Glazing|Public Plaza|Artistic|Environmental Design|Community Theatre|Open Plan|Theatrical|Auditorium|Modern Architecture|Performative Spaces|Acoustics|Interior Design|Audience Experience|Timber Facade|Heating Systems|Rainwater Collection|Landscape Architecture|Comprehensive Design,-43.5320301,172.636648,Haworth Tompkins,Christchurch,,,2024.0,0.0,2.0
p_the_court_theatre_haworth_tompkins_1034663_interiors_p_the_court_theatre_haworth_tompkins_1034663,The Court Theatre Haworth Tompkins 1034663 Interiors P The Court Theatre Haworth Tompkins,unknown,unknown,unknown,unknown,unknown,"['i_p_the_court_theatre_haworth_tompkins_1034663_interiors_p_the_court_theatre_haworth_tompkins_1034663_p_the_court_theatre_haworth_tompkins_1034663_interiors_p_the_court_theatre_haworth_tompkins_1034663_interior_1', 'i_p_the_court_theatre_haworth_tompkins_1034663_interiors_p_the_court_theatre_haworth_tompkins_1034663_p_the_court_theatre_haworth_tompkins_1034663_interiors_p_the_court_theatre_haworth_tompkins_1034663_interior_2', 'i_p_the_court_theatre_haworth_tompkins_1034663_interiors_p_the_court_theatre_haworth_tompkins_1034663_p_the_court_theatre_haworth_tompkins_1034663_interiors_p_the_court_theatre_haworth_tompkins_1034663_interior_3', 'i_p_the_court_theatre_haworth_tompkins_1034663_interiors_p_the_court_theatre_haworth_tompkins_1034663_p_the_court_theatre_haworth_tompkins_1034663_interiors_p_the_court_theatre_haworth_tompkins_1034663_interior_4', 'i_p_the_court_theatre_haworth_tompkins_1034663_interiors_p_the_court_theatre_haworth_tompkins_1034663_p_the_court_theatre_haworth_tompkins_1034663_interiors_p_the_court_theatre_haworth_tompkins_1034663_interior_5']",[],Timber|Glass|Steel|Modernist|Fragmented|Cultural|Theatre|Performance Space|Sustainability|Natural Ventilation|Energy Efficiency|Green Roof|Urban|Christchurch|Natural Lighting|Flexible Spaces|Community Engagement|High-Performance Glazing|Public Plaza|Artistic|Environmental Design|Community Theatre|Open Plan|Theatrical|Auditorium|Modern Architecture|Performative Spaces|Acoustics|Interior Design|Audience Experience|Timber Facade|Heating Systems|Rainwater Collection|Landscape Architecture|Comprehensive Design,-43.5320301,172.636648,Haworth Tompkins,Christchurch,,,2024.0,0.0,2.0
p_the_et_302_memorial_alebel_desta_consult_1028581_exteriors_p_the_et_302_memorial_alebel_desta_consult_1028581,The Et 302 Memorial Alebel Desta Consult 1028581 Exteriors P The Et 302 Memorial Alebel Desta Consult,unknown,unknown,unknown,unknown,unknown,"['i_p_the_et_302_memorial_alebel_desta_consult_1028581_exteriors_p_the_et_302_memorial_alebel_desta_consult_1028581_p_the_et_302_memorial_alebel_desta_consult_1028581_exteriors_p_the_et_302_memorial_alebel_desta_consult_1028581_exterior_1', 'i_p_the_et_302_memorial_alebel_desta_consult_1028581_exteriors_p_the_et_302_memorial_alebel_desta_consult_1028581_p_the_et_302_memorial_alebel_desta_consult_1028581_exteriors_p_the_et_302_memorial_alebel_desta_consult_1028581_exterior_2']",[],Ethiopian Architecture|Memorial|Concrete|Sustainability|Cultural|Natural Ventilation|Green Roof|Community Space|Passive Design|Gray Facade|Vertical Fins|Urban Context|Cross Ventilation|Polished Concrete|Historical Recognition|Open Plan|Fragmented Massing|Natural Materials|Civic Architecture|Cultural Expression|Passive Cooling|Solar Energy|Public Memorial|Artistic Elements|Urban Design|Inclusive Spaces|Addis Ababa|Tropical Climate|Community Integration|Architectural Innovation,9.145,40.489673,Desta Consult,Addis Ababa,,,2024.0,500.0,2.0
p_the_et_302_memorial_alebel_desta_consult_1028581_interiors_p_the_et_302_memorial_alebel_desta_consult_1028581,The Et 302 Memorial Alebel Desta Consult 1028581 Interiors P The Et 302 Memorial Alebel Desta Consult,unknown,unknown,unknown,unknown,unknown,"['i_p_the_et_302_memorial_alebel_desta_consult_1028581_interiors_p_the_et_302_memorial_alebel_desta_consult_1028581_p_the_et_302_memorial_alebel_desta_consult_1028581_interiors_p_the_et_302_memorial_alebel_desta_consult_1028581_interior_1', 'i_p_the_et_302_memorial_alebel_desta_consult_1028581_interiors_p_the_et_302_memorial_alebel_desta_consult_1028581_p_the_et_302_memorial_alebel_desta_consult_1028581_interiors_p_the_et_302_memorial_alebel_desta_consult_1028581_interior_2']",[],Ethiopian Architecture|Memorial|Concrete|Sustainability|Cultural|Natural Ventilation|Green Roof|Community Space|Passive Design|Gray Facade|Vertical Fins|Urban Context|Cross Ventilation|Polished Concrete|Historical Recognition|Open Plan|Fragmented Massing|Natural Materials|Civic Architecture|Cultural Expression|Passive Cooling|Solar Energy|Public Memorial|Artistic Elements|Urban Design|Inclusive Spaces|Addis Ababa|Tropical Climate|Community Integration|Architectural Innovation,9.145,40.489673,Desta Consult,Addis Ababa,,,2024.0,500.0,2.0
p_the_katy_museum_bbgk_architekci_1028620_exteriors_p_the_katy_museum_bbgk_architekci_1028620,The Katy Museum Bbgk Architekci 1028620 Exteriors P The Katy Museum Bbgk Architekci,unknown,unknown,unknown,unknown,unknown,"['i_p_the_katy_museum_bbgk_architekci_1028620_exteriors_p_the_katy_museum_bbgk_architekci_1028620_p_the_katy_museum_bbgk_architekci_1028620_exteriors_p_the_katy_museum_bbgk_architekci_1028620_exterior_1', 'i_p_the_katy_museum_bbgk_architekci_1028620_exteriors_p_the_katy_museum_bbgk_architekci_1028620_p_the_katy_museum_bbgk_architekci_1028620_exteriors_p_the_katy_museum_bbgk_architekci_1028620_exterior_2', 'i_p_the_katy_museum_bbgk_architekci_1028620_exteriors_p_the_katy_museum_bbgk_architekci_1028620_p_the_katy_museum_bbgk_architekci_1028620_exteriors_p_the_katy_museum_bbgk_architekci_1028620_exterior_3']",[],Concrete|Glass|Steel|Modernist|Fragmented|Museum|Open Plan|Cross Ventilation|Daylighting|Cultural|Sustainable Design|Green Roof|Community Space|Urban Site|Educational Facilities|Thermal Mass|Double-Glazed|Integrated Landscape|Exhibition Space|Natural Ventilation|Adjustable Lighting|Polished Concrete|Wood Interiors|Gypsum Board|Overhangs|Vertical Fins|Rainwater Harvesting|Solar Panels|Masovia|Warsaw|Dfb|Central Atrium|Interconnected Galleries|Modern Architecture,52.2296756,21.0122287,Bbgk Architekci,Warsaw,,,2024.0,2500.0,2.0
p_the_katy_museum_bbgk_architekci_1028620_interiors_p_the_katy_museum_bbgk_architekci_1028620,The Katy Museum Bbgk Architekci 1028620 Interiors P The Katy Museum Bbgk Architekci,unknown,unknown,unknown,unknown,unknown,"['i_p_the_katy_museum_bbgk_architekci_1028620_interiors_p_the_katy_museum_bbgk_architekci_1028620_p_the_katy_museum_bbgk_architekci_1028620_interiors_p_the_katy_museum_bbgk_architekci_1028620_interior_1', 'i_p_the_katy_museum_bbgk_architekci_1028620_interiors_p_the_katy_museum_bbgk_architekci_1028620_p_the_katy_museum_bbgk_architekci_1028620_interiors_p_the_katy_museum_bbgk_architekci_1028620_interior_2']",[],Concrete|Glass|Steel|Modernist|Fragmented|Museum|Open Plan|Cross Ventilation|Daylighting|Cultural|Sustainable Design|Green Roof|Community Space|Urban Site|Educational Facilities|Thermal Mass|Double-Glazed|Integrated Landscape|Exhibition Space|Natural Ventilation|Adjustable Lighting|Polished Concrete|Wood Interiors|Gypsum Board|Overhangs|Vertical Fins|Rainwater Harvesting|Solar Panels|Masovia|Warsaw|Dfb|Central Atrium|Interconnected Galleries|Modern Architecture,52.2296756,21.0122287,Bbgk Architekci,Warsaw,,,2024.0,2500.0,2.0
p_the_school_of_social_development_studio_999512_diagrams_p_the_school_of_social_development_studio_999512,The School Of Social Development Studio 999512 Diagrams P The School Of Social Development Studio,unknown,unknown,unknown,unknown,unknown,"['i_p_the_school_of_social_development_studio_999512_diagrams_p_the_school_of_social_development_studio_999512_p_the_school_of_social_development_studio_999512_diagrams_p_the_school_of_social_development_studio_999512_diagram_1', 'i_p_the_school_of_social_development_studio_999512_diagrams_p_the_school_of_social_development_studio_999512_p_the_school_of_social_development_studio_999512_diagrams_p_the_school_of_social_development_studio_999512_diagram_2', 'i_p_the_school_of_social_development_studio_999512_diagrams_p_the_school_of_social_development_studio_999512_p_the_school_of_social_development_studio_999512_diagrams_p_the_school_of_social_development_studio_999512_diagram_3']",[],Concrete|Glass|Educational|Sustainable Design|Tropical Climate|Courtyard|Natural Ventilation|Solar Energy|Polished Concrete|Community Engagement|Flexible Spaces|Green Wall|Rupandehi|Modern Architecture|Studio 999512|Lumbini|Urban Context|Passive Design|Overhangs|High-Performance Glazing|Rainwater Harvesting|Natural Lighting|Thermal Mass|Indoor-Outdoor Connection|Interaction Spaces|Collaborative Learning|Healthy Environment|Comfortable Climate|Community-Focused|Architectural Innovation|Learning Environment,27.8506534,84.0748789,Studio 999512,Lumbini,,,2024.0,1500.0,2.0
p_the_school_of_social_development_studio_999512_exteriors_p_the_school_of_social_development_studio_999512,The School Of Social Development Studio 999512 Exteriors P The School Of Social Development Studio,unknown,unknown,unknown,unknown,unknown,"['i_p_the_school_of_social_development_studio_999512_exteriors_p_the_school_of_social_development_studio_999512_p_the_school_of_social_development_studio_999512_exteriors_p_the_school_of_social_development_studio_999512_exterior_1', 'i_p_the_school_of_social_development_studio_999512_exteriors_p_the_school_of_social_development_studio_999512_p_the_school_of_social_development_studio_999512_exteriors_p_the_school_of_social_development_studio_999512_exterior_2', 'i_p_the_school_of_social_development_studio_999512_exteriors_p_the_school_of_social_development_studio_999512_p_the_school_of_social_development_studio_999512_exteriors_p_the_school_of_social_development_studio_999512_exterior_3', 'i_p_the_school_of_social_development_studio_999512_exteriors_p_the_school_of_social_development_studio_999512_p_the_school_of_social_development_studio_999512_exteriors_p_the_school_of_social_development_studio_999512_exterior_4', 'i_p_the_school_of_social_development_studio_999512_exteriors_p_the_school_of_social_development_studio_999512_p_the_school_of_social_development_studio_999512_exteriors_p_the_school_of_social_development_studio_999512_exterior_5']",[],Concrete|Glass|Educational|Sustainable Design|Tropical Climate|Courtyard|Natural Ventilation|Solar Energy|Polished Concrete|Community Engagement|Flexible Spaces|Green Wall|Rupandehi|Modern Architecture|Studio 999512|Lumbini|Urban Context|Passive Design|Overhangs|High-Performance Glazing|Rainwater Harvesting|Natural Lighting|Thermal Mass|Indoor-Outdoor Connection|Interaction Spaces|Collaborative Learning|Healthy Environment|Comfortable Climate|Community-Focused|Architectural Innovation|Learning Environment,27.8506534,84.0748789,Studio 999512,Lumbini,,,2024.0,1500.0,2.0
p_the_school_of_social_development_studio_999512_interiors_p_the_school_of_social_development_studio_999512,The School Of Social Development Studio 999512 Interiors P The School Of Social Development Studio,unknown,unknown,unknown,unknown,unknown,"['i_p_the_school_of_social_development_studio_999512_interiors_p_the_school_of_social_development_studio_999512_p_the_school_of_social_development_studio_999512_interiors_p_the_school_of_social_development_studio_999512_interior_1', 'i_p_the_school_of_social_development_studio_999512_interiors_p_the_school_of_social_development_studio_999512_p_the_school_of_social_development_studio_999512_interiors_p_the_school_of_social_development_studio_999512_interior_2', 'i_p_the_school_of_social_development_studio_999512_interiors_p_the_school_of_social_development_studio_999512_p_the_school_of_social_development_studio_999512_interiors_p_the_school_of_social_development_studio_999512_interior_3', 'i_p_the_school_of_social_development_studio_999512_interiors_p_the_school_of_social_development_studio_999512_p_the_school_of_social_development_studio_999512_interiors_p_the_school_of_social_development_studio_999512_interior_4']",[],Concrete|Glass|Educational|Sustainable Design|Tropical Climate|Courtyard|Natural Ventilation|Solar Energy|Polished Concrete|Community Engagement|Flexible Spaces|Green Wall|Rupandehi|Modern Architecture|Studio 999512|Lumbini|Urban Context|Passive Design|Overhangs|High-Performance Glazing|Rainwater Harvesting|Natural Lighting|Thermal Mass|Indoor-Outdoor Connection|Interaction Spaces|Collaborative Learning|Healthy Environment|Comfortable Climate|Community-Focused|Architectural Innovation|Learning Environment,27.8506534,84.0748789,Studio 999512,Lumbini,,,2024.0,1500.0,2.0
p_thomas_sankara_mausoleum_kere_architectu_1030302_exteriors_p_thomas_sankara_mausoleum_kere_architectu_1030302,Thomas Sankara Mausoleum Kere Architectu 1030302 Exteriors P Thomas Sankara Mausoleum Kere Architectu,unknown,unknown,unknown,unknown,unknown,"['i_p_thomas_sankara_mausoleum_kere_architectu_1030302_exteriors_p_thomas_sankara_mausoleum_kere_architectu_1030302_p_thomas_sankara_mausoleum_kere_architectu_1030302_exteriors_p_thomas_sankara_mausoleum_kere_architectu_1030302_exterior_1', 'i_p_thomas_sankara_mausoleum_kere_architectu_1030302_exteriors_p_thomas_sankara_mausoleum_kere_architectu_1030302_p_thomas_sankara_mausoleum_kere_architectu_1030302_exteriors_p_thomas_sankara_mausoleum_kere_architectu_1030302_exterior_2', 'i_p_thomas_sankara_mausoleum_kere_architectu_1030302_exteriors_p_thomas_sankara_mausoleum_kere_architectu_1030302_p_thomas_sankara_mausoleum_kere_architectu_1030302_exteriors_p_thomas_sankara_mausoleum_kere_architectu_1030302_exterior_3', 'i_p_thomas_sankara_mausoleum_kere_architectu_1030302_exteriors_p_thomas_sankara_mausoleum_kere_architectu_1030302_p_thomas_sankara_mausoleum_kere_architectu_1030302_exteriors_p_thomas_sankara_mausoleum_kere_architectu_1030302_exterior_4']",[],Concrete|Stone|Cultural|Pavilion|Central Courtyard|Natural Ventilation|Local Materials|Community Gathering|Educational Facility|Thermal Mass|Earth Tones|Modernist|Landscape Integration|Tropical Climate|Daylighting|Concrete Frame|High-Performance Glazing|Sustainable Design|Memorial Architecture|Community-Focused|Cross Ventilation|Historic Site|Green Building|Solar Shading|Open Spaces|Local Context|Architectural Monument|Civil Engagement|Integrated Design|Civic Space|Burkinabé Architecture|Kere Architecture,12.3714277,-1.5196603,Kere Architecture,Ouagadougou,,,2024.0,0.0,1.0
p_thomas_sankara_mausoleum_kere_architectu_1030302_interiors_p_thomas_sankara_mausoleum_kere_architectu_1030302,Thomas Sankara Mausoleum Kere Architectu 1030302 Interiors P Thomas Sankara Mausoleum Kere Architectu,unknown,unknown,unknown,unknown,unknown,"['i_p_thomas_sankara_mausoleum_kere_architectu_1030302_interiors_p_thomas_sankara_mausoleum_kere_architectu_1030302_p_thomas_sankara_mausoleum_kere_architectu_1030302_interiors_p_thomas_sankara_mausoleum_kere_architectu_1030302_interior_1', 'i_p_thomas_sankara_mausoleum_kere_architectu_1030302_interiors_p_thomas_sankara_mausoleum_kere_architectu_1030302_p_thomas_sankara_mausoleum_kere_architectu_1030302_interiors_p_thomas_sankara_mausoleum_kere_architectu_1030302_interior_2']",[],Concrete|Stone|Cultural|Pavilion|Central Courtyard|Natural Ventilation|Local Materials|Community Gathering|Educational Facility|Thermal Mass|Earth Tones|Modernist|Landscape Integration|Tropical Climate|Daylighting|Concrete Frame|High-Performance Glazing|Sustainable Design|Memorial Architecture|Community-Focused|Cross Ventilation|Historic Site|Green Building|Solar Shading|Open Spaces|Local Context|Architectural Monument|Civil Engagement|Integrated Design|Civic Space|Burkinabé Architecture|Kere Architecture,12.3714277,-1.5196603,Kere Architecture,Ouagadougou,,,2024.0,0.0,1.0
p_thoravej_29_pihlmann_architects_1034502_diagrams_p_thoravej_29_pihlmann_architects_1034502,Thoravej 29 Pihlmann Architects 1034502 Diagrams P Thoravej 29 Pihlmann Architects,unknown,unknown,unknown,unknown,unknown,"['i_p_thoravej_29_pihlmann_architects_1034502_diagrams_p_thoravej_29_pihlmann_architects_1034502_p_thoravej_29_pihlmann_architects_1034502_diagrams_p_thoravej_29_pihlmann_architects_1034502_diagram_1', 'i_p_thoravej_29_pihlmann_architects_1034502_diagrams_p_thoravej_29_pihlmann_architects_1034502_p_thoravej_29_pihlmann_architects_1034502_diagrams_p_thoravej_29_pihlmann_architects_1034502_diagram_2', 'i_p_thoravej_29_pihlmann_architects_1034502_diagrams_p_thoravej_29_pihlmann_architects_1034502_p_thoravej_29_pihlmann_architects_1034502_diagrams_p_thoravej_29_pihlmann_architects_1034502_diagram_3']",[],Copenhagen|Denmark|Mixed-Use|Residential|Sustainability|Green Roofs|Community Space|Brick|Glass|Fragmented Massing|Natural Ventilation|Passive Design|High-Performance Glazing|Urban|Modernist|Concrete Frame|Courtyard|Thermal Mass|Natural Lighting|Vertical Fins|Overhangs|Double-Glazing|Urban Context|Residential Units|Energy Efficiency|Communal Areas|Fostering Community|Cfb Climate|Sustainable Architecture|Interior Design|Natural Materials,55.6760968,12.5683371,Pihlmann Architects,Copenhagen,,,2024.0,0.0,5.0
p_thoravej_29_pihlmann_architects_1034502_exteriors_p_thoravej_29_pihlmann_architects_1034502,Thoravej 29 Pihlmann Architects 1034502 Exteriors P Thoravej 29 Pihlmann Architects,unknown,unknown,unknown,unknown,unknown,"['i_p_thoravej_29_pihlmann_architects_1034502_exteriors_p_thoravej_29_pihlmann_architects_1034502_p_thoravej_29_pihlmann_architects_1034502_exteriors_p_thoravej_29_pihlmann_architects_1034502_exterior_1', 'i_p_thoravej_29_pihlmann_architects_1034502_exteriors_p_thoravej_29_pihlmann_architects_1034502_p_thoravej_29_pihlmann_architects_1034502_exteriors_p_thoravej_29_pihlmann_architects_1034502_exterior_2', 'i_p_thoravej_29_pihlmann_architects_1034502_exteriors_p_thoravej_29_pihlmann_architects_1034502_p_thoravej_29_pihlmann_architects_1034502_exteriors_p_thoravej_29_pihlmann_architects_1034502_exterior_3', 'i_p_thoravej_29_pihlmann_architects_1034502_exteriors_p_thoravej_29_pihlmann_architects_1034502_p_thoravej_29_pihlmann_architects_1034502_exteriors_p_thoravej_29_pihlmann_architects_1034502_exterior_4']",[],Copenhagen|Denmark|Mixed-Use|Residential|Sustainability|Green Roofs|Community Space|Brick|Glass|Fragmented Massing|Natural Ventilation|Passive Design|High-Performance Glazing|Urban|Modernist|Concrete Frame|Courtyard|Thermal Mass|Natural Lighting|Vertical Fins|Overhangs|Double-Glazing|Urban Context|Residential Units|Energy Efficiency|Communal Areas|Fostering Community|Cfb Climate|Sustainable Architecture|Interior Design|Natural Materials,55.6760968,12.5683371,Pihlmann Architects,Copenhagen,,,2024.0,0.0,5.0
p_thoravej_29_pihlmann_architects_1034502_interiors_p_thoravej_29_pihlmann_architects_1034502,Thoravej 29 Pihlmann Architects 1034502 Interiors P Thoravej 29 Pihlmann Architects,unknown,unknown,unknown,unknown,unknown,"['i_p_thoravej_29_pihlmann_architects_1034502_interiors_p_thoravej_29_pihlmann_architects_1034502_p_thoravej_29_pihlmann_architects_1034502_interiors_p_thoravej_29_pihlmann_architects_1034502_interior_1', 'i_p_thoravej_29_pihlmann_architects_1034502_interiors_p_thoravej_29_pihlmann_architects_1034502_p_thoravej_29_pihlmann_architects_1034502_interiors_p_thoravej_29_pihlmann_architects_1034502_interior_2', 'i_p_thoravej_29_pihlmann_architects_1034502_interiors_p_thoravej_29_pihlmann_architects_1034502_p_thoravej_29_pihlmann_architects_1034502_interiors_p_thoravej_29_pihlmann_architects_1034502_interior_3', 'i_p_thoravej_29_pihlmann_architects_1034502_interiors_p_thoravej_29_pihlmann_architects_1034502_p_thoravej_29_pihlmann_architects_1034502_interiors_p_thoravej_29_pihlmann_architects_1034502_interior_4', 'i_p_thoravej_29_pihlmann_architects_1034502_interiors_p_thoravej_29_pihlmann_architects_1034502_p_thoravej_29_pihlmann_architects_1034502_interiors_p_thoravej_29_pihlmann_architects_1034502_interior_5']",[],Copenhagen|Denmark|Mixed-Use|Residential|Sustainability|Green Roofs|Community Space|Brick|Glass|Fragmented Massing|Natural Ventilation|Passive Design|High-Performance Glazing|Urban|Modernist|Concrete Frame|Courtyard|Thermal Mass|Natural Lighting|Vertical Fins|Overhangs|Double-Glazing|Urban Context|Residential Units|Energy Efficiency|Communal Areas|Fostering Community|Cfb Climate|Sustainable Architecture|Interior Design|Natural Materials,55.6760968,12.5683371,Pihlmann Architects,Copenhagen,,,2024.0,0.0,5.0
p_tile_chapel_jimenez_arquitectos_fb_estud_1026511_diagrams_p_tile_chapel_jimenez_arquitectos_fb_estud_1026511,Tile Chapel Jimenez Arquitectos Fb Estud 1026511 Diagrams P Tile Chapel Jimenez Arquitectos Fb Estud,unknown,unknown,unknown,unknown,unknown,['i_p_tile_chapel_jimenez_arquitectos_fb_estud_1026511_diagrams_p_tile_chapel_jimenez_arquitectos_fb_estud_1026511_p_tile_chapel_jimenez_arquitectos_fb_estud_1026511_diagrams_p_tile_chapel_jimenez_arquitectos_fb_estud_1026511_diagram_1'],[],Chapel|Religious Architecture|Ceramic Tile|Contemporary|Ecuador|Community Space|Central Courtyard|Sustainable|Natural Ventilation|Daylighting|Urban|Tropical Climate|Natural Materials|Polished Concrete|Wood|High-Performance Glazing|Passive Design|Solar Panels|Rainwater Harvesting|Architectural Design|Landscape Integration|Architectural Style|Community Gathering|Reflection Space|Interior Lighting|Earth-Friendly|Modern Architecture|Building Materials|Environmental Design|Scenic Views|Minimalist Design,-1.831239,-78.18340599999999,Jimenez Arquitectos,Unknown,,,2024.0,0.0,1.0
p_tile_chapel_jimenez_arquitectos_fb_estud_1026511_exteriors_p_tile_chapel_jimenez_arquitectos_fb_estud_1026511,Tile Chapel Jimenez Arquitectos Fb Estud 1026511 Exteriors P Tile Chapel Jimenez Arquitectos Fb Estud,unknown,unknown,unknown,unknown,unknown,"['i_p_tile_chapel_jimenez_arquitectos_fb_estud_1026511_exteriors_p_tile_chapel_jimenez_arquitectos_fb_estud_1026511_p_tile_chapel_jimenez_arquitectos_fb_estud_1026511_exteriors_p_tile_chapel_jimenez_arquitectos_fb_estud_1026511_exterior_1', 'i_p_tile_chapel_jimenez_arquitectos_fb_estud_1026511_exteriors_p_tile_chapel_jimenez_arquitectos_fb_estud_1026511_p_tile_chapel_jimenez_arquitectos_fb_estud_1026511_exteriors_p_tile_chapel_jimenez_arquitectos_fb_estud_1026511_exterior_2', 'i_p_tile_chapel_jimenez_arquitectos_fb_estud_1026511_exteriors_p_tile_chapel_jimenez_arquitectos_fb_estud_1026511_p_tile_chapel_jimenez_arquitectos_fb_estud_1026511_exteriors_p_tile_chapel_jimenez_arquitectos_fb_estud_1026511_exterior_3', 'i_p_tile_chapel_jimenez_arquitectos_fb_estud_1026511_exteriors_p_tile_chapel_jimenez_arquitectos_fb_estud_1026511_p_tile_chapel_jimenez_arquitectos_fb_estud_1026511_exteriors_p_tile_chapel_jimenez_arquitectos_fb_estud_1026511_exterior_4', 'i_p_tile_chapel_jimenez_arquitectos_fb_estud_1026511_exteriors_p_tile_chapel_jimenez_arquitectos_fb_estud_1026511_p_tile_chapel_jimenez_arquitectos_fb_estud_1026511_exteriors_p_tile_chapel_jimenez_arquitectos_fb_estud_1026511_exterior_5']",[],Chapel|Religious Architecture|Ceramic Tile|Contemporary|Ecuador|Community Space|Central Courtyard|Sustainable|Natural Ventilation|Daylighting|Urban|Tropical Climate|Natural Materials|Polished Concrete|Wood|High-Performance Glazing|Passive Design|Solar Panels|Rainwater Harvesting|Architectural Design|Landscape Integration|Architectural Style|Community Gathering|Reflection Space|Interior Lighting|Earth-Friendly|Modern Architecture|Building Materials|Environmental Design|Scenic Views|Minimalist Design,-1.831239,-78.18340599999999,Jimenez Arquitectos,Unknown,,,2024.0,0.0,1.0
p_tile_chapel_jimenez_arquitectos_fb_estud_1026511_interiors_p_tile_chapel_jimenez_arquitectos_fb_estud_1026511,Tile Chapel Jimenez Arquitectos Fb Estud 1026511 Interiors P Tile Chapel Jimenez Arquitectos Fb Estud,unknown,unknown,unknown,unknown,unknown,"['i_p_tile_chapel_jimenez_arquitectos_fb_estud_1026511_interiors_p_tile_chapel_jimenez_arquitectos_fb_estud_1026511_p_tile_chapel_jimenez_arquitectos_fb_estud_1026511_interiors_p_tile_chapel_jimenez_arquitectos_fb_estud_1026511_interior_1', 'i_p_tile_chapel_jimenez_arquitectos_fb_estud_1026511_interiors_p_tile_chapel_jimenez_arquitectos_fb_estud_1026511_p_tile_chapel_jimenez_arquitectos_fb_estud_1026511_interiors_p_tile_chapel_jimenez_arquitectos_fb_estud_1026511_interior_2']",[],Chapel|Religious Architecture|Ceramic Tile|Contemporary|Ecuador|Community Space|Central Courtyard|Sustainable|Natural Ventilation|Daylighting|Urban|Tropical Climate|Natural Materials|Polished Concrete|Wood|High-Performance Glazing|Passive Design|Solar Panels|Rainwater Harvesting|Architectural Design|Landscape Integration|Architectural Style|Community Gathering|Reflection Space|Interior Lighting|Earth-Friendly|Modern Architecture|Building Materials|Environmental Design|Scenic Views|Minimalist Design,-1.831239,-78.18340599999999,Jimenez Arquitectos,Unknown,,,2024.0,0.0,1.0
p_viking_fortress_borgring_experience_cent_1033647_diagrams_p_viking_fortress_borgring_experience_cent_1033647,Viking Fortress Borgring Experience Cent 1033647 Diagrams P Viking Fortress Borgring Experience Cent,unknown,unknown,unknown,unknown,unknown,"['i_p_viking_fortress_borgring_experience_cent_1033647_diagrams_p_viking_fortress_borgring_experience_cent_1033647_p_viking_fortress_borgring_experience_cent_1033647_diagrams_p_viking_fortress_borgring_experience_cent_1033647_diagram_1', 'i_p_viking_fortress_borgring_experience_cent_1033647_diagrams_p_viking_fortress_borgring_experience_cent_1033647_p_viking_fortress_borgring_experience_cent_1033647_diagrams_p_viking_fortress_borgring_experience_cent_1033647_diagram_2']",[],Cultural|Exhibition Center|Interactive|Timber|Glass|Natural Ventilation|Sustainable|Viking Heritage|Cfb Climate|Architectural Innovation|Visitor Experience|Community Space|Education|Polished Stone|Daylighting|Open Exhibition|Urban Interface|Landscape Architecture|Modern Design|Historical Context|Green Roofs|Passive Solar|Exterior Overhangs|Spatial Organization|Visitor Facilities|Natural Materials|Contemporary|Learning Space|Archeology|Central Circulation,55.45752599999999,12.182181,N/A,Copenhagen,,,2024.0,0.0,1.0
p_viking_fortress_borgring_experience_cent_1033647_exteriors_p_viking_fortress_borgring_experience_cent_1033647,Viking Fortress Borgring Experience Cent 1033647 Exteriors P Viking Fortress Borgring Experience Cent,unknown,unknown,unknown,unknown,unknown,"['i_p_viking_fortress_borgring_experience_cent_1033647_exteriors_p_viking_fortress_borgring_experience_cent_1033647_p_viking_fortress_borgring_experience_cent_1033647_exteriors_p_viking_fortress_borgring_experience_cent_1033647_exterior_1', 'i_p_viking_fortress_borgring_experience_cent_1033647_exteriors_p_viking_fortress_borgring_experience_cent_1033647_p_viking_fortress_borgring_experience_cent_1033647_exteriors_p_viking_fortress_borgring_experience_cent_1033647_exterior_2', 'i_p_viking_fortress_borgring_experience_cent_1033647_exteriors_p_viking_fortress_borgring_experience_cent_1033647_p_viking_fortress_borgring_experience_cent_1033647_exteriors_p_viking_fortress_borgring_experience_cent_1033647_exterior_3', 'i_p_viking_fortress_borgring_experience_cent_1033647_exteriors_p_viking_fortress_borgring_experience_cent_1033647_p_viking_fortress_borgring_experience_cent_1033647_exteriors_p_viking_fortress_borgring_experience_cent_1033647_exterior_4', 'i_p_viking_fortress_borgring_experience_cent_1033647_exteriors_p_viking_fortress_borgring_experience_cent_1033647_p_viking_fortress_borgring_experience_cent_1033647_exteriors_p_viking_fortress_borgring_experience_cent_1033647_exterior_5']",[],Cultural|Exhibition Center|Interactive|Timber|Glass|Natural Ventilation|Sustainable|Viking Heritage|Cfb Climate|Architectural Innovation|Visitor Experience|Community Space|Education|Polished Stone|Daylighting|Open Exhibition|Urban Interface|Landscape Architecture|Modern Design|Historical Context|Green Roofs|Passive Solar|Exterior Overhangs|Spatial Organization|Visitor Facilities|Natural Materials|Contemporary|Learning Space|Archeology|Central Circulation,55.45752599999999,12.182181,N/A,Copenhagen,,,2024.0,0.0,1.0
p_viking_fortress_borgring_experience_cent_1033647_interiors_p_viking_fortress_borgring_experience_cent_1033647,Viking Fortress Borgring Experience Cent 1033647 Interiors P Viking Fortress Borgring Experience Cent,unknown,unknown,unknown,unknown,unknown,"['i_p_viking_fortress_borgring_experience_cent_1033647_interiors_p_viking_fortress_borgring_experience_cent_1033647_p_viking_fortress_borgring_experience_cent_1033647_interiors_p_viking_fortress_borgring_experience_cent_1033647_interior_1', 'i_p_viking_fortress_borgring_experience_cent_1033647_interiors_p_viking_fortress_borgring_experience_cent_1033647_p_viking_fortress_borgring_experience_cent_1033647_interiors_p_viking_fortress_borgring_experience_cent_1033647_interior_2']",[],Cultural|Exhibition Center|Interactive|Timber|Glass|Natural Ventilation|Sustainable|Viking Heritage|Cfb Climate|Architectural Innovation|Visitor Experience|Community Space|Education|Polished Stone|Daylighting|Open Exhibition|Urban Interface|Landscape Architecture|Modern Design|Historical Context|Green Roofs|Passive Solar|Exterior Overhangs|Spatial Organization|Visitor Facilities|Natural Materials|Contemporary|Learning Space|Archeology|Central Circulation,55.45752599999999,12.182181,N/A,Copenhagen,,,2024.0,0.0,1.0
p_widna_haven_community_center_and_library_1031260_exteriors_p_widna_haven_community_center_and_library_1031260,Widna Haven Community Center And Library 1031260 Exteriors P Widna Haven Community Center And Library,unknown,unknown,unknown,unknown,unknown,"['i_p_widna_haven_community_center_and_library_1031260_exteriors_p_widna_haven_community_center_and_library_1031260_p_widna_haven_community_center_and_library_1031260_exteriors_p_widna_haven_community_center_and_library_1031260_exterior_1', 'i_p_widna_haven_community_center_and_library_1031260_exteriors_p_widna_haven_community_center_and_library_1031260_p_widna_haven_community_center_and_library_1031260_exteriors_p_widna_haven_community_center_and_library_1031260_exterior_2', 'i_p_widna_haven_community_center_and_library_1031260_exteriors_p_widna_haven_community_center_and_library_1031260_p_widna_haven_community_center_and_library_1031260_exteriors_p_widna_haven_community_center_and_library_1031260_exterior_3', 'i_p_widna_haven_community_center_and_library_1031260_exteriors_p_widna_haven_community_center_and_library_1031260_p_widna_haven_community_center_and_library_1031260_exteriors_p_widna_haven_community_center_and_library_1031260_exterior_4', 'i_p_widna_haven_community_center_and_library_1031260_exteriors_p_widna_haven_community_center_and_library_1031260_p_widna_haven_community_center_and_library_1031260_exteriors_p_widna_haven_community_center_and_library_1031260_exterior_5']",[],Community Center|Library|Sustainable Architecture|Modern Design|Glass Facade|Reinforced Concrete|High Daylighting|Green Roof|Natural Ventilation|Urban Design|Suburban Context|Multi-Purpose Space|Accessible Design|Community Engagement|Educational Programs|Event Spaces|Landscape Integration|Renewable Energy|Thermal Mass|Open Plan|Acoustic Performance|Flexible Layout|Low Maintenance|Public Architecture|Lightweight Structure|Energy-Efficient|Cultural Space|Environmental Design|Interior Wood Finishes|Led Lighting,54.518352,18.5291932,Unknown Architect,Widna Haven,,,2024.0,1200.0,2.0
p_widna_haven_community_center_and_library_1031260_interiors_p_widna_haven_community_center_and_library_1031260,Widna Haven Community Center And Library 1031260 Interiors P Widna Haven Community Center And Library,unknown,unknown,unknown,unknown,unknown,"['i_p_widna_haven_community_center_and_library_1031260_interiors_p_widna_haven_community_center_and_library_1031260_p_widna_haven_community_center_and_library_1031260_interiors_p_widna_haven_community_center_and_library_1031260_interior_1', 'i_p_widna_haven_community_center_and_library_1031260_interiors_p_widna_haven_community_center_and_library_1031260_p_widna_haven_community_center_and_library_1031260_interiors_p_widna_haven_community_center_and_library_1031260_interior_2', 'i_p_widna_haven_community_center_and_library_1031260_interiors_p_widna_haven_community_center_and_library_1031260_p_widna_haven_community_center_and_library_1031260_interiors_p_widna_haven_community_center_and_library_1031260_interior_3', 'i_p_widna_haven_community_center_and_library_1031260_interiors_p_widna_haven_community_center_and_library_1031260_p_widna_haven_community_center_and_library_1031260_interiors_p_widna_haven_community_center_and_library_1031260_interior_4', 'i_p_widna_haven_community_center_and_library_1031260_interiors_p_widna_haven_community_center_and_library_1031260_p_widna_haven_community_center_and_library_1031260_interiors_p_widna_haven_community_center_and_library_1031260_interior_5']",[],Community Center|Library|Sustainable Architecture|Modern Design|Glass Facade|Reinforced Concrete|High Daylighting|Green Roof|Natural Ventilation|Urban Design|Suburban Context|Multi-Purpose Space|Accessible Design|Community Engagement|Educational Programs|Event Spaces|Landscape Integration|Renewable Energy|Thermal Mass|Open Plan|Acoustic Performance|Flexible Layout|Low Maintenance|Public Architecture|Lightweight Structure|Energy-Efficient|Cultural Space|Environmental Design|Interior Wood Finishes|Led Lighting,54.518352,18.5291932,Unknown Architect,Widna Haven,,,2024.0,1200.0,2.0
p_workshop_with_three_courtyards_opposite_1034403_diagrams_p_workshop_with_three_courtyards_opposite_1034403,Workshop With Three Courtyards Opposite 1034403 Diagrams P Workshop With Three Courtyards Opposite,unknown,unknown,unknown,unknown,unknown,['i_p_workshop_with_three_courtyards_opposite_1034403_diagrams_p_workshop_with_three_courtyards_opposite_1034403_p_workshop_with_three_courtyards_opposite_1034403_diagrams_p_workshop_with_three_courtyards_opposite_1034403_diagram_1'],[],Workshop|Courtyard|Creative Space|Reinforced Concrete|Sustainable Design|Natural Ventilation|Modern Architecture|South-Facing|Green Roof|Polished Concrete|Collaborative Workspaces|Large Windows|Passive Design|Rainwater Harvesting|Horizontal Shading|Community-Focused|Multi-Functional|Outdoor Spaces|Fabrication|Learning Environment|Modernist|Arid Climate|Adaptive Reuse|Environmental Integration|Spatial Openness|Artisanal|Interior Design|Educational Workshops|Flexible Spaces|Natural Materials,25.4921213,29.0183512,P Workshop,,,,2024.0,0.0,1.0
p_workshop_with_three_courtyards_opposite_1034403_exteriors_p_workshop_with_three_courtyards_opposite_1034403,Workshop With Three Courtyards Opposite 1034403 Exteriors P Workshop With Three Courtyards Opposite,unknown,unknown,unknown,unknown,unknown,"['i_p_workshop_with_three_courtyards_opposite_1034403_exteriors_p_workshop_with_three_courtyards_opposite_1034403_p_workshop_with_three_courtyards_opposite_1034403_exteriors_p_workshop_with_three_courtyards_opposite_1034403_exterior_1', 'i_p_workshop_with_three_courtyards_opposite_1034403_exteriors_p_workshop_with_three_courtyards_opposite_1034403_p_workshop_with_three_courtyards_opposite_1034403_exteriors_p_workshop_with_three_courtyards_opposite_1034403_exterior_2', 'i_p_workshop_with_three_courtyards_opposite_1034403_exteriors_p_workshop_with_three_courtyards_opposite_1034403_p_workshop_with_three_courtyards_opposite_1034403_exteriors_p_workshop_with_three_courtyards_opposite_1034403_exterior_3', 'i_p_workshop_with_three_courtyards_opposite_1034403_exteriors_p_workshop_with_three_courtyards_opposite_1034403_p_workshop_with_three_courtyards_opposite_1034403_exteriors_p_workshop_with_three_courtyards_opposite_1034403_exterior_4', 'i_p_workshop_with_three_courtyards_opposite_1034403_exteriors_p_workshop_with_three_courtyards_opposite_1034403_p_workshop_with_three_courtyards_opposite_1034403_exteriors_p_workshop_with_three_courtyards_opposite_1034403_exterior_5']",[],Workshop|Courtyard|Creative Space|Reinforced Concrete|Sustainable Design|Natural Ventilation|Modern Architecture|South-Facing|Green Roof|Polished Concrete|Collaborative Workspaces|Large Windows|Passive Design|Rainwater Harvesting|Horizontal Shading|Community-Focused|Multi-Functional|Outdoor Spaces|Fabrication|Learning Environment|Modernist|Arid Climate|Adaptive Reuse|Environmental Integration|Spatial Openness|Artisanal|Interior Design|Educational Workshops|Flexible Spaces|Natural Materials,25.4921213,29.0183512,P Workshop,,,,2024.0,0.0,1.0
p_workshop_with_three_courtyards_opposite_1034403_interiors_p_workshop_with_three_courtyards_opposite_1034403,Workshop With Three Courtyards Opposite 1034403 Interiors P Workshop With Three Courtyards Opposite,unknown,unknown,unknown,unknown,unknown,"['i_p_workshop_with_three_courtyards_opposite_1034403_interiors_p_workshop_with_three_courtyards_opposite_1034403_p_workshop_with_three_courtyards_opposite_1034403_interiors_p_workshop_with_three_courtyards_opposite_1034403_interior_1', 'i_p_workshop_with_three_courtyards_opposite_1034403_interiors_p_workshop_with_three_courtyards_opposite_1034403_p_workshop_with_three_courtyards_opposite_1034403_interiors_p_workshop_with_three_courtyards_opposite_1034403_interior_2', 'i_p_workshop_with_three_courtyards_opposite_1034403_interiors_p_workshop_with_three_courtyards_opposite_1034403_p_workshop_with_three_courtyards_opposite_1034403_interiors_p_workshop_with_three_courtyards_opposite_1034403_interior_3', 'i_p_workshop_with_three_courtyards_opposite_1034403_interiors_p_workshop_with_three_courtyards_opposite_1034403_p_workshop_with_three_courtyards_opposite_1034403_interiors_p_workshop_with_three_courtyards_opposite_1034403_interior_4']",[],Workshop|Courtyard|Creative Space|Reinforced Concrete|Sustainable Design|Natural Ventilation|Modern Architecture|South-Facing|Green Roof|Polished Concrete|Collaborative Workspaces|Large Windows|Passive Design|Rainwater Harvesting|Horizontal Shading|Community-Focused|Multi-Functional|Outdoor Spaces|Fabrication|Learning Environment|Modernist|Arid Climate|Adaptive Reuse|Environmental Integration|Spatial Openness|Artisanal|Interior Design|Educational Workshops|Flexible Spaces|Natural Materials,25.4921213,29.0183512,P Workshop,,,,2024.0,0.0,1.0
p_x_museum_studio_nor_1024371_diagrams_p_x_museum_studio_nor_1024371,X Museum Studio Nor 1024371 Diagrams P X Museum Studio Nor,unknown,unknown,unknown,unknown,unknown,"['i_p_x_museum_studio_nor_1024371_diagrams_p_x_museum_studio_nor_1024371_p_x_museum_studio_nor_1024371_diagrams_p_x_museum_studio_nor_1024371_diagram_1', 'i_p_x_museum_studio_nor_1024371_diagrams_p_x_museum_studio_nor_1024371_p_x_museum_studio_nor_1024371_diagrams_p_x_museum_studio_nor_1024371_diagram_2', 'i_p_x_museum_studio_nor_1024371_diagrams_p_x_museum_studio_nor_1024371_p_x_museum_studio_nor_1024371_diagrams_p_x_museum_studio_nor_1024371_diagram_3']",[],Glass|Steel|Modernist|Fragmented|Central Atrium|Natural Ventilation|Low-Energy Lighting|Urban Context|Exhibition Space|Green Roof|Solar Panels|Daylighting|Rainwater Harvesting|Cultural|China|2024|Contemporary|Museum Design|Art Gallery|Natural Cooling|Open Plan|Sustainable Design|High-Performance Glazing|Translucent Facade|Visitor Engagement|Exterior Shading|Community Space|Public Art|Interactive Zones|Flexible Layout|Urban Integration,39.904211,116.407395,Nor,Beijing,,,2024.0,0.0,3.0
p_x_museum_studio_nor_1024371_exteriors_p_x_museum_studio_nor_1024371,X Museum Studio Nor 1024371 Exteriors P X Museum Studio Nor,unknown,unknown,unknown,unknown,unknown,"['i_p_x_museum_studio_nor_1024371_exteriors_p_x_museum_studio_nor_1024371_p_x_museum_studio_nor_1024371_exteriors_p_x_museum_studio_nor_1024371_exterior_1', 'i_p_x_museum_studio_nor_1024371_exteriors_p_x_museum_studio_nor_1024371_p_x_museum_studio_nor_1024371_exteriors_p_x_museum_studio_nor_1024371_exterior_2', 'i_p_x_museum_studio_nor_1024371_exteriors_p_x_museum_studio_nor_1024371_p_x_museum_studio_nor_1024371_exteriors_p_x_museum_studio_nor_1024371_exterior_3']",[],Glass|Steel|Modernist|Fragmented|Central Atrium|Natural Ventilation|Low-Energy Lighting|Urban Context|Exhibition Space|Green Roof|Solar Panels|Daylighting|Rainwater Harvesting|Cultural|China|2024|Contemporary|Museum Design|Art Gallery|Natural Cooling|Open Plan|Sustainable Design|High-Performance Glazing|Translucent Facade|Visitor Engagement|Exterior Shading|Community Space|Public Art|Interactive Zones|Flexible Layout|Urban Integration,39.904211,116.407395,Nor,Beijing,,,2024.0,0.0,3.0
p_x_museum_studio_nor_1024371_interiors_p_x_museum_studio_nor_1024371,X Museum Studio Nor 1024371 Interiors P X Museum Studio Nor,unknown,unknown,unknown,unknown,unknown,"['i_p_x_museum_studio_nor_1024371_interiors_p_x_museum_studio_nor_1024371_p_x_museum_studio_nor_1024371_interiors_p_x_museum_studio_nor_1024371_interior_1', 'i_p_x_museum_studio_nor_1024371_interiors_p_x_museum_studio_nor_1024371_p_x_museum_studio_nor_1024371_interiors_p_x_museum_studio_nor_1024371_interior_2', 'i_p_x_museum_studio_nor_1024371_interiors_p_x_museum_studio_nor_1024371_p_x_museum_studio_nor_1024371_interiors_p_x_museum_studio_nor_1024371_interior_3', 'i_p_x_museum_studio_nor_1024371_interiors_p_x_museum_studio_nor_1024371_p_x_museum_studio_nor_1024371_interiors_p_x_museum_studio_nor_1024371_interior_4']",[],Glass|Steel|Modernist|Fragmented|Central Atrium|Natural Ventilation|Low-Energy Lighting|Urban Context|Exhibition Space|Green Roof|Solar Panels|Daylighting|Rainwater Harvesting|Cultural|China|2024|Contemporary|Museum Design|Art Gallery|Natural Cooling|Open Plan|Sustainable Design|High-Performance Glazing|Translucent Facade|Visitor Engagement|Exterior Shading|Community Space|Public Art|Interactive Zones|Flexible Layout|Urban Integration,39.904211,116.407395,Nor,Beijing,,,2024.0,0.0,3.0
p_xiao_feng_art_museum_zao_zhang_ke_archit_1035415_diagrams_p_xiao_feng_art_museum_zao_zhang_ke_archit_1035415,Xiao Feng Art Museum Zao Zhang Ke Archit 1035415 Diagrams P Xiao Feng Art Museum Zao Zhang Ke Archit,unknown,unknown,unknown,unknown,unknown,"['i_p_xiao_feng_art_museum_zao_zhang_ke_archit_1035415_diagrams_p_xiao_feng_art_museum_zao_zhang_ke_archit_1035415_p_xiao_feng_art_museum_zao_zhang_ke_archit_1035415_diagrams_p_xiao_feng_art_museum_zao_zhang_ke_archit_1035415_diagram_1', 'i_p_xiao_feng_art_museum_zao_zhang_ke_archit_1035415_diagrams_p_xiao_feng_art_museum_zao_zhang_ke_archit_1035415_p_xiao_feng_art_museum_zao_zhang_ke_archit_1035415_diagrams_p_xiao_feng_art_museum_zao_zhang_ke_archit_1035415_diagram_2', 'i_p_xiao_feng_art_museum_zao_zhang_ke_archit_1035415_diagrams_p_xiao_feng_art_museum_zao_zhang_ke_archit_1035415_p_xiao_feng_art_museum_zao_zhang_ke_archit_1035415_diagrams_p_xiao_feng_art_museum_zao_zhang_ke_archit_1035415_diagram_3']",[],Museum|Concrete|Glass|Fragmented|Sustainable|Natural Ventilation|Daylighting|Art Galleries|Community Space|Educational Facilities|Green Roof|South Facing|Urban|High-Performance Glazing|Light Gray Facade|Ramps|Landscaped Gardens|Open Plan|Cultural Institution|Hangzhou|Zhejiang|China|Modern Architecture|Passive Design|Multi-Level|Public Space|Integration With Nature|Art Integration|Interaction Design|Experience|Architectural Innovation,30.2741499,120.15515,Zao Zhang,Hangzhou,,,2024.0,1500.0,2.0
p_xiao_feng_art_museum_zao_zhang_ke_archit_1035415_exteriors_p_xiao_feng_art_museum_zao_zhang_ke_archit_1035415,Xiao Feng Art Museum Zao Zhang Ke Archit 1035415 Exteriors P Xiao Feng Art Museum Zao Zhang Ke Archit,unknown,unknown,unknown,unknown,unknown,"['i_p_xiao_feng_art_museum_zao_zhang_ke_archit_1035415_exteriors_p_xiao_feng_art_museum_zao_zhang_ke_archit_1035415_p_xiao_feng_art_museum_zao_zhang_ke_archit_1035415_exteriors_p_xiao_feng_art_museum_zao_zhang_ke_archit_1035415_exterior_1', 'i_p_xiao_feng_art_museum_zao_zhang_ke_archit_1035415_exteriors_p_xiao_feng_art_museum_zao_zhang_ke_archit_1035415_p_xiao_feng_art_museum_zao_zhang_ke_archit_1035415_exteriors_p_xiao_feng_art_museum_zao_zhang_ke_archit_1035415_exterior_2', 'i_p_xiao_feng_art_museum_zao_zhang_ke_archit_1035415_exteriors_p_xiao_feng_art_museum_zao_zhang_ke_archit_1035415_p_xiao_feng_art_museum_zao_zhang_ke_archit_1035415_exteriors_p_xiao_feng_art_museum_zao_zhang_ke_archit_1035415_exterior_3']",[],Museum|Concrete|Glass|Fragmented|Sustainable|Natural Ventilation|Daylighting|Art Galleries|Community Space|Educational Facilities|Green Roof|South Facing|Urban|High-Performance Glazing|Light Gray Facade|Ramps|Landscaped Gardens|Open Plan|Cultural Institution|Hangzhou|Zhejiang|China|Modern Architecture|Passive Design|Multi-Level|Public Space|Integration With Nature|Art Integration|Interaction Design|Experience|Architectural Innovation,30.2741499,120.15515,Zao Zhang,Hangzhou,,,2024.0,1500.0,2.0
p_xiao_feng_art_museum_zao_zhang_ke_archit_1035415_interiors_p_xiao_feng_art_museum_zao_zhang_ke_archit_1035415,Xiao Feng Art Museum Zao Zhang Ke Archit 1035415 Interiors P Xiao Feng Art Museum Zao Zhang Ke Archit,unknown,unknown,unknown,unknown,unknown,"['i_p_xiao_feng_art_museum_zao_zhang_ke_archit_1035415_interiors_p_xiao_feng_art_museum_zao_zhang_ke_archit_1035415_p_xiao_feng_art_museum_zao_zhang_ke_archit_1035415_interiors_p_xiao_feng_art_museum_zao_zhang_ke_archit_1035415_interior_1', 'i_p_xiao_feng_art_museum_zao_zhang_ke_archit_1035415_interiors_p_xiao_feng_art_museum_zao_zhang_ke_archit_1035415_p_xiao_feng_art_museum_zao_zhang_ke_archit_1035415_interiors_p_xiao_feng_art_museum_zao_zhang_ke_archit_1035415_interior_2', 'i_p_xiao_feng_art_museum_zao_zhang_ke_archit_1035415_interiors_p_xiao_feng_art_museum_zao_zhang_ke_archit_1035415_p_xiao_feng_art_museum_zao_zhang_ke_archit_1035415_interiors_p_xiao_feng_art_museum_zao_zhang_ke_archit_1035415_interior_3']",[],Museum|Concrete|Glass|Fragmented|Sustainable|Natural Ventilation|Daylighting|Art Galleries|Community Space|Educational Facilities|Green Roof|South Facing|Urban|High-Performance Glazing|Light Gray Facade|Ramps|Landscaped Gardens|Open Plan|Cultural Institution|Hangzhou|Zhejiang|China|Modern Architecture|Passive Design|Multi-Level|Public Space|Integration With Nature|Art Integration|Interaction Design|Experience|Architectural Innovation,30.2741499,120.15515,Zao Zhang,Hangzhou,,,2024.0,1500.0,2.0
p_yellow_river_national_museum_building_an_1031402_diagrams_p_yellow_river_national_museum_building_an_1031402,Yellow River National Museum Building An 1031402 Diagrams P Yellow River National Museum Building An,unknown,unknown,unknown,unknown,unknown,['i_p_yellow_river_national_museum_building_an_1031402_diagrams_p_yellow_river_national_museum_building_an_1031402_p_yellow_river_national_museum_building_an_1031402_diagrams_p_yellow_river_national_museum_building_an_1031402_diagram_1'],[],Museum|Cultural Building|Concrete|Glass|Urban|Educational Spaces|Natural Lighting|Sustainability|Natural Ventilation|Thermal Mass|Exhibition|Henan|Zhengzhou|Architectural Design|Green Architecture|Climate-Responsive|Art Galleries|Landscaping|Riverfront|Central Atrium|Public Space|High-Performance Glass|Steel|Open Plan|Engaging Spatial Qualities|Contemporary|Modernist|Fragmented Massing|Community Integration|Cultural Heritage,34.7472499,113.62493,N/A,Zhengzhou,,,2024.0,0.0,3.0
p_yellow_river_national_museum_building_an_1031402_exteriors_p_yellow_river_national_museum_building_an_1031402,Yellow River National Museum Building An 1031402 Exteriors P Yellow River National Museum Building An,unknown,unknown,unknown,unknown,unknown,"['i_p_yellow_river_national_museum_building_an_1031402_exteriors_p_yellow_river_national_museum_building_an_1031402_p_yellow_river_national_museum_building_an_1031402_exteriors_p_yellow_river_national_museum_building_an_1031402_exterior_1', 'i_p_yellow_river_national_museum_building_an_1031402_exteriors_p_yellow_river_national_museum_building_an_1031402_p_yellow_river_national_museum_building_an_1031402_exteriors_p_yellow_river_national_museum_building_an_1031402_exterior_2', 'i_p_yellow_river_national_museum_building_an_1031402_exteriors_p_yellow_river_national_museum_building_an_1031402_p_yellow_river_national_museum_building_an_1031402_exteriors_p_yellow_river_national_museum_building_an_1031402_exterior_3', 'i_p_yellow_river_national_museum_building_an_1031402_exteriors_p_yellow_river_national_museum_building_an_1031402_p_yellow_river_national_museum_building_an_1031402_exteriors_p_yellow_river_national_museum_building_an_1031402_exterior_4', 'i_p_yellow_river_national_museum_building_an_1031402_exteriors_p_yellow_river_national_museum_building_an_1031402_p_yellow_river_national_museum_building_an_1031402_exteriors_p_yellow_river_national_museum_building_an_1031402_exterior_5']",[],Museum|Cultural Building|Concrete|Glass|Urban|Educational Spaces|Natural Lighting|Sustainability|Natural Ventilation|Thermal Mass|Exhibition|Henan|Zhengzhou|Architectural Design|Green Architecture|Climate-Responsive|Art Galleries|Landscaping|Riverfront|Central Atrium|Public Space|High-Performance Glass|Steel|Open Plan|Engaging Spatial Qualities|Contemporary|Modernist|Fragmented Massing|Community Integration|Cultural Heritage,34.7472499,113.62493,N/A,Zhengzhou,,,2024.0,0.0,3.0
p_yellow_river_national_museum_building_an_1031402_interiors_p_yellow_river_national_museum_building_an_1031402,Yellow River National Museum Building An 1031402 Interiors P Yellow River National Museum Building An,unknown,unknown,unknown,unknown,unknown,"['i_p_yellow_river_national_museum_building_an_1031402_interiors_p_yellow_river_national_museum_building_an_1031402_p_yellow_river_national_museum_building_an_1031402_interiors_p_yellow_river_national_museum_building_an_1031402_interior_1', 'i_p_yellow_river_national_museum_building_an_1031402_interiors_p_yellow_river_national_museum_building_an_1031402_p_yellow_river_national_museum_building_an_1031402_interiors_p_yellow_river_national_museum_building_an_1031402_interior_2']",[],Museum|Cultural Building|Concrete|Glass|Urban|Educational Spaces|Natural Lighting|Sustainability|Natural Ventilation|Thermal Mass|Exhibition|Henan|Zhengzhou|Architectural Design|Green Architecture|Climate-Responsive|Art Galleries|Landscaping|Riverfront|Central Atrium|Public Space|High-Performance Glass|Steel|Open Plan|Engaging Spatial Qualities|Contemporary|Modernist|Fragmented Massing|Community Integration|Cultural Heritage,34.7472499,113.62493,N/A,Zhengzhou,,,2024.0,0.0,3.0
p_yohoo_museum_aedas_1024957_exteriors_p_yohoo_museum_aedas_1024957,Yohoo Museum Aedas 1024957 Exteriors P Yohoo Museum Aedas,unknown,unknown,unknown,unknown,unknown,"['i_p_yohoo_museum_aedas_1024957_exteriors_p_yohoo_museum_aedas_1024957_p_yohoo_museum_aedas_1024957_exteriors_p_yohoo_museum_aedas_1024957_exterior_1', 'i_p_yohoo_museum_aedas_1024957_exteriors_p_yohoo_museum_aedas_1024957_p_yohoo_museum_aedas_1024957_exteriors_p_yohoo_museum_aedas_1024957_exterior_2', 'i_p_yohoo_museum_aedas_1024957_exteriors_p_yohoo_museum_aedas_1024957_p_yohoo_museum_aedas_1024957_exteriors_p_yohoo_museum_aedas_1024957_exterior_3', 'i_p_yohoo_museum_aedas_1024957_exteriors_p_yohoo_museum_aedas_1024957_p_yohoo_museum_aedas_1024957_exteriors_p_yohoo_museum_aedas_1024957_exterior_4', 'i_p_yohoo_museum_aedas_1024957_exteriors_p_yohoo_museum_aedas_1024957_p_yohoo_museum_aedas_1024957_exteriors_p_yohoo_museum_aedas_1024957_exterior_5']",[],Museum|Cultural|Aedas|Glass|Steel|Sustainable Design|Natural Lighting|Green Roof|Urban Architecture|Art Exhibitions|Interactive Spaces|Reinforced Concrete|Fragmented Massing|Daylighting|Rainwater Harvesting|Landscape Integration|Natural Ventilation|Urban Context|Contemporary Design|Community Engagement|Hangzhou|China|Modern Architecture|Environmentally Friendly|Energy Efficiency|Architectural Innovation|Public Space|Design Excellence|Space Organization|High Glazing Ratio,30.2741499,120.15515,Aedas,Hangzhou,,,2024.0,0.0,3.0
p_yohoo_museum_aedas_1024957_interiors_p_yohoo_museum_aedas_1024957,Yohoo Museum Aedas 1024957 Interiors P Yohoo Museum Aedas,unknown,unknown,unknown,unknown,unknown,"['i_p_yohoo_museum_aedas_1024957_interiors_p_yohoo_museum_aedas_1024957_p_yohoo_museum_aedas_1024957_interiors_p_yohoo_museum_aedas_1024957_interior_1', 'i_p_yohoo_museum_aedas_1024957_interiors_p_yohoo_museum_aedas_1024957_p_yohoo_museum_aedas_1024957_interiors_p_yohoo_museum_aedas_1024957_interior_2']",[],Museum|Cultural|Aedas|Glass|Steel|Sustainable Design|Natural Lighting|Green Roof|Urban Architecture|Art Exhibitions|Interactive Spaces|Reinforced Concrete|Fragmented Massing|Daylighting|Rainwater Harvesting|Landscape Integration|Natural Ventilation|Urban Context|Contemporary Design|Community Engagement|Hangzhou|China|Modern Architecture|Environmentally Friendly|Energy Efficiency|Architectural Innovation|Public Space|Design Excellence|Space Organization|High Glazing Ratio,30.2741499,120.15515,Aedas,Hangzhou,,,2024.0,0.0,3.0
p_yue_yue_art_museum_equestrian_hall_cu_of_1030592_diagrams_p_yue_yue_art_museum_equestrian_hall_cu_of_1030592,Yue Yue Art Museum Equestrian Hall Cu Of 1030592 Diagrams P Yue Yue Art Museum Equestrian Hall Cu Of,unknown,unknown,unknown,unknown,unknown,"['i_p_yue_yue_art_museum_equestrian_hall_cu_of_1030592_diagrams_p_yue_yue_art_museum_equestrian_hall_cu_of_1030592_p_yue_yue_art_museum_equestrian_hall_cu_of_1030592_diagrams_p_yue_yue_art_museum_equestrian_hall_cu_of_1030592_diagram_1', 'i_p_yue_yue_art_museum_equestrian_hall_cu_of_1030592_diagrams_p_yue_yue_art_museum_equestrian_hall_cu_of_1030592_p_yue_yue_art_museum_equestrian_hall_cu_of_1030592_diagrams_p_yue_yue_art_museum_equestrian_hall_cu_of_1030592_diagram_2', 'i_p_yue_yue_art_museum_equestrian_hall_cu_of_1030592_diagrams_p_yue_yue_art_museum_equestrian_hall_cu_of_1030592_p_yue_yue_art_museum_equestrian_hall_cu_of_1030592_diagrams_p_yue_yue_art_museum_equestrian_hall_cu_of_1030592_diagram_3']",[],Museum|Art|Equestrian|Pavilion|Modern Architecture|Sustainability|Glass|Concrete|Open Plan|Public Space|Natural Ventilation|Daylighting|Landscape Integration|Exhibition Space|Community Engagement|Adaptive Reuse|Cfa Climate|Shading Devices|Rainwater Harvesting|Polished Concrete|Wood|Urban|Cultural|Interior Design|Exterior Design|Modular|Flexible Spaces|Minimalist|Natural Materials|Environmentally Friendly|Art Installation|Public Amenity|Interaction Spaces,37.4635299,121.44801,Unknown,Unknown,,,2024.0,0.0,1.0
p_yue_yue_art_museum_equestrian_hall_cu_of_1030592_exteriors_p_yue_yue_art_museum_equestrian_hall_cu_of_1030592,Yue Yue Art Museum Equestrian Hall Cu Of 1030592 Exteriors P Yue Yue Art Museum Equestrian Hall Cu Of,unknown,unknown,unknown,unknown,unknown,"['i_p_yue_yue_art_museum_equestrian_hall_cu_of_1030592_exteriors_p_yue_yue_art_museum_equestrian_hall_cu_of_1030592_p_yue_yue_art_museum_equestrian_hall_cu_of_1030592_exteriors_p_yue_yue_art_museum_equestrian_hall_cu_of_1030592_exterior_1', 'i_p_yue_yue_art_museum_equestrian_hall_cu_of_1030592_exteriors_p_yue_yue_art_museum_equestrian_hall_cu_of_1030592_p_yue_yue_art_museum_equestrian_hall_cu_of_1030592_exteriors_p_yue_yue_art_museum_equestrian_hall_cu_of_1030592_exterior_2', 'i_p_yue_yue_art_museum_equestrian_hall_cu_of_1030592_exteriors_p_yue_yue_art_museum_equestrian_hall_cu_of_1030592_p_yue_yue_art_museum_equestrian_hall_cu_of_1030592_exteriors_p_yue_yue_art_museum_equestrian_hall_cu_of_1030592_exterior_3', 'i_p_yue_yue_art_museum_equestrian_hall_cu_of_1030592_exteriors_p_yue_yue_art_museum_equestrian_hall_cu_of_1030592_p_yue_yue_art_museum_equestrian_hall_cu_of_1030592_exteriors_p_yue_yue_art_museum_equestrian_hall_cu_of_1030592_exterior_4', 'i_p_yue_yue_art_museum_equestrian_hall_cu_of_1030592_exteriors_p_yue_yue_art_museum_equestrian_hall_cu_of_1030592_p_yue_yue_art_museum_equestrian_hall_cu_of_1030592_exteriors_p_yue_yue_art_museum_equestrian_hall_cu_of_1030592_exterior_5']",[],Museum|Art|Equestrian|Pavilion|Modern Architecture|Sustainability|Glass|Concrete|Open Plan|Public Space|Natural Ventilation|Daylighting|Landscape Integration|Exhibition Space|Community Engagement|Adaptive Reuse|Cfa Climate|Shading Devices|Rainwater Harvesting|Polished Concrete|Wood|Urban|Cultural|Interior Design|Exterior Design|Modular|Flexible Spaces|Minimalist|Natural Materials|Environmentally Friendly|Art Installation|Public Amenity|Interaction Spaces,37.4635299,121.44801,Unknown,Unknown,,,2024.0,0.0,1.0
p_yue_yue_art_museum_equestrian_hall_cu_of_1030592_interiors_p_yue_yue_art_museum_equestrian_hall_cu_of_1030592,Yue Yue Art Museum Equestrian Hall Cu Of 1030592 Interiors P Yue Yue Art Museum Equestrian Hall Cu Of,unknown,unknown,unknown,unknown,unknown,"['i_p_yue_yue_art_museum_equestrian_hall_cu_of_1030592_interiors_p_yue_yue_art_museum_equestrian_hall_cu_of_1030592_p_yue_yue_art_museum_equestrian_hall_cu_of_1030592_interiors_p_yue_yue_art_museum_equestrian_hall_cu_of_1030592_interior_1', 'i_p_yue_yue_art_museum_equestrian_hall_cu_of_1030592_interiors_p_yue_yue_art_museum_equestrian_hall_cu_of_1030592_p_yue_yue_art_museum_equestrian_hall_cu_of_1030592_interiors_p_yue_yue_art_museum_equestrian_hall_cu_of_1030592_interior_2']",[],Museum|Art|Equestrian|Pavilion|Modern Architecture|Sustainability|Glass|Concrete|Open Plan|Public Space|Natural Ventilation|Daylighting|Landscape Integration|Exhibition Space|Community Engagement|Adaptive Reuse|Cfa Climate|Shading Devices|Rainwater Harvesting|Polished Concrete|Wood|Urban|Cultural|Interior Design|Exterior Design|Modular|Flexible Spaces|Minimalist|Natural Materials|Environmentally Friendly|Art Installation|Public Amenity|Interaction Spaces,37.4635299,121.44801,Unknown,Unknown,,,2024.0,0.0,1.0
p_yuyarina_pacha_community_library_al_bord_1025453_diagrams_p_yuyarina_pacha_community_library_al_bord_1025453,Yuyarina Pacha Community Library Al Bord 1025453 Diagrams P Yuyarina Pacha Community Library Al Bord,unknown,unknown,unknown,unknown,unknown,"['i_p_yuyarina_pacha_community_library_al_bord_1025453_diagrams_p_yuyarina_pacha_community_library_al_bord_1025453_p_yuyarina_pacha_community_library_al_bord_1025453_diagrams_p_yuyarina_pacha_community_library_al_bord_1025453_diagram_1', 'i_p_yuyarina_pacha_community_library_al_bord_1025453_diagrams_p_yuyarina_pacha_community_library_al_bord_1025453_p_yuyarina_pacha_community_library_al_bord_1025453_diagrams_p_yuyarina_pacha_community_library_al_bord_1025453_diagram_2', 'i_p_yuyarina_pacha_community_library_al_bord_1025453_diagrams_p_yuyarina_pacha_community_library_al_bord_1025453_p_yuyarina_pacha_community_library_al_bord_1025453_diagrams_p_yuyarina_pacha_community_library_al_bord_1025453_diagram_3']",[],Library|Community|Sustainability|Natural Materials|Wood|Glass|Tropical Climate|Linear Design|Cross Ventilation|Open Plan|Reading Room|Natural Light|Local Materials|Education|Cultural Space|Institutional|Passive Design|Environmentally Friendly|Thermally Efficient|Concrete|Rural Context|Integrated Landscaping|Climate Responsive|Community Engagement|User-Friendly|Public Space|Multi-Purpose|Educational Facilities|Gathering Space|Environmental Design|Local Culture,-0.7539729,-77.4931403,P,Al Bord,,,2024.0,0.0,1.0
p_yuyarina_pacha_community_library_al_bord_1025453_exteriors_p_yuyarina_pacha_community_library_al_bord_1025453,Yuyarina Pacha Community Library Al Bord 1025453 Exteriors P Yuyarina Pacha Community Library Al Bord,unknown,unknown,unknown,unknown,unknown,"['i_p_yuyarina_pacha_community_library_al_bord_1025453_exteriors_p_yuyarina_pacha_community_library_al_bord_1025453_p_yuyarina_pacha_community_library_al_bord_1025453_exteriors_p_yuyarina_pacha_community_library_al_bord_1025453_exterior_1', 'i_p_yuyarina_pacha_community_library_al_bord_1025453_exteriors_p_yuyarina_pacha_community_library_al_bord_1025453_p_yuyarina_pacha_community_library_al_bord_1025453_exteriors_p_yuyarina_pacha_community_library_al_bord_1025453_exterior_2', 'i_p_yuyarina_pacha_community_library_al_bord_1025453_exteriors_p_yuyarina_pacha_community_library_al_bord_1025453_p_yuyarina_pacha_community_library_al_bord_1025453_exteriors_p_yuyarina_pacha_community_library_al_bord_1025453_exterior_3', 'i_p_yuyarina_pacha_community_library_al_bord_1025453_exteriors_p_yuyarina_pacha_community_library_al_bord_1025453_p_yuyarina_pacha_community_library_al_bord_1025453_exteriors_p_yuyarina_pacha_community_library_al_bord_1025453_exterior_4']",[],Library|Community|Sustainability|Natural Materials|Wood|Glass|Tropical Climate|Linear Design|Cross Ventilation|Open Plan|Reading Room|Natural Light|Local Materials|Education|Cultural Space|Institutional|Passive Design|Environmentally Friendly|Thermally Efficient|Concrete|Rural Context|Integrated Landscaping|Climate Responsive|Community Engagement|User-Friendly|Public Space|Multi-Purpose|Educational Facilities|Gathering Space|Environmental Design|Local Culture,-0.7539729,-77.4931403,P,Al Bord,,,2024.0,0.0,1.0
p_yuyarina_pacha_community_library_al_bord_1025453_interiors_p_yuyarina_pacha_community_library_al_bord_1025453,Yuyarina Pacha Community Library Al Bord 1025453 Interiors P Yuyarina Pacha Community Library Al Bord,unknown,unknown,unknown,unknown,unknown,"['i_p_yuyarina_pacha_community_library_al_bord_1025453_interiors_p_yuyarina_pacha_community_library_al_bord_1025453_p_yuyarina_pacha_community_library_al_bord_1025453_interiors_p_yuyarina_pacha_community_library_al_bord_1025453_interior_1', 'i_p_yuyarina_pacha_community_library_al_bord_1025453_interiors_p_yuyarina_pacha_community_library_al_bord_1025453_p_yuyarina_pacha_community_library_al_bord_1025453_interiors_p_yuyarina_pacha_community_library_al_bord_1025453_interior_2', 'i_p_yuyarina_pacha_community_library_al_bord_1025453_interiors_p_yuyarina_pacha_community_library_al_bord_1025453_p_yuyarina_pacha_community_library_al_bord_1025453_interiors_p_yuyarina_pacha_community_library_al_bord_1025453_interior_3', 'i_p_yuyarina_pacha_community_library_al_bord_1025453_interiors_p_yuyarina_pacha_community_library_al_bord_1025453_p_yuyarina_pacha_community_library_al_bord_1025453_interiors_p_yuyarina_pacha_community_library_al_bord_1025453_interior_4', 'i_p_yuyarina_pacha_community_library_al_bord_1025453_interiors_p_yuyarina_pacha_community_library_al_bord_1025453_p_yuyarina_pacha_community_library_al_bord_1025453_interiors_p_yuyarina_pacha_community_library_al_bord_1025453_interior_5']",[],Library|Community|Sustainability|Natural Materials|Wood|Glass|Tropical Climate|Linear Design|Cross Ventilation|Open Plan|Reading Room|Natural Light|Local Materials|Education|Cultural Space|Institutional|Passive Design|Environmentally Friendly|Thermally Efficient|Concrete|Rural Context|Integrated Landscaping|Climate Responsive|Community Engagement|User-Friendly|Public Space|Multi-Purpose|Educational Facilities|Gathering Space|Environmental Design|Local Culture,-0.7539729,-77.4931403,P,Al Bord,,,2024.0,0.0,1.0
